time,open,high,low,close,volume
04-08-2026 00:00,63777.30,63857.90,63737.40,63776.20,894
04-08-2026 00:15,63776.20,63848.10,63688.50,63796.30,1002
04-08-2026 00:30,63796.30,63864.20,63767.50,63851.00,987
04-08-2026 00:45,63851.00,63943.50,63851.00,63901.50,980
04-08-2026 01:00,63904.30,64015.40,63795.80,63881.90,1277
04-08-2026 01:15,63881.90,63910.50,63790.00,63795.70,782
04-08-2026 01:30,63801.10,63884.50,63743.20,63827.50,943
04-08-2026 01:45,63827.50,63963.20,63822.00,63887.20,894
04-08-2026 02:00,63887.20,63887.20,63838.20,63856.00,370
04-08-2026 02:15,63856.00,63856.10,63697.00,63720.00,678
04-08-2026 02:30,63720.00,63722.00,63644.20,63647.20,860
04-08-2026 02:45,63647.20,63713.90,63616.30,63654.70,949
04-08-2026 03:00,63654.90,63663.50,63591.30,63612.00,1078
04-08-2026 03:15,63610.10,63610.10,63484.70,63528.70,994
04-08-2026 03:30,63515.10,63539.10,63321.60,63425.40,1122
04-08-2026 03:45,63425.90,63606.00,63424.40,63457.60,1041
04-08-2026 04:00,63457.60,63491.40,63419.90,63437.10,921
04-08-2026 04:15,63437.10,63565.60,63436.40,63540.60,743
04-08-2026 04:30,63540.60,63540.60,63455.10,63468.40,830
04-08-2026 04:45,63468.40,63550.70,63461.70,63503.80,778
04-08-2026 05:00,63503.80,63503.80,63389.10,63430.70,544
04-08-2026 05:15,63430.70,63454.10,63407.70,63454.10,755
04-08-2026 05:30,63454.10,63512.80,63394.60,63399.70,1200
04-08-2026 05:45,63399.70,63426.00,63318.30,63378.30,1187
04-08-2026 06:00,63378.30,63378.30,63264.10,63319.80,1196
04-08-2026 06:15,63319.60,63402.10,63250.30,63285.50,1185
04-08-2026 06:30,63290.20,63418.40,63283.40,63393.80,1453
04-08-2026 06:45,63394.10,63504.50,63338.60,63452.20,1380
04-08-2026 07:00,63452.60,63846.80,63448.90,63738.30,1629
04-08-2026 07:15,63739.20,63807.20,63663.50,63769.60,1334
04-08-2026 07:30,63769.60,63797.30,63679.80,63685.50,977
04-08-2026 07:45,63685.50,63731.40,63608.10,63615.70,847
04-08-2026 08:00,63615.70,63890.60,63605.70,63819.90,1003
04-08-2026 08:15,63819.90,63851.40,63726.40,63746.60,770
04-08-2026 08:30,63746.60,63763.90,63610.30,63610.30,711
04-08-2026 08:45,63610.80,63717.30,63573.30,63704.70,901
04-08-2026 09:00,63704.80,63788.40,63704.80,63759.90,770
04-08-2026 09:15,63759.90,63765.10,63718.60,63719.90,762
04-08-2026 09:30,63719.90,63759.30,63683.00,63733.00,627
04-08-2026 09:45,63733.00,63808.40,63723.50,63761.80,653
04-08-2026 10:00,63761.80,63985.60,63761.80,63985.40,839
04-08-2026 10:15,63985.40,64167.60,63959.80,63961.80,1171
04-08-2026 10:30,63961.90,63987.50,63768.10,63771.30,948
04-08-2026 10:45,63771.30,63823.60,63737.60,63749.20,673
04-08-2026 11:00,63749.20,63790.20,63739.30,63789.20,630
04-08-2026 11:15,63789.20,63789.50,63724.70,63748.40,578
04-08-2026 11:30,63748.40,63776.20,63704.70,63730.30,530
04-08-2026 11:45,63730.30,63792.40,63684.40,63689.60,604
04-08-2026 12:00,63689.60,63703.70,63617.00,63630.40,600
04-08-2026 12:15,63630.40,63632.40,63582.20,63595.30,618
04-08-2026 12:30,63596.60,63597.80,63510.30,63516.10,463
04-08-2026 12:45,63516.10,63566.00,63424.60,63562.60,661
04-08-2026 13:00,63562.60,63679.40,63554.50,63581.90,860
04-08-2026 13:15,63581.90,63676.10,63581.90,63605.80,691
04-08-2026 13:30,63605.80,63671.50,63551.60,63568.40,730
04-08-2026 13:45,63568.40,63587.50,63507.50,63548.10,607
04-08-2026 14:00,63548.10,63548.10,63486.10,63545.60,564
04-08-2026 14:15,63545.60,63547.10,63495.00,63507.20,639
04-08-2026 14:30,63504.70,63510.40,63456.10,63480.40,518
04-08-2026 14:45,63480.40,63518.50,63434.60,63496.60,498
04-08-2026 15:00,63496.60,63516.10,63447.50,63489.90,716
04-08-2026 15:15,63489.90,63527.20,63463.40,63521.60,1899
04-08-2026 15:30,63521.50,63532.00,63428.00,63428.20,2203
04-08-2026 15:45,63428.80,63494.10,63369.80,63383.90,2239
04-08-2026 16:00,63384.20,63582.50,63379.40,63581.40,2317
04-08-2026 16:15,63582.10,63761.10,63568.20,63682.30,2695
04-08-2026 16:30,63682.30,63723.70,63634.20,63663.20,2517
04-08-2026 16:45,63663.40,63776.40,63631.60,63700.40,2416
04-08-2026 17:00,63700.90,63806.10,63636.20,63795.60,2331
04-08-2026 17:15,63795.10,63871.30,63757.40,63839.70,2659
04-08-2026 17:30,63840.00,63840.00,63727.60,63733.10,2357
04-08-2026 17:45,63733.00,63766.10,63705.90,63758.40,2393
04-08-2026 18:00,63758.10,63972.80,63735.60,63881.10,2468
04-08-2026 18:15,63881.20,63907.00,63824.40,63826.10,2460
04-08-2026 18:30,63825.10,63934.60,63770.40,63864.40,2428
04-08-2026 18:45,63864.40,63939.90,63778.60,63813.20,2521
04-08-2026 19:00,63804.90,64019.90,63736.80,63936.50,3058
04-08-2026 19:15,63936.70,63936.80,63575.60,63606.10,3020
04-08-2026 19:30,63607.40,63842.20,63530.70,63718.50,2969
04-08-2026 19:45,63718.90,63829.00,63541.90,63811.10,2978
04-08-2026 20:00,63811.10,64100.70,63769.90,64041.90,2992
04-08-2026 20:15,64042.50,64122.60,63977.20,64054.90,2952
04-08-2026 20:30,64055.60,64152.80,63926.20,63999.70,2799
04-08-2026 20:45,63997.00,64000.10,63854.60,63882.60,2566
04-08-2026 21:00,63883.10,64054.90,63740.30,64052.60,2706
04-08-2026 21:15,64052.80,64163.50,64015.20,64058.60,2707
04-08-2026 21:30,64058.30,64068.40,63902.40,63969.90,2582
04-08-2026 21:45,63970.40,64052.40,63936.50,63965.70,2561
04-08-2026 22:00,63965.70,63993.90,63830.50,63878.30,2611
04-08-2026 22:15,63877.90,63948.90,63840.90,63886.50,2462
04-08-2026 22:30,63886.50,64118.40,63886.50,64003.30,2550
04-08-2026 22:45,64003.30,64118.00,63963.70,64099.90,2514
04-08-2026 23:00,64099.30,64116.30,64026.50,64030.80,2544
04-08-2026 23:15,64030.90,64042.70,63827.00,63909.00,2598
04-08-2026 23:30,63909.20,64162.60,63902.20,64154.60,2558
04-08-2026 23:45,64154.60,64345.70,64135.60,64305.60,2800
05-08-2026 00:00,64305.60,64343.70,64153.70,64237.60,2559
05-08-2026 00:15,64237.50,64272.10,64218.20,64248.30,2437
05-08-2026 00:30,64245.60,64305.60,64226.40,64287.40,2447
05-08-2026 00:45,64289.80,64309.30,64198.00,64224.70,2392
05-08-2026 01:00,64224.70,64354.20,64189.50,64322.30,2480
05-08-2026 01:15,64322.30,64337.00,64163.50,64170.60,2055
05-08-2026 01:30,64170.60,64194.40,64058.70,64118.50,2227
05-08-2026 01:45,64120.60,64120.60,63951.80,64067.10,2401
05-08-2026 02:00,64067.10,64358.80,64067.10,64329.70,2418
05-08-2026 02:15,64329.70,64329.80,64243.10,64285.40,2340
05-08-2026 02:30,64285.30,64285.40,64140.30,64163.90,2161
05-08-2026 02:45,64163.60,64226.20,64131.30,64192.10,1836
05-08-2026 03:00,64192.10,64213.50,64134.20,64183.60,939
05-08-2026 03:15,64183.60,64199.90,64115.30,64131.10,1167
05-08-2026 03:30,64131.40,64168.60,64071.60,64167.00,2321
05-08-2026 03:45,64167.00,64203.30,64109.70,64197.20,2273
05-08-2026 04:00,64196.80,64231.40,64146.90,64153.40,2133
05-08-2026 04:15,64153.60,64208.70,64109.20,64208.40,2062
05-08-2026 04:30,64208.40,64411.20,64150.30,64360.20,2376
05-08-2026 04:45,64359.80,64470.70,64110.30,64110.30,2609
05-08-2026 05:00,64110.30,64198.00,64078.20,64146.00,2257
05-08-2026 05:15,64146.00,64160.00,64024.80,64037.20,2029
05-08-2026 05:30,64037.20,64043.20,63949.70,63965.20,2412
05-08-2026 05:45,63964.80,64005.80,63940.90,64004.60,2301
05-08-2026 06:00,64004.60,64129.50,63960.20,64003.00,2396
05-08-2026 06:15,64003.00,64007.50,63915.90,63932.20,2321
05-08-2026 06:30,63932.00,63964.00,63884.50,63945.10,2269
05-08-2026 06:45,63946.00,64055.30,63888.00,64049.50,2371
05-08-2026 07:00,64048.00,64235.10,64048.00,64116.70,2348
05-08-2026 07:15,64115.00,64282.90,64111.30,64272.30,2300
05-08-2026 07:30,64272.30,64443.80,64270.50,64396.30,2581
05-08-2026 07:45,64397.20,64422.10,64262.80,64349.30,2526
05-08-2026 08:00,64350.80,64418.60,64341.10,64364.20,2413
05-08-2026 08:15,64364.40,64384.30,64297.10,64302.30,2397
05-08-2026 08:30,64301.60,64384.20,64291.80,64291.80,2206
05-08-2026 08:45,64291.80,64297.60,63996.60,64001.20,2291
05-08-2026 09:00,63997.30,64108.80,63990.80,64073.60,2227
05-08-2026 09:15,64073.60,64125.70,64070.60,64115.30,2211
05-08-2026 09:30,64115.30,64131.50,64059.10,64060.00,2091
05-08-2026 09:45,64060.00,64134.80,64022.00,64095.80,2169
05-08-2026 10:00,64096.10,64153.30,64090.10,64110.80,2173
05-08-2026 10:15,64110.00,64125.50,64045.30,64103.50,1890
05-08-2026 10:30,64102.00,64260.60,64091.00,64244.20,2319
05-08-2026 10:45,64245.00,64458.20,64230.40,64362.90,2121
05-08-2026 11:00,64362.30,64368.20,64269.50,64293.80,2212
05-08-2026 11:15,64294.00,64305.20,64238.60,64263.60,2169
05-08-2026 11:30,64262.50,64296.20,64237.80,64254.30,2060
05-08-2026 11:45,64254.20,64275.90,64213.40,64236.60,2187
05-08-2026 12:00,64237.00,64306.50,64223.40,64224.10,2107
05-08-2026 12:15,64224.10,64224.10,64159.60,64185.90,2007
05-08-2026 12:30,64185.90,64207.90,64093.70,64115.00,2242
05-08-2026 12:45,64115.90,64115.90,63986.90,64007.10,2300
05-08-2026 13:00,64007.20,64018.30,63932.20,63936.80,2208
05-08-2026 13:15,63935.00,64097.20,63934.00,64097.20,2351
05-08-2026 13:30,64097.20,64183.10,64067.50,64127.10,2353
05-08-2026 13:45,64127.10,64204.50,64081.80,64202.70,2269
05-08-2026 14:00,64202.70,64211.10,64055.60,64061.20,2338
05-08-2026 14:15,64061.40,64094.80,64021.10,64050.90,2234
05-08-2026 14:30,64050.90,64088.90,64025.50,64053.60,2105
05-08-2026 14:45,64052.10,64119.70,64040.00,64085.70,2301
05-08-2026 15:00,64084.30,64139.60,64084.30,64099.50,2117
05-08-2026 15:15,64096.90,64113.50,64073.00,64084.00,2111
05-08-2026 15:30,64084.20,64119.20,64038.90,64079.20,2309
05-08-2026 15:45,64079.20,64170.50,64010.30,64140.50,2164
05-08-2026 16:00,64140.50,64165.10,64105.80,64122.70,2177
05-08-2026 16:15,64120.90,64137.10,63947.30,63991.20,2355
05-08-2026 16:30,63991.40,64046.30,63986.10,64019.20,2172
05-08-2026 16:45,64019.20,64023.50,63974.70,64005.10,2184
05-08-2026 17:00,64006.40,64079.30,63986.30,64024.00,2124
05-08-2026 17:15,64024.00,64034.30,63986.70,64004.80,2219
05-08-2026 17:30,64004.80,64163.80,63983.70,64132.20,2147
05-08-2026 17:45,64132.20,64515.60,64115.40,64457.90,2773
05-08-2026 18:00,64456.40,64487.50,64336.60,64401.50,2517
05-08-2026 18:15,64400.20,64401.50,64255.70,64264.00,2167
05-08-2026 18:30,64264.00,64277.70,64033.60,64081.40,2482
05-08-2026 18:45,64080.90,64152.90,64047.20,64074.80,2479
05-08-2026 19:00,64074.40,64223.60,63806.40,64109.10,3077
05-08-2026 19:15,64109.30,64345.50,63961.70,64342.70,3000
05-08-2026 19:30,64342.70,64462.90,64234.20,64406.90,3020
05-08-2026 19:45,64406.90,64519.30,64253.90,64314.20,2593
05-08-2026 20:00,64325.50,64400.50,64231.60,64361.70,2542
05-08-2026 20:15,64361.60,64478.10,64259.10,64414.60,2984
05-08-2026 20:30,64414.60,64685.00,64391.10,64569.90,2991
05-08-2026 20:45,64568.70,64582.10,64396.70,64441.00,2845
05-08-2026 21:00,64441.50,64650.60,64441.00,64491.50,2630
05-08-2026 21:15,64491.60,64496.90,64312.00,64315.90,2649
05-08-2026 21:30,64316.50,64533.70,64316.50,64533.70,2707
05-08-2026 21:45,64536.00,64695.20,64496.60,64683.80,2748
05-08-2026 22:00,64681.10,64690.60,64587.00,64615.00,2810
05-08-2026 22:15,64615.30,64618.40,64547.60,64592.10,2631
05-08-2026 22:30,64592.00,64627.20,64512.20,64518.10,2626
05-08-2026 22:45,64518.10,64537.90,64462.50,64531.80,2487
05-08-2026 23:00,64531.80,64680.80,64507.00,64620.00,2626
05-08-2026 23:15,64620.00,64723.80,64595.60,64681.50,2684
05-08-2026 23:30,64681.80,64727.70,64587.30,64725.00,2499
05-08-2026 23:45,64724.90,64739.30,64604.70,64654.20,2504
06-08-2026 00:00,64654.30,64735.50,64600.60,64735.00,2272
06-08-2026 00:15,64735.00,64775.00,64683.90,64721.50,2237
06-08-2026 00:30,64721.40,64842.50,64706.80,64816.30,2343
06-08-2026 00:45,64816.30,64870.40,64798.20,64850.70,2301
06-08-2026 01:00,64850.80,64864.20,64802.10,64830.80,2188
06-08-2026 01:15,64830.80,64870.90,64776.10,64779.80,2243
06-08-2026 01:30,64780.10,64856.00,64737.40,64851.40,2522
06-08-2026 01:45,64852.40,64943.10,64799.10,64917.60,2529
06-08-2026 02:00,64918.70,64927.10,64863.20,64914.60,2320
06-08-2026 02:15,64914.10,64929.90,64762.00,64765.90,2424
06-08-2026 02:30,64765.60,64767.10,64645.10,64713.40,2392
06-08-2026 02:45,64713.90,64722.60,64585.70,64598.80,2213
06-08-2026 03:00,64598.80,64676.50,64588.20,64641.20,1222
06-08-2026 03:15,64641.90,64683.40,64594.80,64653.50,1054
06-08-2026 03:30,64653.60,64687.60,64570.40,64606.30,2419
06-08-2026 03:45,64605.40,64657.80,64597.40,64657.50,2413
06-08-2026 04:00,64658.50,64711.10,64608.70,64623.90,2300
06-08-2026 04:15,64624.20,64649.30,64553.80,64560.50,2088
06-08-2026 04:30,64560.30,64620.40,64510.40,64604.20,2234
06-08-2026 04:45,64603.50,64679.40,64552.90,64622.90,2049
06-08-2026 05:00,64622.70,64637.90,64588.50,64589.00,1899
06-08-2026 05:15,64589.00,64603.40,64525.30,64588.50,1959
06-08-2026 05:30,64588.50,64602.80,64517.50,64518.70,2465
06-08-2026 05:45,64518.60,64638.80,64493.90,64609.90,2123
06-08-2026 06:00,64609.90,64638.50,64571.50,64572.10,2138
06-08-2026 06:15,64572.20,64618.50,64544.30,64568.70,2246
06-08-2026 06:30,64568.70,64575.20,64500.50,64528.60,2344
06-08-2026 06:45,64528.30,64536.00,64437.20,64442.90,2299
06-08-2026 07:00,64442.90,64537.20,64417.30,64492.10,2374
06-08-2026 07:15,64491.90,64586.60,64486.50,64507.60,2262
06-08-2026 07:30,64507.60,64574.90,64455.30,64478.30,1971
06-08-2026 07:45,64478.30,64506.80,64373.60,64452.50,2360
06-08-2026 08:00,64452.50,64504.80,64400.50,64504.30,2260
06-08-2026 08:15,64504.10,64523.10,64459.20,64503.90,1963
06-08-2026 08:30,64503.90,64504.50,64439.80,64496.20,2238
06-08-2026 08:45,64496.00,64496.20,64432.90,64468.80,1963
06-08-2026 09:00,64468.80,64512.10,64425.20,64427.20,1877
06-08-2026 09:15,64425.30,64469.30,64416.90,64455.40,2191
06-08-2026 09:30,64455.90,64519.10,64421.60,64507.10,2232
06-08-2026 09:45,64507.10,64625.30,64506.40,64625.30,2113
06-08-2026 10:00,64625.30,64655.40,64576.20,64585.80,2121
06-08-2026 10:15,64587.20,64662.90,64554.00,64654.30,2070
06-08-2026 10:30,64654.30,64923.70,64653.90,64846.90,2489
06-08-2026 10:45,64846.50,64925.00,64816.50,64824.70,2384
06-08-2026 11:00,64822.40,64844.40,64776.30,64828.60,2103
06-08-2026 11:15,64829.00,64836.60,64781.60,64833.90,1668
06-08-2026 11:30,64833.90,64833.90,64700.10,64703.90,1762
06-08-2026 11:45,64706.30,64759.80,64669.80,64749.50,1943
06-08-2026 12:00,64750.30,64778.80,64728.40,64756.60,1794
06-08-2026 12:15,64758.50,64785.30,64730.60,64781.50,2180
06-08-2026 12:30,64781.50,64862.30,64742.30,64858.60,2053
06-08-2026 12:45,64858.60,64885.50,64805.40,64817.30,2296
06-08-2026 13:00,64817.30,64827.90,64699.70,64736.60,2270
06-08-2026 13:15,64736.80,64770.40,64708.00,64733.10,2135
06-08-2026 13:30,64733.10,64779.70,64680.90,64689.90,2316
06-08-2026 13:45,64690.00,64823.40,64672.20,64823.40,2216
06-08-2026 14:00,64823.40,64844.90,64783.70,64799.20,2239
06-08-2026 14:15,64799.20,64917.10,64794.50,64859.70,2329
06-08-2026 14:30,64859.70,64866.30,64665.40,64692.30,2172
06-08-2026 14:45,64692.30,64762.60,64648.70,64653.30,2171
06-08-2026 15:00,64653.80,64653.80,64556.60,64585.20,2249
06-08-2026 15:15,64585.30,64621.20,64556.60,64600.30,2101
06-08-2026 15:30,64600.30,64606.10,64513.30,64516.40,2154
06-08-2026 15:45,64516.40,64609.10,64501.60,64601.00,2135
06-08-2026 16:00,64601.00,64601.80,64544.40,64544.80,2137
06-08-2026 16:15,64544.80,64571.20,64522.20,64540.30,2199
06-08-2026 16:30,64540.30,64545.50,64426.20,64488.80,2367
06-08-2026 16:45,64491.20,64561.10,64488.60,64498.40,2306
06-08-2026 17:00,64501.30,64573.60,64494.90,64561.70,2292
06-08-2026 17:15,64561.30,64567.10,64493.90,64539.30,2371
06-08-2026 17:30,64539.80,64561.30,64386.70,64398.60,2295
06-08-2026 17:45,64400.00,64467.30,64371.20,64461.70,2241
06-08-2026 18:00,64461.70,64512.20,64417.40,64445.00,2308
06-08-2026 18:15,64446.00,64452.50,64316.30,64335.20,2432
06-08-2026 18:30,64334.20,64354.40,64116.80,64173.10,2581
06-08-2026 18:45,64171.80,64210.90,64100.10,64157.30,2468
06-08-2026 19:00,64156.70,64347.00,64081.60,64313.90,2884
06-08-2026 19:15,64313.90,64442.80,64290.20,64343.80,2854
06-08-2026 19:30,64342.90,64470.50,64293.10,64379.10,2779
06-08-2026 19:45,64379.10,64491.00,64328.00,64346.20,2696
06-08-2026 20:00,64345.10,64753.10,64273.00,64730.50,2899
06-08-2026 20:15,64731.80,64765.90,64600.50,64695.00,2773
06-08-2026 20:30,64695.00,64913.80,64678.70,64774.40,2782
06-08-2026 20:45,64775.40,64822.40,64626.80,64747.80,2838
06-08-2026 21:00,64748.30,64798.90,64629.90,64676.40,2767
06-08-2026 21:15,64676.40,64799.50,64550.70,64559.20,2748
06-08-2026 21:30,64559.20,64642.50,64524.50,64563.70,2658
06-08-2026 21:45,64562.40,64618.60,64520.10,64578.00,2588
06-08-2026 22:00,64578.00,64681.60,64538.60,64637.80,2540
06-08-2026 22:15,64638.10,64700.50,64585.10,64677.90,2474
06-08-2026 22:30,64677.90,64768.10,64645.70,64645.90,2334
06-08-2026 22:45,64647.40,64670.90,64596.90,64611.40,2190
06-08-2026 23:00,64611.40,64643.00,64474.00,64530.30,2359
06-08-2026 23:15,64530.30,64583.40,64506.20,64544.00,2326
06-08-2026 23:30,64544.00,64548.50,64402.00,64468.80,2272
06-08-2026 23:45,64468.80,64526.60,64432.10,64445.50,2398
07-08-2026 00:00,64445.50,64448.80,64333.30,64341.60,2368
07-08-2026 00:15,64342.60,64378.30,64301.30,64345.10,2398
07-08-2026 00:30,64345.20,64393.90,64337.90,64362.10,2437
07-08-2026 00:45,64362.00,64390.50,64315.40,64326.20,2509
07-08-2026 01:00,64326.60,64385.90,64291.10,64358.20,2478
07-08-2026 01:15,64360.20,64410.10,64328.40,64388.80,2448
07-08-2026 01:30,64384.50,64465.80,64378.70,64458.70,2254
07-08-2026 01:45,64457.70,64459.10,64375.30,64419.60,2110
07-08-2026 02:00,64419.60,64426.80,64389.20,64397.90,2104
07-08-2026 02:15,64397.90,64415.00,64369.50,64373.10,2056
07-08-2026 02:30,64374.50,64437.80,64373.10,64419.60,2252
07-08-2026 02:45,64419.70,64451.40,64379.10,64379.50,1963
07-08-2026 03:00,64379.50,64413.80,64332.30,64380.90,937
07-08-2026 03:15,64380.90,64412.30,64363.00,64375.90,825
07-08-2026 03:30,64375.90,64386.60,64310.00,64369.70,2317
07-08-2026 03:45,64369.70,64373.40,64255.40,64295.30,2218
07-08-2026 04:00,64295.30,64325.30,64263.30,64275.20,2199
07-08-2026 04:15,64275.80,64308.20,64273.40,64283.80,2100
07-08-2026 04:30,64281.00,64297.40,64262.50,64267.60,2104
07-08-2026 04:45,64267.00,64276.30,64149.20,64179.10,2284
07-08-2026 05:00,64179.10,64188.30,64131.20,64152.00,2071
07-08-2026 05:15,64152.00,64260.40,64121.70,64255.30,2219
07-08-2026 05:30,64256.60,64343.50,64209.20,64221.00,2438
07-08-2026 05:45,64221.00,64249.10,64158.40,64202.40,2442
07-08-2026 06:00,64200.90,64271.40,64163.90,64255.30,2368
07-08-2026 06:15,64255.30,64272.20,64186.30,64250.30,2495
07-08-2026 06:30,64248.70,64377.30,64248.70,64291.30,2479
07-08-2026 06:45,64290.00,64361.70,64241.30,64352.30,2381
07-08-2026 07:00,64352.30,64408.00,64226.70,64307.50,2545
07-08-2026 07:15,64308.90,64381.40,64301.80,64350.70,2436
07-08-2026 07:30,64350.70,64363.30,64184.10,64327.80,2442
07-08-2026 07:45,64327.80,64475.80,64234.10,64248.10,2417
07-08-2026 08:00,64248.00,64349.60,64203.80,64341.50,2447
07-08-2026 08:15,64341.20,64404.20,64320.10,64329.30,2391
07-08-2026 08:30,64329.30,64337.90,64243.50,64266.00,2289
07-08-2026 08:45,64265.40,64276.10,64186.80,64247.50,2282
07-08-2026 09:00,64244.90,64305.00,64234.30,64267.30,2336
07-08-2026 09:15,64267.50,64299.00,64199.90,64220.90,2297
07-08-2026 09:30,64221.30,64255.00,64177.80,64236.70,2365
07-08-2026 09:45,64236.60,64294.10,64212.40,64227.20,2139
07-08-2026 10:00,64227.20,64286.10,64183.40,64185.80,2243
07-08-2026 10:15,64184.40,64196.20,64098.10,64178.70,2199
07-08-2026 10:30,64178.70,64194.50,64113.00,64176.60,1879
07-08-2026 10:45,64175.30,64191.30,64100.90,64109.30,2190
07-08-2026 11:00,64109.40,64214.80,64107.60,64206.50,2084
07-08-2026 11:15,64206.70,64332.90,64182.80,64260.50,2173
07-08-2026 11:30,64260.50,64344.10,64240.90,64337.90,2209
07-08-2026 11:45,64337.50,64400.40,64309.30,64352.20,2095
07-08-2026 12:00,64352.20,64357.70,64266.30,64291.10,2062
07-08-2026 12:15,64290.40,64311.50,64213.20,64237.20,2207
07-08-2026 12:30,64237.20,64305.00,64192.90,64270.60,2259
07-08-2026 12:45,64271.20,64358.80,64266.30,64337.90,2217
07-08-2026 13:00,64338.10,64351.30,64301.20,64306.20,2233
07-08-2026 13:15,64306.20,64308.80,64240.20,64251.30,2082
07-08-2026 13:30,64251.80,64316.80,64232.70,64302.40,2211
07-08-2026 13:45,64303.80,64393.30,64300.60,64383.50,2115
07-08-2026 14:00,64384.20,64608.40,64383.80,64563.20,2311
07-08-2026 14:15,64563.60,64564.30,64510.00,64538.50,2273
07-08-2026 14:30,64538.40,64711.40,64538.30,64666.90,2232
07-08-2026 14:45,64666.90,64815.30,64665.80,64773.10,2342
07-08-2026 15:00,64773.10,64902.80,64745.90,64846.80,2357
07-08-2026 15:15,64846.80,64851.80,64763.20,64777.80,2227
07-08-2026 15:30,64774.70,64808.70,64740.50,64786.70,1971
07-08-2026 15:45,64786.20,64836.20,64741.80,64835.80,2114
07-08-2026 16:00,64832.50,64858.30,64788.40,64804.30,2157
07-08-2026 16:15,64804.30,64856.20,64800.40,64832.90,2115
07-08-2026 16:30,64833.40,64924.60,64830.70,64902.90,2318
07-08-2026 16:45,64902.90,65151.30,64874.30,65020.50,2405
07-08-2026 17:00,65019.90,65040.00,64950.40,64964.30,2441
07-08-2026 17:15,64964.10,64984.30,64930.80,64962.50,2284
07-08-2026 17:30,64962.50,65211.30,64962.50,65153.60,2458
07-08-2026 17:45,65153.60,65178.50,64990.20,65059.50,2144
07-08-2026 18:00,65057.10,65221.70,64922.50,65102.40,2895
07-08-2026 18:15,65102.80,65332.00,65102.80,65233.60,2601
07-08-2026 18:30,65232.80,65272.60,65123.40,65160.50,2590
07-08-2026 18:45,65160.50,65222.30,65054.00,65106.20,2359
07-08-2026 19:00,65106.00,65274.00,65045.30,65249.90,2973
07-08-2026 19:15,65248.80,65282.40,64931.10,64949.80,2885
07-08-2026 19:30,64949.00,64980.90,64720.70,64767.50,2920
07-08-2026 19:45,64767.80,65177.50,64737.90,65118.00,2930
07-08-2026 20:00,65119.00,65215.70,65031.00,65040.70,3008
07-08-2026 20:15,65043.60,65097.30,64882.10,64895.30,2875
07-08-2026 20:30,64894.10,64978.90,64826.30,64903.00,2683
07-08-2026 20:45,64903.00,65007.60,64865.10,64959.20,2634
07-08-2026 21:00,64958.70,65070.20,64919.50,64946.10,2723
07-08-2026 21:15,64947.60,64960.20,64838.50,64849.80,2492
07-08-2026 21:30,64849.80,65015.90,64848.90,64982.90,2575
07-08-2026 21:45,64982.70,64992.80,64825.60,64871.80,2687
07-08-2026 22:00,64873.10,64909.10,64808.50,64884.10,2606
07-08-2026 22:15,64883.80,64889.50,64744.90,64744.90,2455
07-08-2026 22:30,64745.40,64766.90,64629.10,64632.60,2607
07-08-2026 22:45,64632.60,64670.90,64514.80,64535.80,2574
07-08-2026 23:00,64535.80,64627.90,64462.60,64619.40,2548
07-08-2026 23:15,64619.40,64706.30,64594.10,64701.90,2344
07-08-2026 23:30,64701.90,64824.90,64697.30,64791.60,2322
07-08-2026 23:45,64796.80,64811.80,64732.40,64749.90,2247
08-08-2026 00:00,64750.20,64780.60,64661.60,64663.80,2301
08-08-2026 00:15,64663.80,64693.40,64614.80,64674.00,2123
08-08-2026 00:30,64675.50,64815.10,64675.50,64786.90,2347
08-08-2026 00:45,64784.00,64935.80,64779.10,64888.00,2207
08-08-2026 01:00,64891.50,64979.10,64878.10,64917.50,2339
08-08-2026 01:15,64917.50,64951.50,64885.00,64901.20,2539
08-08-2026 01:30,64901.20,64987.20,64891.90,64937.00,2203
08-08-2026 01:45,64934.60,64951.30,64897.20,64924.90,1983
08-08-2026 02:00,64925.10,64930.80,64893.30,64906.40,1829
08-08-2026 02:15,64906.40,64926.60,64902.70,64920.80,1751
08-08-2026 02:30,64922.70,64973.40,64914.80,64950.50,1943
08-08-2026 02:45,64951.50,64960.70,64901.30,64947.70,1893
08-08-2026 03:00,64947.70,65042.00,64945.80,64980.70,794
08-08-2026 03:15,64980.80,64990.10,64879.70,64882.50,491
08-08-2026 03:30,64882.50,64884.30,64854.90,64881.60,411
08-08-2026 03:45,64881.60,64902.40,64861.20,64879.10,403
08-08-2026 04:00,64879.10,64879.80,64799.80,64828.50,458
08-08-2026 04:15,64828.50,64874.60,64828.10,64838.70,503
08-08-2026 04:30,64838.70,64843.30,64835.70,64839.60,333
08-08-2026 04:45,64839.60,64844.60,64828.20,64839.10,248
08-08-2026 05:00,64839.00,64853.50,64837.10,64853.50,1050
08-08-2026 05:15,64853.50,64883.30,64850.90,64878.40,1870
08-08-2026 05:30,64878.40,64913.00,64855.70,64857.00,1883
08-08-2026 05:45,64857.30,64857.40,64778.70,64837.30,1964
08-08-2026 06:00,64836.00,64861.00,64827.30,64860.90,2034
08-08-2026 06:15,64860.90,64875.20,64859.20,64875.20,1725
08-08-2026 06:30,64875.20,64912.00,64865.50,64908.40,1827
08-08-2026 06:45,64908.30,64908.50,64860.10,64860.30,1652
08-08-2026 07:00,64860.10,64888.80,64858.50,64885.00,1998
08-08-2026 07:15,64885.00,64885.40,64858.00,64859.70,1955
08-08-2026 07:30,64859.90,64864.40,64844.20,64853.90,1627
08-08-2026 07:45,64854.50,64881.80,64843.50,64881.30,1746
08-08-2026 08:00,64881.00,64912.20,64861.80,64869.60,1683
08-08-2026 08:15,64869.60,64875.30,64865.60,64873.90,1469
08-08-2026 08:30,64875.10,64894.40,64866.30,64881.80,1557
08-08-2026 08:45,64882.60,64987.40,64881.00,64975.00,1946
08-08-2026 09:00,64975.00,65023.10,64950.20,64965.10,1892
08-08-2026 09:15,64965.10,64987.30,64940.70,64976.90,1859
08-08-2026 09:30,64976.90,65017.30,64915.00,64923.70,1969
08-08-2026 09:45,64923.70,64953.10,64915.30,64946.90,1922
08-08-2026 10:00,64946.60,65012.40,64941.40,64984.30,2062
08-08-2026 10:15,64986.80,64990.00,64947.20,64960.60,372
08-08-2026 10:30,64960.60,64966.00,64939.50,64944.70,1044
08-08-2026 10:45,64944.70,64973.60,64944.10,64969.90,319
08-08-2026 11:00,64969.90,64970.80,64958.80,64966.70,231
08-08-2026 11:15,64966.70,64969.80,64923.20,64947.80,344
08-08-2026 11:30,64947.80,64954.00,64926.20,64930.60,283
08-08-2026 11:45,64930.60,64939.40,64922.40,64923.90,269
08-08-2026 12:00,64923.90,64943.00,64908.90,64943.00,169
08-08-2026 12:15,64943.00,64969.20,64940.90,64952.80,322
08-08-2026 12:30,64952.80,64960.10,64951.60,64955.10,98
08-08-2026 12:45,64943.60,64954.10,64941.90,64949.70,76
08-08-2026 13:00,64949.70,64952.60,64895.60,64900.40,488
08-08-2026 13:15,64900.40,64917.30,64896.70,64915.60,252
08-08-2026 13:30,64915.60,64921.40,64899.00,64921.40,254
08-08-2026 13:45,64921.40,64933.20,64912.40,64932.40,157
08-08-2026 14:00,64932.40,64966.50,64931.90,64966.00,220
08-08-2026 14:15,64966.00,64966.00,64935.50,64944.70,222
08-08-2026 14:30,64944.70,64957.30,64939.90,64957.30,244
08-08-2026 14:45,64957.30,64971.20,64955.50,64962.50,169
08-08-2026 15:00,64962.50,65005.20,64952.20,64957.40,442
08-08-2026 15:15,64957.40,64961.30,64936.60,64942.50,224
08-08-2026 15:30,64942.50,64960.90,64938.60,64946.40,329
08-08-2026 15:45,64946.40,64971.70,64944.00,64970.90,183
08-08-2026 16:00,64970.90,64973.50,64954.40,64962.30,322
08-08-2026 16:15,64962.30,64966.00,64951.30,64953.80,279
08-08-2026 16:30,64953.70,64978.50,64951.40,64961.40,278
08-08-2026 16:45,64961.40,64961.40,64919.70,64921.60,356
08-08-2026 17:00,64921.60,64928.90,64914.40,64915.10,554
08-08-2026 17:15,64915.10,64918.90,64901.70,64909.80,337
08-08-2026 17:30,64909.80,64955.60,64866.00,64953.20,455
08-08-2026 17:45,64954.00,64992.60,64919.60,64925.00,344
08-08-2026 18:00,64925.00,64971.30,64925.00,64944.90,563
08-08-2026 18:15,64944.90,64973.30,64942.90,64947.90,605
08-08-2026 18:30,64947.90,64968.50,64944.90,64949.30,458
08-08-2026 18:45,64949.60,64967.70,64949.60,64966.30,411
08-08-2026 19:00,64966.30,64966.30,64944.30,64953.00,418
08-08-2026 19:15,64953.00,64964.60,64943.40,64961.30,442
08-08-2026 19:30,64961.30,65006.20,64959.30,65006.20,312
08-08-2026 19:45,65006.20,65087.40,64986.90,65074.10,535
08-08-2026 20:00,65074.10,65135.70,65054.00,65054.60,640
08-08-2026 20:15,65054.60,65121.60,65054.40,65069.70,498
08-08-2026 20:30,65069.70,65096.60,65037.90,65042.70,339
08-08-2026 20:45,65042.70,65051.90,65019.10,65032.90,512
08-08-2026 21:00,65032.90,65034.50,64997.40,65003.90,538
08-08-2026 21:15,65003.90,65037.40,64999.80,65023.50,462
08-08-2026 21:30,65023.50,65060.00,65016.70,65025.80,483
08-08-2026 21:45,65025.80,65034.30,65015.00,65016.50,485
08-08-2026 22:00,65016.50,65017.80,64977.40,65002.60,341
08-08-2026 22:15,65002.60,65032.70,64999.40,65027.40,386
08-08-2026 22:30,65027.40,65079.20,65016.30,65057.10,404
08-08-2026 22:45,65056.90,65067.40,65042.50,65058.50,414
08-08-2026 23:00,65058.50,65094.80,65047.40,65068.60,353
08-08-2026 23:15,65068.60,65074.60,65057.40,65059.50,305
08-08-2026 23:30,65059.50,65069.80,65038.90,65049.00,376
08-08-2026 23:45,65049.00,65049.00,64966.00,64977.60,647
09-08-2026 00:00,64977.60,65005.60,64976.10,64997.30,338
09-08-2026 00:15,64997.30,65001.40,64978.40,64980.30,359
09-08-2026 00:30,64980.30,64986.70,64956.40,64962.10,354
09-08-2026 00:45,64962.10,64966.20,64953.30,64954.60,416
09-08-2026 01:00,64957.00,64985.90,64952.50,64983.40,610
09-08-2026 01:15,64983.40,65028.20,64978.30,65016.50,476
09-08-2026 01:30,65016.50,65023.80,65006.50,65020.80,302
09-08-2026 01:45,65020.80,65024.90,64998.20,65002.90,333
09-08-2026 02:00,65002.90,65024.50,65002.80,65019.10,464
09-08-2026 02:15,65019.20,65033.40,65009.10,65019.30,323
09-08-2026 02:30,65019.30,65022.60,64986.40,64986.40,289
09-08-2026 02:45,64986.40,64991.40,64967.10,64967.10,265
09-08-2026 03:00,64967.10,64995.30,64963.30,64995.20,371
09-08-2026 03:15,64995.20,64995.30,64939.30,64955.00,456
09-08-2026 03:30,64956.00,64982.60,64937.40,64938.00,423
09-08-2026 03:45,64938.00,64940.50,64925.90,64928.50,281
09-08-2026 04:00,64928.50,64938.10,64907.00,64907.00,319
09-08-2026 04:15,64907.00,64909.50,64879.10,64879.50,360
09-08-2026 04:30,64879.50,64881.40,64869.20,64874.80,246
09-08-2026 04:45,64874.80,64907.80,64869.50,64869.90,392
09-08-2026 05:00,64869.90,64910.20,64868.90,64901.70,310
09-08-2026 05:15,64901.70,64910.20,64886.90,64895.30,310
09-08-2026 05:30,64895.30,64902.60,64890.10,64892.10,279
09-08-2026 05:45,64892.10,64908.80,64891.10,64900.80,344
09-08-2026 06:00,64900.90,64926.20,64900.70,64906.40,270
09-08-2026 06:15,64906.40,64915.60,64895.50,64910.10,350
09-08-2026 06:30,64910.10,64941.40,64903.20,64918.20,380
09-08-2026 06:45,64918.20,64923.30,64796.50,64800.80,396
09-08-2026 07:00,64800.80,64827.60,64792.20,64825.70,273
09-08-2026 07:15,64825.70,64825.90,64775.60,64795.30,305
09-08-2026 07:30,64795.30,64798.30,64750.70,64787.80,410
09-08-2026 07:45,64787.80,64787.80,64769.10,64774.20,234
09-08-2026 08:00,64774.20,64782.50,64764.30,64769.60,247
09-08-2026 08:15,64723.90,64763.10,64714.30,64755.50,327
09-08-2026 08:30,64755.50,64755.50,64677.10,64677.10,348
09-08-2026 08:45,64677.10,64723.00,64662.90,64716.50,274
09-08-2026 09:00,64716.50,64738.90,64707.80,64738.90,277
09-08-2026 09:15,64738.90,64739.30,64716.20,64722.00,172
09-08-2026 09:30,64722.00,64755.70,64721.80,64755.70,216
09-08-2026 09:45,64755.70,64767.80,64740.20,64767.80,303
09-08-2026 10:00,64767.80,64767.80,64738.70,64742.50,250
09-08-2026 10:15,64742.50,64742.50,64714.40,64722.30,292
09-08-2026 10:30,64722.30,64726.00,64712.40,64721.00,226
09-08-2026 10:45,64721.00,64725.00,64716.30,64720.60,218
09-08-2026 11:00,64720.60,64723.60,64717.60,64718.80,319
09-08-2026 11:15,64718.80,64742.00,64709.10,64741.30,190
09-08-2026 11:30,64741.30,64750.30,64735.40,64750.10,243
09-08-2026 11:45,64750.10,64778.60,64750.10,64775.00,222
09-08-2026 12:00,64775.00,64799.90,64774.00,64796.90,255
09-08-2026 12:15,64796.90,64801.60,64780.50,64780.50,451
09-08-2026 12:30,64780.50,64795.60,64777.90,64790.80,343
09-08-2026 12:45,64790.80,64795.70,64772.50,64773.70,283
09-08-2026 13:00,64773.70,64786.40,64762.40,64771.40,412
09-08-2026 13:15,64771.70,64772.50,64756.60,64765.00,267
09-08-2026 13:30,64765.00,64866.30,64762.10,64853.80,382
09-08-2026 13:45,64853.80,64871.40,64817.30,64817.70,450
09-08-2026 14:00,64817.70,64831.40,64730.00,64730.70,368
09-08-2026 14:15,64730.70,64759.60,64727.30,64757.60,289
09-08-2026 14:30,64757.60,64766.80,64757.10,64760.70,190
09-08-2026 14:45,64760.70,64768.50,64748.40,64749.00,158
09-08-2026 15:00,64749.00,64759.10,64744.90,64752.10,141
09-08-2026 15:15,64752.10,64817.60,64746.90,64817.10,231
09-08-2026 15:30,64817.10,64889.20,64814.10,64887.20,311
09-08-2026 15:45,64887.20,64913.20,64878.20,64907.40,292
09-08-2026 16:00,64907.40,64915.30,64872.00,64877.30,291
09-08-2026 16:15,64877.30,64912.10,64877.10,64892.50,234
09-08-2026 16:30,64892.50,64921.90,64892.50,64918.50,444
09-08-2026 16:45,64918.50,64920.70,64914.10,64916.90,153
09-08-2026 17:00,64916.90,64936.10,64915.10,64926.80,237
09-08-2026 17:15,64926.80,64944.80,64884.90,64886.20,323
09-08-2026 17:30,64886.20,64889.20,64853.20,64878.70,425
09-08-2026 17:45,64878.70,64885.90,64872.80,64876.80,174
09-08-2026 18:00,64876.80,64882.00,64876.50,64877.50,199
09-08-2026 18:15,64877.50,64893.70,64871.00,64893.60,192
09-08-2026 18:30,64893.60,64975.60,64893.60,64957.90,261
09-08-2026 18:45,64957.90,65028.00,64957.90,65025.20,295
09-08-2026 19:00,65025.20,65196.40,65025.20,65163.10,520
09-08-2026 19:15,65163.10,65167.30,65134.30,65162.00,242
09-08-2026 19:30,65162.00,65183.40,65134.10,65178.10,246
09-08-2026 19:45,65178.10,65178.10,65100.20,65129.10,224
09-08-2026 20:00,65129.10,65168.10,65087.00,65110.10,362
09-08-2026 20:15,65110.10,65232.40,65107.10,65200.00,357
09-08-2026 20:30,65200.00,65206.20,65141.40,65182.30,452
09-08-2026 20:45,65182.30,65184.90,65164.70,65166.40,318
09-08-2026 21:00,65166.40,65176.40,65160.40,65164.40,162
09-08-2026 21:15,65164.40,65174.20,65159.80,65161.90,586
09-08-2026 21:30,65161.90,65204.20,65148.50,65175.20,329
09-08-2026 21:45,65175.20,65184.20,65115.30,65136.00,372
09-08-2026 22:00,65136.00,65197.80,65135.70,65193.40,238
09-08-2026 22:15,65193.40,65195.80,65166.40,65168.90,208
09-08-2026 22:30,65168.90,65168.90,65152.90,65164.00,197
09-08-2026 22:45,65164.00,65172.40,65151.80,65171.90,321
09-08-2026 23:00,65171.90,65175.10,65158.60,65167.50,396
09-08-2026 23:15,65167.50,65168.10,65132.10,65134.40,229
09-08-2026 23:30,65134.40,65148.80,65131.90,65141.10,431
09-08-2026 23:45,65141.10,65154.10,65124.80,65153.60,217
10-08-2026 00:00,65153.60,65161.00,65147.50,65154.40,314
10-08-2026 00:15,65154.40,65157.40,65130.90,65133.20,351
10-08-2026 00:30,65133.20,65138.00,65122.50,65135.90,238
10-08-2026 00:45,65135.90,65157.20,65128.20,65146.60,377
10-08-2026 01:00,65146.60,65149.10,65137.00,65137.20,289
10-08-2026 01:15,65137.20,65137.20,65117.10,65117.80,262
10-08-2026 01:30,65117.80,65127.50,65012.60,65018.90,346
10-08-2026 01:45,65018.90,65092.60,65015.70,65067.00,456
10-08-2026 02:00,65067.00,65110.90,65067.00,65084.60,325
10-08-2026 02:15,65083.90,65087.30,65070.90,65081.10,268
10-08-2026 02:30,65081.10,65081.50,65070.20,65073.20,392
10-08-2026 02:45,65073.20,65085.50,65060.20,65075.20,342
10-08-2026 03:00,65075.20,65185.00,65075.20,65165.90,630
10-08-2026 03:15,65165.90,65165.90,65124.50,65131.10,660
10-08-2026 03:30,65131.10,65392.30,65131.10,65348.00,613
10-08-2026 03:45,65348.00,65370.80,65149.90,65173.50,872
10-08-2026 04:00,65173.50,65187.50,64922.00,64971.50,976
10-08-2026 04:15,64971.70,65043.40,64908.40,65010.00,687
10-08-2026 04:30,65010.00,65044.00,64923.00,64958.60,704
10-08-2026 04:45,64958.60,64989.80,64834.30,64856.80,691
10-08-2026 05:00,64856.30,64877.80,64790.60,64835.00,803
10-08-2026 05:15,64835.00,64870.80,64775.50,64835.30,727
10-08-2026 05:30,64835.30,65247.50,64780.90,65081.80,1228
10-08-2026 05:45,65081.80,65105.00,64914.90,64937.70,1083
10-08-2026 06:00,64937.70,64985.20,64759.00,64781.90,1213
10-08-2026 06:15,64782.00,64978.80,64775.30,64908.90,1110
10-08-2026 06:30,64909.20,64969.70,64839.30,64941.80,990
10-08-2026 06:45,64941.80,65010.10,64937.20,64939.00,772
10-08-2026 07:00,64939.80,64947.40,64832.60,64910.20,819
10-08-2026 07:15,64910.20,65323.60,64902.30,65131.80,1144
10-08-2026 07:30,65131.80,65145.50,65017.20,65045.50,959
10-08-2026 07:45,65045.50,65045.50,64837.60,64892.00,799
10-08-2026 08:00,64892.00,65148.40,64892.00,65132.60,957
10-08-2026 08:15,65132.40,65132.40,65011.40,65031.30,677
10-08-2026 08:30,65031.30,65043.00,64892.50,64894.90,767
10-08-2026 08:45,64894.90,65101.80,64838.30,64956.30,1004
10-08-2026 09:00,64956.70,65028.70,64930.90,64959.40,925
10-08-2026 09:15,64959.40,64995.70,64882.80,64911.60,581
10-08-2026 09:30,64908.20,65009.20,64887.10,65006.50,686
10-08-2026 09:45,65006.50,65034.70,64956.80,64957.30,450
10-08-2026 10:00,64957.30,64975.20,64851.70,64941.40,655
10-08-2026 10:15,64941.50,64988.90,64908.90,64941.80,670
10-08-2026 10:30,64938.50,64990.10,64911.70,64924.30,537
10-08-2026 10:45,64924.30,64997.20,64923.40,64978.90,500
10-08-2026 11:00,64978.90,65020.60,64956.70,65015.20,606
10-08-2026 11:15,65015.20,65093.90,64985.20,65072.70,594
10-08-2026 11:30,65072.70,65219.30,65061.40,65137.70,845
10-08-2026 11:45,65137.70,65171.80,65081.70,65104.50,856
10-08-2026 12:00,65104.50,65180.30,65100.30,65177.50,625
10-08-2026 12:15,65176.00,65273.90,65169.00,65233.70,775
10-08-2026 12:30,65233.70,65241.60,65188.20,65195.60,551
10-08-2026 12:45,65195.50,65266.80,65172.60,65252.70,496
10-08-2026 13:00,65252.70,65305.10,65241.30,65261.60,753
10-08-2026 13:15,65261.60,65273.60,65129.60,65139.10,550
10-08-2026 13:30,65139.10,65244.90,65139.10,65202.00,621
10-08-2026 13:45,65197.60,65264.20,65164.50,65227.90,628
10-08-2026 14:00,65226.00,65237.50,65124.50,65158.50,657
10-08-2026 14:15,65158.50,65202.40,65139.50,65177.80,448
10-08-2026 14:30,65177.80,65177.80,65119.70,65154.00,616
10-08-2026 14:45,65154.00,65159.50,65088.90,65094.50,537
10-08-2026 15:00,65094.50,65094.50,64975.50,64988.60,914
10-08-2026 15:15,64986.40,64988.90,64892.00,64900.60,899
10-08-2026 15:30,64900.60,65008.00,64897.60,64977.70,651
10-08-2026 15:45,64977.70,65000.70,64939.80,64956.50,466
10-08-2026 16:00,64956.50,64985.30,64935.70,64943.00,571
10-08-2026 16:15,64943.00,64986.30,64937.80,64949.80,553
10-08-2026 16:30,64949.80,64967.30,64908.00,64947.10,492
10-08-2026 16:45,64947.10,65020.20,64947.10,65015.00,541
10-08-2026 17:00,65015.00,65036.20,64992.50,64996.80,370
10-08-2026 17:15,64996.80,65067.80,64995.60,65060.20,475
10-08-2026 17:30,65059.20,65169.20,65036.30,65059.10,895
10-08-2026 17:45,65059.10,65062.60,64976.00,64988.00,634
10-08-2026 18:00,64988.00,64996.20,64844.00,64949.70,903
10-08-2026 18:15,64949.70,64949.70,64779.70,64804.20,672
10-08-2026 18:30,64803.80,64844.90,64778.90,64817.00,748
10-08-2026 18:45,64817.00,64906.30,64812.10,64857.80,958
10-08-2026 19:00,64857.80,64870.50,64537.20,64570.90,1928
10-08-2026 19:15,64570.10,64610.80,64441.30,64488.40,1507
10-08-2026 19:30,64488.40,64684.20,64472.40,64672.60,1764
10-08-2026 19:45,64672.60,64761.80,64636.80,64711.50,1567
10-08-2026 20:00,64711.50,64822.60,64692.50,64758.10,1446
10-08-2026 20:15,64758.10,64796.70,64536.60,64554.50,1467
10-08-2026 20:30,64554.50,64644.70,64475.10,64491.80,1390
10-08-2026 20:45,64490.10,64571.70,64244.40,64328.30,1663
10-08-2026 21:00,64328.30,64345.80,64174.70,64265.40,1400
10-08-2026 21:15,64265.40,64285.60,64124.20,64223.00,1273
10-08-2026 21:30,64223.00,64285.90,64127.40,64149.10,1386
10-08-2026 21:45,64149.10,64149.10,63915.80,64048.60,1278
10-08-2026 22:00,64048.60,64107.10,63871.20,63890.80,1197
10-08-2026 22:15,63890.80,63895.30,63748.10,63826.20,1436
10-08-2026 22:30,63826.20,63938.30,63750.30,63915.10,1397
10-08-2026 22:45,63915.00,63927.80,63833.10,63835.10,1160
10-08-2026 23:00,63835.10,63941.70,63813.50,63866.20,1006
10-08-2026 23:15,63866.20,63898.10,63804.20,63872.20,876
10-08-2026 23:30,63872.20,63937.90,63813.10,63857.80,1102
10-08-2026 23:45,63857.80,63928.00,63805.70,63813.20,871
11-08-2026 00:00,63813.00,63852.90,63732.40,63809.30,1081
11-08-2026 00:15,63808.60,63849.90,63758.70,63806.00,922
11-08-2026 00:30,63806.00,63855.70,63800.80,63846.70,906
11-08-2026 00:45,63847.20,63945.80,63819.40,63944.00,713
11-08-2026 01:00,63944.00,64018.40,63845.70,63949.80,1088
11-08-2026 01:15,63949.80,63974.00,63910.90,63965.40,1098
11-08-2026 01:30,63965.40,64015.20,63938.10,63972.80,1052
11-08-2026 01:45,63972.80,64050.90,63962.90,64043.30,946
11-08-2026 02:00,64043.30,64120.00,64025.00,64098.10,825
11-08-2026 02:15,64098.10,64101.60,64064.50,64085.20,636
11-08-2026 02:30,64085.20,64085.20,64017.00,64039.70,722
11-08-2026 02:45,64039.70,64048.20,63996.60,64045.70,748
11-08-2026 03:00,64045.70,64050.20,63956.90,63963.90,527
11-08-2026 03:15,63963.90,63973.80,63900.80,63902.40,808
11-08-2026 03:30,63902.40,63975.30,63880.20,63968.30,1120
11-08-2026 03:45,63969.20,63987.00,63929.90,63936.20,1092
11-08-2026 04:00,63936.20,63939.50,63860.00,63919.00,1246
11-08-2026 04:15,63919.00,63946.30,63910.20,63946.00,744
11-08-2026 04:30,63946.00,63951.80,63900.10,63909.90,1279
11-08-2026 04:45,63909.90,63929.90,63875.20,63917.30,975
11-08-2026 05:00,63917.30,63917.50,63845.50,63896.90,490
11-08-2026 05:15,63896.90,63914.70,63872.90,63899.10,430
11-08-2026 05:30,63899.10,63907.60,63824.50,63904.70,762
11-08-2026 05:45,63904.70,63923.80,63844.60,63911.80,709
11-08-2026 06:00,63911.80,63936.60,63870.40,63901.80,641
11-08-2026 06:15,63901.80,63978.70,63901.80,63962.20,769
11-08-2026 06:30,63962.20,64004.50,63906.70,63985.10,526
11-08-2026 06:45,63985.10,64000.80,63901.00,63992.70,659
11-08-2026 07:00,63991.80,63991.80,63875.30,63915.80,485
11-08-2026 07:15,63915.80,64000.90,63908.90,63980.40,641
11-08-2026 07:30,63980.40,64014.40,63964.90,63969.20,456
11-08-2026 07:45,63969.20,63998.90,63967.50,63978.70,447
11-08-2026 08:00,63983.20,63985.40,63952.80,63970.20,329
11-08-2026 08:15,63970.20,63984.60,63954.00,63969.00,377
11-08-2026 08:30,63969.00,64032.60,63968.50,64024.70,430
11-08-2026 08:45,64024.70,64105.30,64024.70,64057.40,438
11-08-2026 09:00,64057.40,64090.30,64053.70,64059.00,299
11-08-2026 09:15,64059.00,64066.20,64040.30,64062.50,280
11-08-2026 09:30,64062.50,64082.00,64042.90,64045.30,252
11-08-2026 09:45,64045.30,64058.20,64023.90,64030.30,322
11-08-2026 10:00,64030.10,64040.30,64019.70,64021.40,542
11-08-2026 10:15,64021.40,64029.50,63948.20,63948.20,411
11-08-2026 10:30,63948.20,63980.90,63920.20,63972.80,398
11-08-2026 10:45,63972.80,63976.60,63879.00,63895.90,309
11-08-2026 11:00,63895.90,63969.20,63891.40,63961.60,441
11-08-2026 11:15,63961.60,63969.90,63917.20,63922.10,437
11-08-2026 11:30,63922.10,63978.30,63895.90,63952.70,394
11-08-2026 11:45,63952.70,63953.60,63850.20,63853.50,454
11-08-2026 12:00,63853.50,63891.60,63823.80,63850.00,510
11-08-2026 12:15,63850.00,63892.60,63781.00,63889.10,607
11-08-2026 12:30,63889.10,63936.00,63887.40,63887.50,476
11-08-2026 12:45,63887.50,63897.00,63828.30,63831.30,489
11-08-2026 13:00,63831.30,64014.90,63829.30,63998.90,661
11-08-2026 13:15,63998.90,64037.10,63965.00,63990.50,468
11-08-2026 13:30,63990.50,64029.40,63965.70,63968.60,448
11-08-2026 13:45,63968.60,64011.00,63964.50,63974.80,405
11-08-2026 14:00,63974.80,64046.80,63972.80,64033.30,453
11-08-2026 14:15,64033.30,64075.90,64008.70,64061.00,355
11-08-2026 14:30,64061.00,64090.80,64050.40,64052.70,280
11-08-2026 14:45,64052.70,64125.30,64052.20,64115.20,371
11-08-2026 15:00,64115.20,64176.40,64110.00,64168.40,454
11-08-2026 15:15,64168.40,64233.50,64167.00,64231.70,475
11-08-2026 15:30,64231.70,64240.20,64165.40,64171.10,704
11-08-2026 15:45,64171.00,64234.40,64127.90,64227.90,597
11-08-2026 16:00,64227.90,64237.90,64178.40,64204.10,552
11-08-2026 16:15,64204.10,64205.30,64146.80,64158.10,459
11-08-2026 16:30,64158.10,64321.90,64156.40,64288.40,912
11-08-2026 16:45,64288.40,64291.20,64262.50,64265.60,380
11-08-2026 17:00,64265.60,64283.70,64261.50,64272.80,539
11-08-2026 17:15,64273.00,64334.40,64272.80,64314.30,578
11-08-2026 17:30,64314.30,64422.00,64308.00,64400.30,868
11-08-2026 17:45,64400.30,64400.30,64216.70,64249.30,643
11-08-2026 18:00,64249.30,64317.70,64244.80,64256.10,757
11-08-2026 18:15,64256.10,64271.20,64250.80,64253.60,480
11-08-2026 18:30,64253.60,64305.70,64205.10,64253.40,600
11-08-2026 18:45,64253.40,64263.90,64096.10,64124.50,690
11-08-2026 19:00,64124.50,64170.70,63975.00,64100.70,1850
11-08-2026 19:15,64100.70,64146.20,63973.70,64126.50,1810
11-08-2026 19:30,64126.50,64161.10,64037.70,64148.40,1480
11-08-2026 19:45,64148.40,64191.40,63846.00,63954.60,1562
11-08-2026 20:00,63954.60,63990.30,63823.30,63880.40,1411
11-08-2026 20:15,63880.40,63934.70,63638.20,63699.40,1510
11-08-2026 20:30,63699.40,63798.50,63670.40,63707.80,1513
11-08-2026 20:45,63707.50,63799.30,63639.70,63790.50,1583
11-08-2026 21:00,63790.50,63790.70,63382.80,63491.80,1514
11-08-2026 21:15,63491.80,63564.50,63401.20,63542.30,1191
11-08-2026 21:30,63542.30,63586.90,63473.90,63526.90,1327
11-08-2026 21:45,63531.10,63578.00,63500.90,63520.60,1105
11-08-2026 22:00,63520.60,63547.60,63416.20,63416.20,1008
11-08-2026 22:15,63416.70,63469.00,63381.40,63433.30,850
11-08-2026 22:30,63433.30,63463.90,63382.70,63426.40,956
11-08-2026 22:45,63426.70,63523.40,63410.50,63496.00,1050
11-08-2026 23:00,63496.00,63518.70,63441.90,63473.70,846
11-08-2026 23:15,63473.70,63560.60,63453.10,63524.30,677
11-08-2026 23:30,63524.30,63548.50,63465.60,63511.10,679
11-08-2026 23:45,63511.10,63527.30,63395.10,63398.40,676
12-08-2026 00:00,63398.40,63432.40,63181.10,63227.50,1175
12-08-2026 00:15,63227.50,63308.70,63221.70,63293.20,721
12-08-2026 00:30,63293.20,63306.00,63157.50,63168.40,766
12-08-2026 00:45,63168.40,63305.50,63168.40,63281.70,816
12-08-2026 01:00,63281.70,63384.30,63277.20,63370.20,783
12-08-2026 01:15,63376.10,63466.90,63307.40,63463.40,897
12-08-2026 01:30,63463.30,63646.10,63458.10,63601.60,1345
12-08-2026 01:45,63601.60,63605.70,63541.00,63605.40,852
12-08-2026 02:00,63605.40,63678.10,63575.10,63600.00,897
12-08-2026 02:15,63600.00,63678.90,63599.90,63668.60,823
12-08-2026 02:30,63668.60,63682.50,63650.60,63663.50,629
12-08-2026 02:45,63665.40,63686.40,63574.00,63598.30,732
12-08-2026 03:00,63598.30,63623.00,63544.90,63594.50,792
12-08-2026 03:15,63594.50,63622.30,63573.10,63600.70,1007
12-08-2026 03:30,63600.70,63696.90,63599.50,63662.30,911
12-08-2026 03:45,63662.20,63695.20,63632.30,63649.90,697
12-08-2026 04:00,63648.60,63659.20,63575.50,63581.10,593
12-08-2026 04:15,63581.10,63607.70,63550.60,63593.60,572
12-08-2026 04:30,63593.60,63593.60,63486.60,63501.90,469
12-08-2026 04:45,63501.90,63543.30,63470.10,63522.50,594
12-08-2026 05:00,63522.50,63572.10,63510.80,63570.40,576
12-08-2026 05:15,63570.40,63582.40,63519.00,63520.20,659
12-08-2026 05:30,63520.20,63535.50,63464.00,63528.90,754
12-08-2026 05:45,63528.90,63633.00,63500.90,63596.80,717
12-08-2026 06:00,63596.80,63655.60,63596.80,63644.70,775
12-08-2026 06:15,63644.70,63675.40,63642.40,63671.90,588
12-08-2026 06:30,63671.90,63714.70,63640.90,63714.20,662
12-08-2026 06:45,63714.20,63714.90,63667.30,63675.20,626
12-08-2026 07:00,63675.20,63751.20,63616.00,63751.20,623
12-08-2026 07:15,63751.20,63786.60,63724.00,63750.30,668
12-08-2026 07:30,63750.30,63808.60,63743.00,63773.80,834
12-08-2026 07:45,63773.80,63823.00,63707.70,63823.00,743
12-08-2026 08:00,63823.00,63829.60,63678.90,63698.30,731
12-08-2026 08:15,63698.30,63708.40,63651.40,63676.20,713
12-08-2026 08:30,63676.20,63726.80,63632.60,63643.90,661
12-08-2026 08:45,63644.40,63705.40,63630.60,63679.30,648
12-08-2026 09:00,63679.30,63773.60,63660.30,63738.40,650
12-08-2026 09:15,63738.40,63764.80,63702.80,63759.40,480
12-08-2026 09:30,63759.40,63765.80,63689.50,63713.20,532
12-08-2026 09:45,63713.20,63817.20,63709.60,63716.70,687
12-08-2026 10:00,63716.70,63716.70,63657.40,63694.10,626
12-08-2026 10:15,63694.10,63759.40,63682.90,63700.90,524
12-08-2026 10:30,63700.90,63749.50,63649.70,63745.90,421
12-08-2026 10:45,63745.90,63769.60,63740.30,63769.50,310
12-08-2026 11:00,63769.50,63797.20,63745.50,63772.60,506
12-08-2026 11:15,63772.60,63790.50,63739.60,63770.70,477
12-08-2026 11:30,63767.30,63767.30,63625.30,63627.40,570
12-08-2026 11:45,63627.40,63681.00,63544.20,63563.90,541
12-08-2026 12:00,63563.90,63602.90,63526.10,63576.00,567
12-08-2026 12:15,63575.60,63638.10,63550.80,63638.10,631
12-08-2026 12:30,63637.90,63726.80,63630.70,63680.10,659
12-08-2026 12:45,63680.10,63686.90,63649.40,63659.00,661
12-08-2026 13:00,63659.00,63701.40,63607.00,63620.00,723
12-08-2026 13:15,63620.00,63760.60,63565.00,63759.20,874
12-08-2026 13:30,63759.20,63786.70,63700.90,63710.90,1035
12-08-2026 13:45,63710.90,63757.80,63710.30,63746.20,802
12-08-2026 14:00,63746.20,63746.20,63693.00,63702.20,667
12-08-2026 14:15,63702.20,63745.70,63699.40,63717.40,482
12-08-2026 14:30,63717.60,63786.20,63686.40,63782.60,556
12-08-2026 14:45,63782.60,63926.60,63781.20,63906.50,1169
12-08-2026 15:00,63906.50,64011.00,63906.50,63968.50,1333
12-08-2026 15:15,63968.50,64036.70,63953.40,64036.30,850
12-08-2026 15:30,64036.30,64146.50,64021.60,64052.50,1145
12-08-2026 15:45,64052.50,64066.80,63989.00,63996.30,915
12-08-2026 16:00,63996.30,64092.00,63996.30,64068.10,615
12-08-2026 16:15,64068.10,64085.60,64004.80,64066.90,793
12-08-2026 16:30,64067.20,64143.20,64038.40,64063.60,923
12-08-2026 16:45,64063.60,64132.60,64052.00,64125.90,547
12-08-2026 17:00,64125.90,64145.00,64081.00,64118.70,470
12-08-2026 17:15,64118.70,64175.90,64115.50,64165.60,451
12-08-2026 17:30,64166.60,64225.20,64143.10,64189.40,817
12-08-2026 17:45,64189.40,64343.90,64183.60,64343.30,1287
12-08-2026 18:00,64343.30,64388.50,63972.80,64027.20,2356
12-08-2026 18:15,64026.90,64112.00,63902.80,64053.50,1805
12-08-2026 18:30,64053.50,64087.90,63866.90,63914.00,1777
12-08-2026 18:45,63914.60,63970.70,63831.70,63881.20,1561
12-08-2026 19:00,63881.40,63941.10,63788.90,63908.60,2610
12-08-2026 19:15,63908.60,63999.70,63763.50,63766.30,1956
12-08-2026 19:30,63761.20,63842.00,63530.20,63718.20,1900
12-08-2026 19:45,63718.20,63758.40,63581.10,63593.40,1513
12-08-2026 20:00,63586.10,63617.60,63448.80,63529.70,1862
12-08-2026 20:15,63529.60,63562.70,63281.90,63290.30,1638
12-08-2026 20:30,63290.30,63447.70,63245.20,63415.70,1651
12-08-2026 20:45,63415.70,63463.10,63353.30,63407.80,1330
12-08-2026 21:00,63418.00,63493.90,63315.10,63443.70,1367
12-08-2026 21:15,63445.30,63471.80,63335.10,63359.00,1281
12-08-2026 21:30,63359.00,63420.70,63280.60,63394.30,1370
12-08-2026 21:45,63394.30,63484.90,63378.80,63481.90,926
12-08-2026 22:00,63481.90,63501.20,63427.70,63437.80,787
12-08-2026 22:15,63436.80,63444.30,63390.30,63412.10,857
12-08-2026 22:30,63412.10,63462.10,63391.00,63460.40,609
12-08-2026 22:45,63460.50,63472.50,63331.60,63359.00,801
12-08-2026 23:00,63359.00,63428.40,63326.20,63391.70,784
12-08-2026 23:15,63391.70,63463.30,63365.70,63387.50,731
12-08-2026 23:30,63389.20,63422.80,63331.10,63390.40,795
12-08-2026 23:45,63390.40,63390.40,63298.00,63345.50,644
13-08-2026 00:00,63345.50,63442.00,63331.60,63360.20,711
13-08-2026 00:15,63359.10,63359.10,63289.40,63299.40,668
13-08-2026 00:30,63299.40,63350.10,63295.10,63296.90,722
13-08-2026 00:45,63296.90,63382.50,63224.00,63301.00,741
13-08-2026 01:00,63301.40,63323.00,63250.70,63253.20,716
13-08-2026 01:15,63253.20,63347.10,63236.20,63337.60,1053
13-08-2026 01:30,63337.60,63434.50,63334.30,63378.30,863
13-08-2026 01:45,63378.30,63436.80,63337.20,63424.50,650
13-08-2026 02:00,63424.50,63495.80,63424.40,63473.30,667
13-08-2026 02:15,63473.30,63521.40,63445.10,63521.10,623
13-08-2026 02:30,63521.10,63569.40,63472.00,63500.30,734
13-08-2026 02:45,63500.30,63515.90,63381.90,63403.50,814
13-08-2026 03:00,63403.50,63468.00,63350.10,63457.50,1132
13-08-2026 03:15,63457.50,63500.70,63371.30,63391.00,1108
13-08-2026 03:30,63391.00,63460.50,63341.60,63415.90,1127
13-08-2026 03:45,63415.90,63454.60,63403.10,63405.00,888
13-08-2026 04:00,63405.00,63418.50,63284.00,63322.30,925
13-08-2026 04:15,63322.40,63356.60,63308.40,63349.80,809
13-08-2026 04:30,63348.90,63364.10,63301.30,63335.30,682
13-08-2026 04:45,63335.30,63365.70,63292.00,63345.60,729
13-08-2026 05:00,63345.60,63401.30,63316.80,63339.50,709
13-08-2026 05:15,63339.50,63404.40,63323.70,63399.70,512
13-08-2026 05:30,63399.70,63524.90,63379.00,63522.30,754
13-08-2026 05:45,63522.30,63629.90,63501.40,63548.10,921
13-08-2026 06:00,63544.50,63545.00,63419.80,63433.70,805
13-08-2026 06:15,63433.70,63527.90,63422.60,63478.50,937
13-08-2026 06:30,63478.50,63554.30,63440.90,63553.80,818
13-08-2026 06:45,63553.80,63553.80,63313.80,63336.60,682
13-08-2026 07:00,63336.60,63460.90,63325.60,63335.60,814
13-08-2026 07:15,63336.00,63435.40,63297.80,63372.10,894
13-08-2026 07:30,63372.10,63402.50,63343.90,63385.00,696
13-08-2026 07:45,63385.00,63404.90,63342.50,63383.00,450
13-08-2026 08:00,63382.70,63418.60,63291.80,63418.00,906
13-08-2026 08:15,63418.00,63502.00,63389.70,63467.30,767
13-08-2026 08:30,63467.30,63501.70,63431.70,63492.40,583
13-08-2026 08:45,63492.40,63547.60,63483.80,63491.70,495
13-08-2026 09:00,63492.00,63554.60,63484.70,63494.50,613
13-08-2026 09:15,63494.50,63601.70,63494.00,63567.50,668
13-08-2026 09:30,63567.50,63595.50,63540.90,63591.80,507
13-08-2026 09:45,63591.80,63591.80,63511.40,63513.90,358
13-08-2026 10:00,63513.90,63628.90,63513.90,63614.40,713
13-08-2026 10:15,63614.40,63692.60,63608.30,63608.80,973
13-08-2026 10:30,63608.40,63804.10,63586.90,63803.90,1034
13-08-2026 10:45,63803.90,63923.70,63803.90,63866.10,1057
13-08-2026 11:00,63866.10,63876.40,63817.90,63848.20,650
13-08-2026 11:15,63848.20,63854.50,63793.50,63793.50,599
13-08-2026 11:30,63793.30,63811.40,63736.30,63759.20,635
13-08-2026 11:45,63759.20,63772.00,63733.80,63746.00,452
13-08-2026 12:00,63746.00,63747.90,63676.40,63676.40,383
13-08-2026 12:15,63676.40,63862.90,63675.30,63862.90,734
13-08-2026 12:30,63862.90,63870.00,63786.70,63794.00,514
13-08-2026 12:45,63794.10,63842.60,63781.50,63818.20,597
13-08-2026 13:00,63818.20,63825.20,63792.00,63792.60,621
13-08-2026 13:15,63792.60,63793.00,63774.80,63789.50,438
13-08-2026 13:30,63789.60,63839.60,63756.90,63756.90,540
13-08-2026 13:45,63756.90,63763.60,63709.70,63709.80,379
13-08-2026 14:00,63709.80,63732.70,63700.10,63731.50,405
13-08-2026 14:15,63731.50,63733.80,63661.00,63695.30,426
13-08-2026 14:30,63695.30,63696.20,63538.40,63540.40,574
13-08-2026 14:45,63541.30,63640.00,63501.20,63580.40,914
13-08-2026 15:00,63580.40,63631.70,63580.40,63631.00,516
13-08-2026 15:15,63631.00,63715.30,63628.20,63705.40,452
13-08-2026 15:30,63705.40,63745.00,63537.80,63540.40,696
13-08-2026 15:45,63540.40,63602.40,63538.30,63549.60,402
13-08-2026 16:00,63549.60,63561.00,63503.40,63559.80,386
13-08-2026 16:15,63562.10,63580.40,63554.60,63570.00,462
13-08-2026 16:30,63570.00,63581.80,63528.00,63543.80,522
13-08-2026 16:45,63543.80,63552.50,63357.10,63363.30,676
13-08-2026 17:00,63363.30,63397.20,63266.90,63385.50,758
13-08-2026 17:15,63385.50,63426.00,63374.00,63403.20,961
13-08-2026 17:30,63403.20,63483.50,63360.20,63483.50,748
13-08-2026 17:45,63483.50,63508.60,63464.80,63492.60,367
13-08-2026 18:00,63492.60,63606.10,63383.30,63505.70,1309
13-08-2026 18:15,63505.70,63625.50,63475.10,63609.50,902
13-08-2026 18:30,63609.50,63724.60,63609.50,63652.90,927
13-08-2026 18:45,63652.90,63653.90,63480.80,63518.20,1038
13-08-2026 19:00,63517.10,63771.40,63469.60,63726.40,1924
13-08-2026 19:15,63726.40,63768.50,63600.80,63639.70,1488
13-08-2026 19:30,63639.70,63765.80,63599.40,63729.10,1281
13-08-2026 19:45,63729.10,63810.80,63688.50,63735.00,1244
13-08-2026 20:00,63735.00,63920.00,63688.00,63879.30,1384
13-08-2026 20:15,63879.50,63890.20,63772.70,63783.90,991
13-08-2026 20:30,63784.30,63866.40,63737.50,63749.90,874
13-08-2026 20:45,63749.90,63815.40,63510.50,63553.70,1150
13-08-2026 21:00,63553.70,63678.30,63526.10,63646.00,1215
13-08-2026 21:15,63646.00,63649.40,63339.70,63340.20,1191
13-08-2026 21:30,63340.20,63435.00,63309.90,63387.20,1407
13-08-2026 21:45,63386.80,63495.00,63241.70,63284.40,1000
13-08-2026 22:00,63284.10,63360.40,62770.40,62919.70,1676
13-08-2026 22:15,62915.20,63165.80,62855.80,63080.70,1680
13-08-2026 22:30,63086.70,63086.70,62997.80,63051.70,1024
13-08-2026 22:45,63051.70,63184.30,63020.90,63109.10,1005
13-08-2026 23:00,63109.10,63189.10,63024.30,63167.00,903
13-08-2026 23:15,63167.00,63219.10,63064.40,63064.40,1107
13-08-2026 23:30,63064.40,63215.60,63039.70,63129.30,744
13-08-2026 23:45,63129.30,63176.20,63034.90,63038.90,700
14-08-2026 00:00,63038.90,63125.20,63029.70,63120.50,838
14-08-2026 00:15,63120.50,63289.80,63104.70,63227.50,1110
14-08-2026 00:30,63227.00,63436.50,63227.00,63326.50,1145
14-08-2026 00:45,63326.50,63351.10,63302.30,63336.60,692
14-08-2026 01:00,63336.60,63366.60,63307.70,63334.70,906
14-08-2026 01:15,63336.40,63386.60,63311.20,63325.80,686
14-08-2026 01:30,63327.80,63390.40,63288.60,63343.00,638
14-08-2026 01:45,63343.00,63386.60,63343.00,63373.50,490
14-08-2026 02:00,63373.50,63394.70,63326.10,63337.10,575
14-08-2026 02:15,63337.10,63337.60,63299.80,63336.00,550
14-08-2026 02:30,63336.00,63397.10,63311.00,63358.60,546
14-08-2026 02:45,63358.90,63380.50,63335.50,63379.30,507
14-08-2026 03:00,63379.30,63430.10,63365.50,63370.50,737
14-08-2026 03:15,63370.50,63399.60,63361.80,63397.50,751
14-08-2026 03:30,63397.50,63557.30,63394.10,63534.50,857
14-08-2026 03:45,63534.50,63571.00,63496.30,63550.00,732
14-08-2026 04:00,63550.00,63559.90,63477.40,63484.90,562
14-08-2026 04:15,63484.90,63491.30,63449.00,63455.40,390
14-08-2026 04:30,63455.40,63463.90,63374.30,63404.70,586
14-08-2026 04:45,63404.70,63420.40,63374.40,63404.30,544
14-08-2026 05:00,63404.30,63425.70,63368.30,63380.00,529
14-08-2026 05:15,63380.00,63412.80,63321.40,63412.30,635
14-08-2026 05:30,63412.30,63440.20,63355.60,63427.90,544
14-08-2026 05:45,63427.90,63485.40,63345.60,63370.70,667
14-08-2026 06:00,63370.70,63477.30,63332.20,63447.80,768
14-08-2026 06:15,63447.80,63479.90,63400.20,63467.60,841
14-08-2026 06:30,63467.70,63516.40,63409.80,63434.80,1008
14-08-2026 06:45,63434.80,63501.50,63381.90,63413.20,914
14-08-2026 07:00,63413.20,63488.60,63393.80,63488.20,593
14-08-2026 07:15,63488.20,63505.60,63447.90,63498.10,656
14-08-2026 07:30,63499.00,63547.20,63446.00,63490.50,799
14-08-2026 07:45,63490.90,63511.10,63403.30,63420.20,726
14-08-2026 08:00,63420.20,63489.80,63419.90,63443.10,617
14-08-2026 08:15,63443.10,63487.10,63391.40,63391.40,489
14-08-2026 08:30,63391.40,63422.00,63338.40,63421.70,672
14-08-2026 08:45,63421.70,63504.40,63385.00,63389.50,707
14-08-2026 09:00,63389.50,63389.50,63276.00,63303.90,547
14-08-2026 09:15,63303.90,63304.60,63224.50,63238.10,524
14-08-2026 09:30,63238.10,63334.90,63200.90,63332.50,652
14-08-2026 09:45,63332.50,63396.60,63285.30,63342.30,590
14-08-2026 10:00,63342.30,63349.80,63310.50,63317.30,460
14-08-2026 10:15,63317.30,63328.70,63288.40,63300.20,378
14-08-2026 10:30,63300.20,63322.80,63251.20,63255.40,438
14-08-2026 10:45,63255.40,63283.80,63201.80,63243.70,575
14-08-2026 11:00,63243.70,63295.20,63228.50,63273.20,441
14-08-2026 11:15,63273.20,63322.90,63263.60,63305.50,332
14-08-2026 11:30,63305.50,63306.40,63209.70,63209.70,525
14-08-2026 11:45,63209.70,63222.90,63101.40,63103.30,579
14-08-2026 12:00,63103.30,63162.30,63096.80,63105.90,524
14-08-2026 12:15,63105.90,63129.40,62866.60,62897.00,807
14-08-2026 12:30,62897.00,63013.10,62873.90,62996.80,877
14-08-2026 12:45,62996.80,63034.50,62992.70,63023.40,461
14-08-2026 13:00,63023.40,63024.00,62881.40,62945.90,677
14-08-2026 13:15,62945.90,62947.40,62834.80,62835.80,712
14-08-2026 13:30,62835.80,62867.50,62811.40,62828.60,752
14-08-2026 13:45,62828.60,62911.70,62653.00,62699.50,1034
14-08-2026 14:00,62699.50,62799.70,62612.40,62755.50,1040
14-08-2026 14:15,62755.50,62864.90,62734.40,62862.80,650
14-08-2026 14:30,62862.80,62862.80,62770.90,62798.00,531
14-08-2026 14:45,62797.80,62832.10,62710.30,62715.30,515
14-08-2026 15:00,62715.30,62740.90,62662.40,62688.10,639
14-08-2026 15:15,62688.10,62763.90,62688.10,62714.60,594
14-08-2026 15:30,62711.00,62784.50,62657.10,62774.70,736
14-08-2026 15:45,62774.70,62838.60,62760.60,62806.30,529
14-08-2026 16:00,62806.30,62862.50,62772.40,62791.10,584
14-08-2026 16:15,62791.10,62813.70,62718.30,62736.80,576
14-08-2026 16:30,62736.80,62794.60,62725.00,62776.00,829
14-08-2026 16:45,62776.00,62835.90,62756.20,62811.20,672
14-08-2026 17:00,62811.20,62857.00,62761.90,62813.20,590
14-08-2026 17:15,62814.20,62849.80,62772.40,62787.80,554
14-08-2026 17:30,62787.90,62820.50,62674.90,62742.50,756
14-08-2026 17:45,62742.50,62803.20,62718.40,62801.50,726
14-08-2026 18:00,62801.50,62829.50,62677.20,62683.90,773
14-08-2026 18:15,62683.90,62728.10,62642.10,62652.60,804
14-08-2026 18:30,62652.60,62671.20,62511.50,62597.70,1156
14-08-2026 18:45,62597.90,62709.30,62554.10,62693.80,956
14-08-2026 19:00,62693.80,62737.10,62526.20,62625.70,1900
14-08-2026 19:15,62626.30,62660.40,62513.70,62573.50,1506
14-08-2026 19:30,62573.60,62646.60,62511.80,62522.50,1737
14-08-2026 19:45,62522.60,62621.00,62487.50,62587.50,1745
14-08-2026 20:00,62587.60,62714.80,62565.80,62662.70,1630
14-08-2026 20:15,62666.50,62696.40,62462.50,62532.20,1287
14-08-2026 20:30,62532.20,62642.10,62525.80,62620.80,1191
14-08-2026 20:45,62620.80,62768.90,62595.50,62768.90,1235
14-08-2026 21:00,62772.00,62942.40,62704.20,62920.50,1544
14-08-2026 21:15,62920.50,63001.50,62862.00,62901.70,1182
14-08-2026 21:30,62901.70,63020.80,62881.60,62955.50,1098
14-08-2026 21:45,62955.50,63077.20,62950.00,63037.10,854
14-08-2026 22:00,63037.70,63140.10,63012.50,63128.10,985
14-08-2026 22:15,63128.10,63129.60,63024.50,63053.50,825
14-08-2026 22:30,63053.50,63101.20,63032.70,63101.20,761
14-08-2026 22:45,63101.20,63167.10,63082.60,63119.80,723
14-08-2026 23:00,63119.80,63143.80,62994.10,63032.00,889
14-08-2026 23:15,63032.70,63051.40,62918.50,62936.80,814
14-08-2026 23:30,62936.80,62994.50,62875.80,62923.40,738
14-08-2026 23:45,62923.40,63005.20,62923.40,62951.80,651
15-08-2026 00:00,62951.80,62956.70,62866.70,62890.30,712
15-08-2026 00:15,62891.00,62896.60,62804.30,62843.10,815
15-08-2026 00:30,62843.10,62843.30,62759.40,62772.20,848
15-08-2026 00:45,62772.20,62851.20,62740.00,62845.50,672
15-08-2026 01:00,62845.50,62897.60,62798.20,62897.60,756
15-08-2026 01:15,62897.60,62907.70,62852.30,62883.80,882
15-08-2026 01:30,62883.80,62940.30,62879.60,62886.10,661
15-08-2026 01:45,62886.10,62900.60,62840.30,62866.60,583
15-08-2026 02:00,62866.60,62875.30,62823.80,62827.80,384
15-08-2026 02:15,62827.80,62853.60,62813.20,62827.00,671
15-08-2026 02:30,62827.00,62857.60,62816.40,62826.40,722
15-08-2026 02:45,62826.40,62845.10,62804.00,62809.60,517
15-08-2026 03:00,62809.60,62834.60,62791.10,62807.30,622
15-08-2026 03:15,62805.70,62855.50,62798.30,62849.70,609
15-08-2026 03:30,62849.70,62881.40,62756.20,62756.40,761
15-08-2026 03:45,62756.40,62761.80,62717.00,62740.50,497
15-08-2026 04:00,62740.50,62809.70,62737.20,62806.50,542
15-08-2026 04:15,62806.50,62819.90,62786.10,62803.90,447
15-08-2026 04:30,62803.90,62857.80,62802.00,62854.00,495
15-08-2026 04:45,62854.00,62878.70,62784.50,62872.00,649
15-08-2026 05:00,62872.00,62952.00,62827.00,62931.70,706
15-08-2026 05:15,62931.70,62987.10,62929.70,62966.40,529
15-08-2026 05:30,62966.40,62983.90,62923.70,62936.60,490
15-08-2026 05:45,62936.60,62956.60,62918.40,62934.40,345
15-08-2026 06:00,62935.10,62949.40,62918.50,62940.20,437
15-08-2026 06:15,62940.20,62956.70,62916.00,62942.10,395
15-08-2026 06:30,62942.10,62958.40,62911.80,62935.00,459
15-08-2026 06:45,62935.70,62963.40,62920.10,62960.00,832
15-08-2026 07:00,62960.00,62967.30,62936.70,62953.30,590
15-08-2026 07:15,62953.30,62962.30,62939.90,62961.50,455
15-08-2026 07:30,62961.50,62985.20,62954.00,62978.10,474
15-08-2026 07:45,62978.10,63037.90,62978.10,63024.50,547
15-08-2026 08:00,63024.50,63058.20,63021.20,63034.50,526
15-08-2026 08:15,63034.50,63061.10,63034.00,63058.70,430
15-08-2026 08:30,63058.70,63077.70,63049.10,63071.60,484
15-08-2026 08:45,63076.50,63108.70,63002.30,63009.10,521
15-08-2026 09:00,63009.10,63014.40,62962.10,62987.90,418
15-08-2026 09:15,62987.90,63002.80,62965.20,62975.40,430
15-08-2026 09:30,62975.40,63026.30,62975.40,63025.10,374
15-08-2026 09:45,63025.30,63051.40,63022.70,63047.50,287
15-08-2026 10:00,63047.50,63075.20,63040.90,63075.20,368
15-08-2026 10:15,63075.20,63075.20,63038.50,63040.00,293
15-08-2026 10:30,63040.00,63076.80,63039.30,63076.30,552
15-08-2026 10:45,63076.30,63079.40,63039.80,63040.40,446
15-08-2026 11:00,63040.40,63047.30,62975.80,62998.10,477
15-08-2026 11:15,62998.10,63009.00,62954.50,63003.40,389
15-08-2026 11:30,63003.40,63017.50,62956.80,62959.70,291
15-08-2026 11:45,62959.70,62991.40,62953.60,62960.70,418
15-08-2026 12:00,62960.70,62994.50,62960.70,62993.10,436
15-08-2026 12:15,62993.10,63057.40,62992.80,63032.80,459
15-08-2026 12:30,63032.80,63051.80,62984.40,63051.30,312
15-08-2026 12:45,63051.30,63051.80,62988.90,62999.90,310
15-08-2026 13:00,62999.90,63023.20,62989.50,62998.40,240
15-08-2026 13:15,62998.20,63007.70,62963.70,62997.30,247
15-08-2026 13:30,62997.30,63006.10,62975.80,62977.50,261
15-08-2026 13:45,62979.20,62989.40,62965.80,62972.40,185
15-08-2026 14:00,62972.40,62974.50,62935.10,62937.50,214
15-08-2026 14:15,62937.50,62981.70,62850.80,62856.50,395
15-08-2026 14:30,62856.50,62882.60,62834.60,62878.30,368
15-08-2026 14:45,62878.30,62905.40,62874.60,62901.00,254
15-08-2026 15:00,62901.00,62951.00,62900.80,62940.60,302
15-08-2026 15:15,62940.60,62968.90,62938.40,62947.90,313
15-08-2026 15:30,62947.90,62956.20,62917.60,62938.70,220
15-08-2026 15:45,62938.70,62944.60,62934.40,62936.30,126
15-08-2026 16:00,62936.30,62965.20,62930.60,62954.30,235
15-08-2026 16:15,62954.30,62972.50,62942.90,62963.40,237
15-08-2026 16:30,62963.40,62963.40,62943.90,62945.70,188
15-08-2026 16:45,62945.70,62965.80,62945.30,62951.30,289
15-08-2026 17:00,62951.30,62971.10,62947.90,62971.10,245
15-08-2026 17:15,62971.10,62979.70,62915.80,62940.90,443
15-08-2026 17:30,62940.90,62940.90,62903.30,62903.30,329
15-08-2026 17:45,62903.30,62910.90,62898.50,62908.40,437
15-08-2026 18:00,62908.50,62909.10,62876.70,62882.00,298
15-08-2026 18:15,62882.00,62977.30,62864.40,62972.70,519
15-08-2026 18:30,62972.70,63003.10,62938.90,62992.60,491
15-08-2026 18:45,62992.60,63000.80,62947.70,62951.30,332
15-08-2026 19:00,62951.30,62966.10,62942.90,62948.50,271
15-08-2026 19:15,62948.50,62977.80,62947.30,62974.20,314
15-08-2026 19:30,62973.70,62973.70,62949.90,62968.00,469
15-08-2026 19:45,62968.00,62968.00,62908.90,62957.00,379
15-08-2026 20:00,62957.00,62964.60,62945.10,62957.60,386
15-08-2026 20:15,62957.60,62971.70,62955.00,62955.10,597
15-08-2026 20:30,62955.10,62963.30,62952.00,62952.50,570
15-08-2026 20:45,62952.50,62998.80,62942.40,62989.70,464
15-08-2026 21:00,62989.70,63043.40,62985.80,63029.70,1037
15-08-2026 21:15,63029.70,63032.80,63011.10,63014.10,1842
15-08-2026 21:30,63014.10,63017.00,62985.90,62996.80,1158
15-08-2026 21:45,62996.80,63042.10,62977.90,63042.10,404
15-08-2026 22:00,63042.10,63042.10,63007.40,63010.20,520
15-08-2026 22:15,63010.20,63022.50,63009.20,63012.30,424
15-08-2026 22:30,63012.30,63016.30,63010.50,63012.60,642
15-08-2026 22:45,63012.60,63023.00,62978.20,62986.60,495
15-08-2026 23:00,62986.60,62991.30,62982.30,62985.50,554
15-08-2026 23:15,62985.50,62990.40,62976.50,62987.90,576
15-08-2026 23:30,62987.90,63029.30,62979.60,63010.00,623
15-08-2026 23:45,63010.00,63018.20,62960.20,62965.10,479
16-08-2026 00:00,62965.10,62971.40,62960.30,62961.40,521
16-08-2026 00:15,62961.40,62978.30,62960.90,62976.80,386
16-08-2026 00:30,62976.80,63009.80,62976.20,63002.00,379
16-08-2026 00:45,63002.00,63040.60,63002.00,63017.90,375
16-08-2026 01:00,63017.90,63040.80,63013.10,63021.80,256
16-08-2026 01:15,63024.00,63042.30,63021.60,63040.30,415
16-08-2026 01:30,63039.90,63041.50,62989.40,62997.00,284
16-08-2026 01:45,62997.00,62999.80,62987.30,62996.70,320
16-08-2026 02:00,62996.70,63003.40,62989.10,63003.40,265
16-08-2026 02:15,63003.40,63026.40,63002.30,63022.10,353
16-08-2026 02:30,63022.10,63027.50,63016.60,63024.20,486
16-08-2026 02:45,63024.20,63067.90,63023.00,63066.90,559
16-08-2026 03:00,63066.30,63083.70,63059.20,63083.70,789
16-08-2026 03:15,63083.70,63087.20,63067.80,63075.20,937
16-08-2026 03:30,63075.20,63088.30,63063.40,63065.90,585
16-08-2026 03:45,63065.90,63073.00,63047.50,63070.50,519
16-08-2026 04:00,63070.50,63076.10,63069.20,63074.30,434
16-08-2026 04:15,63074.30,63094.50,63046.80,63050.50,797
16-08-2026 04:30,63050.50,63062.30,63026.30,63053.50,699
16-08-2026 04:45,63052.60,63053.50,63025.90,63028.20,588
16-08-2026 05:00,63028.20,63030.80,63015.20,63024.40,460
16-08-2026 05:15,63024.40,63026.60,63001.10,63008.20,438
16-08-2026 05:30,63008.20,63008.20,62988.50,62990.00,321
16-08-2026 05:45,62990.00,62993.80,62989.40,62991.50,250
16-08-2026 06:00,62991.50,62996.50,62983.00,62994.60,337
16-08-2026 06:15,62994.60,63009.80,62987.00,63001.20,256
16-08-2026 06:30,63001.20,63003.80,62968.10,62972.50,312
16-08-2026 06:45,62972.50,62998.20,62967.50,62976.10,328
16-08-2026 07:00,62976.10,62993.10,62925.60,62991.60,557
16-08-2026 07:15,62991.60,63004.60,62965.10,63003.50,356
16-08-2026 07:30,63003.50,63004.30,62939.50,62946.10,286
16-08-2026 07:45,62946.10,63042.30,62946.10,63035.70,510
16-08-2026 08:00,63035.70,63056.50,63030.30,63056.20,245
16-08-2026 08:15,63060.90,63063.20,63031.80,63042.70,505
16-08-2026 08:30,63042.70,63044.00,63037.60,63039.00,399
16-08-2026 08:45,63039.00,63041.20,63029.70,63040.40,269
16-08-2026 09:00,63040.40,63044.60,63038.70,63042.80,268
16-08-2026 09:15,63042.80,63049.10,63040.40,63046.70,407
16-08-2026 09:30,63046.70,63053.80,63046.70,63053.80,315
16-08-2026 09:45,63053.80,63076.10,63050.60,63073.70,404
16-08-2026 10:00,63073.70,63073.70,63038.90,63042.20,339
16-08-2026 10:15,63042.20,63047.70,63005.90,63006.50,416
16-08-2026 10:30,63006.50,63019.20,62994.00,63017.80,324
16-08-2026 10:45,63017.80,63018.60,62986.20,62990.50,363
16-08-2026 11:00,62990.50,62999.50,62975.30,62978.90,573
16-08-2026 11:15,62978.90,62985.50,62955.00,62960.00,288
16-08-2026 11:30,62989.80,62999.50,62965.20,62965.90,189
16-08-2026 11:45,62965.90,62993.10,62965.90,62993.10,329
16-08-2026 12:00,62993.10,62993.10,62976.70,62985.40,227
16-08-2026 12:15,62985.40,63008.80,62983.50,62984.30,293
16-08-2026 12:30,62984.30,62985.00,62971.60,62975.50,207
16-08-2026 12:45,62975.50,62986.50,62975.20,62981.90,533
16-08-2026 13:00,62981.90,62988.60,62972.30,62974.40,444
16-08-2026 13:15,62974.40,62983.00,62974.40,62978.60,280
16-08-2026 13:30,62978.60,62994.10,62978.00,62979.10,351
16-08-2026 13:45,62979.10,62995.40,62977.10,62994.00,314
16-08-2026 14:00,62994.10,62997.40,62985.80,62987.30,684
16-08-2026 14:15,62987.30,62991.10,62986.40,62989.40,266
16-08-2026 14:30,62989.40,62991.90,62985.10,62985.10,431
16-08-2026 14:45,62985.10,62990.50,62981.40,62983.60,421
16-08-2026 15:00,62983.60,62990.10,62909.90,62915.20,378
16-08-2026 15:15,62915.20,62935.10,62883.60,62907.10,554
16-08-2026 15:30,62907.10,62915.30,62880.90,62904.90,533
16-08-2026 15:45,62904.90,62934.30,62904.10,62932.60,371
16-08-2026 16:00,62932.60,62934.30,62921.70,62927.90,475
16-08-2026 16:15,62927.90,62931.80,62924.20,62931.00,358
16-08-2026 16:30,62928.90,62934.00,62918.70,62924.60,511
16-08-2026 16:45,62924.60,62928.30,62899.30,62906.50,540
16-08-2026 17:00,62906.50,62924.00,62902.30,62913.80,426
16-08-2026 17:15,62913.80,62935.10,62898.30,62933.30,705
16-08-2026 17:30,62933.30,62945.70,62931.70,62933.30,687
16-08-2026 17:45,62933.30,62940.50,62933.30,62936.80,216
16-08-2026 18:00,62936.80,62939.00,62911.50,62914.90,362
16-08-2026 18:15,62914.90,62938.80,62914.90,62937.60,597
16-08-2026 18:30,62937.60,62988.10,62936.10,62984.90,404
16-08-2026 18:45,62984.90,62990.20,62983.50,62987.40,315
16-08-2026 19:00,62987.40,62990.00,62976.70,62984.10,261
16-08-2026 19:15,62984.10,62986.30,62980.30,62980.30,551
16-08-2026 19:30,62980.40,62985.10,62976.90,62982.80,568
16-08-2026 19:45,62982.80,63021.50,62981.50,62992.70,481
16-08-2026 20:00,62992.70,63023.00,62989.20,63016.70,433
16-08-2026 20:15,63017.90,63025.60,63017.10,63025.00,472
16-08-2026 20:30,63025.00,63040.20,63023.20,63023.20,405
16-08-2026 20:45,63023.30,63034.90,63023.10,63033.80,534
16-08-2026 21:00,63033.80,63058.00,63031.10,63034.40,419
16-08-2026 21:15,63034.40,63062.50,63030.40,63062.30,388
16-08-2026 21:30,63062.30,63132.10,63051.20,63126.60,616
16-08-2026 21:45,63126.60,63272.40,63118.40,63241.20,838
16-08-2026 22:00,63241.20,63300.10,63208.20,63208.20,729
16-08-2026 22:15,63208.20,63212.10,63128.90,63174.90,550
16-08-2026 22:30,63174.90,63197.30,63129.70,63138.00,651
16-08-2026 22:45,63138.00,63155.30,63097.30,63108.40,554
16-08-2026 23:00,63108.40,63112.60,63039.90,63040.20,477
16-08-2026 23:15,63040.30,63086.60,63039.10,63074.70,430
16-08-2026 23:30,63074.70,63090.20,63037.60,63058.30,372
16-08-2026 23:45,63058.30,63099.90,63058.30,63079.00,377
17-08-2026 00:00,63079.00,63083.10,63058.00,63059.00,345
17-08-2026 00:15,63059.00,63072.10,63058.50,63061.40,352
17-08-2026 00:30,63061.40,63107.70,63061.20,63092.80,352
17-08-2026 00:45,63092.80,63141.60,63092.80,63140.30,395
17-08-2026 01:00,63140.50,63151.90,63071.10,63081.40,474
17-08-2026 01:15,63081.40,63094.20,63018.40,63027.70,506
17-08-2026 01:30,63027.70,63062.50,63027.70,63050.20,483
17-08-2026 01:45,63050.20,63053.70,63008.40,63012.60,276
17-08-2026 02:00,63012.60,63032.60,62963.50,62989.00,478
17-08-2026 02:15,62989.00,62994.10,62947.00,62987.80,433
17-08-2026 02:30,62987.80,62990.30,62949.10,62981.80,635
17-08-2026 02:45,62981.80,63006.90,62947.50,62952.70,558
17-08-2026 03:00,62952.70,62962.50,62701.60,62859.80,982
17-08-2026 03:15,62859.80,62904.50,62804.10,62849.90,992
17-08-2026 03:30,62849.90,62854.70,62716.80,62849.00,1111
17-08-2026 03:45,62848.90,62879.60,62754.90,62769.10,793
17-08-2026 04:00,62769.10,62769.10,62632.60,62711.50,837
17-08-2026 04:15,62711.50,62835.80,62660.10,62835.80,731
17-08-2026 04:30,62835.80,62916.50,62761.60,62761.60,722
17-08-2026 04:45,62761.60,62837.00,62746.10,62765.30,576
17-08-2026 05:00,62765.30,62823.30,62755.50,62821.70,489
17-08-2026 05:15,62821.70,62852.30,62800.10,62824.10,471
17-08-2026 05:30,62824.10,62855.40,62778.90,62830.50,660
17-08-2026 05:45,62830.70,62830.70,62675.50,62788.40,908
17-08-2026 06:00,62788.40,62876.10,62667.50,62868.10,809
17-08-2026 06:15,62868.10,62868.40,62760.80,62829.20,809
17-08-2026 06:30,62829.20,63091.80,62811.20,62966.30,1555
17-08-2026 06:45,62966.30,63077.50,62938.70,63038.90,1162
17-08-2026 07:00,63038.90,63161.40,63038.90,63136.80,984
17-08-2026 07:15,63136.80,63156.80,63028.90,63028.90,868
17-08-2026 07:30,63028.90,63052.30,62949.70,63001.30,858
17-08-2026 07:45,63001.30,63128.90,62965.10,63100.00,1016
17-08-2026 08:00,63100.00,63275.80,63049.90,63175.40,915
17-08-2026 08:15,63175.40,63418.30,63167.60,63325.20,1040
17-08-2026 08:30,63325.20,63365.10,63282.50,63335.20,763
17-08-2026 08:45,63335.20,63342.70,63265.20,63277.20,594
17-08-2026 09:00,63277.20,63307.10,63261.20,63271.90,460
17-08-2026 09:15,63271.90,63447.20,63267.10,63355.00,738
17-08-2026 09:30,63355.00,63450.00,63355.00,63407.70,598
17-08-2026 09:45,63407.70,63454.40,63395.20,63438.50,525
17-08-2026 10:00,63438.50,63450.40,63397.20,63418.00,533
17-08-2026 10:15,63418.00,63512.10,63418.00,63467.40,662
17-08-2026 10:30,63467.50,63469.40,63374.60,63457.00,651
17-08-2026 10:45,63457.30,63520.90,63406.20,63416.20,522
17-08-2026 11:00,63416.20,63427.40,63367.60,63390.80,482
17-08-2026 11:15,63390.80,63453.20,63382.20,63443.90,445
17-08-2026 11:30,63443.90,63541.90,63399.30,63502.00,676
17-08-2026 11:45,63502.00,63517.60,63482.20,63504.70,449
17-08-2026 12:00,63504.70,63531.50,63490.50,63527.60,381
17-08-2026 12:15,63527.60,63640.10,63527.10,63587.80,704
17-08-2026 12:30,63587.80,63593.30,63490.60,63511.00,655
17-08-2026 12:45,63511.00,63513.90,63455.90,63513.90,462
17-08-2026 13:00,63513.90,63513.90,63459.30,63459.30,330
17-08-2026 13:15,63459.30,63483.90,63448.90,63448.90,441
17-08-2026 13:30,63448.90,63476.40,63340.60,63353.80,672
17-08-2026 13:45,63353.80,63379.00,63326.00,63343.10,572
17-08-2026 14:00,63343.10,63359.70,63287.50,63292.00,478
17-08-2026 14:15,63292.00,63324.70,63265.30,63300.20,525
17-08-2026 14:30,63300.20,63343.80,63296.90,63338.90,577
17-08-2026 14:45,63338.90,63348.60,63251.10,63292.60,552
17-08-2026 15:00,63292.60,63295.70,63220.40,63222.40,457
17-08-2026 15:15,63222.40,63241.50,63205.50,63234.80,484
17-08-2026 15:30,63233.50,63251.70,63208.70,63249.60,472
17-08-2026 15:45,63249.60,63370.20,63212.00,63370.20,595
17-08-2026 16:00,63370.30,63558.50,63366.30,63552.10,967
17-08-2026 16:15,63552.10,63614.20,63508.90,63602.80,875
17-08-2026 16:30,63601.90,63626.90,63555.60,63582.70,502
17-08-2026 16:45,63582.70,63614.30,63555.40,63581.50,464
17-08-2026 17:00,63581.50,63616.30,63580.30,63610.70,309
17-08-2026 17:15,63610.70,63703.00,63506.00,63546.40,698
17-08-2026 17:30,63546.40,63601.70,63504.30,63585.10,627
17-08-2026 17:45,63585.10,63586.00,63442.50,63495.40,553
17-08-2026 18:00,63495.40,63562.70,63448.70,63486.10,749
17-08-2026 18:15,63486.10,63549.40,63463.00,63465.90,535
17-08-2026 18:30,63465.90,63494.30,63421.60,63470.00,678
17-08-2026 18:45,63470.00,63470.00,63350.20,63404.10,807
17-08-2026 19:00,63404.10,63712.10,63387.60,63573.00,1727
17-08-2026 19:15,63573.00,63647.10,63506.00,63588.30,1507
17-08-2026 19:30,63588.30,63653.40,63503.00,63617.20,1273
17-08-2026 19:45,63617.20,63660.00,63506.30,63537.50,1126
17-08-2026 20:00,63537.50,63622.00,63506.10,63541.40,937
17-08-2026 20:15,63541.40,63824.50,63525.20,63816.10,1213
17-08-2026 20:30,63816.10,63918.40,63779.50,63801.70,1102
17-08-2026 20:45,63801.70,64012.20,63737.20,63975.80,875
17-08-2026 21:00,63975.80,64052.10,63913.10,64012.40,1081
17-08-2026 21:15,64012.40,64162.70,64005.20,64128.80,1401
17-08-2026 21:30,64128.80,64145.00,63995.40,64002.70,1007
17-08-2026 21:45,64002.70,64072.80,63981.50,64024.60,892
17-08-2026 22:00,64024.60,64115.90,64010.30,64017.80,990
17-08-2026 22:15,64018.00,64078.00,64005.00,64047.50,939
17-08-2026 22:30,64047.50,64052.40,63917.70,63919.90,697
17-08-2026 22:45,63919.90,64368.00,63908.30,64142.90,1596
17-08-2026 23:00,64142.90,64228.10,64002.30,64159.70,1136
17-08-2026 23:15,64159.70,64282.90,64157.40,64263.90,1045
17-08-2026 23:30,64263.90,64329.70,64216.90,64311.30,938
17-08-2026 23:45,64311.30,64549.40,64307.20,64421.20,1457
18-08-2026 00:00,64423.70,64447.10,64329.50,64392.00,730
18-08-2026 00:15,64392.00,64421.30,64342.80,64367.40,542
18-08-2026 00:30,64367.70,64367.70,64254.90,64266.50,707
18-08-2026 00:45,64266.50,64361.50,64264.10,64341.30,585
18-08-2026 01:00,64341.30,64356.00,64273.80,64310.70,657
18-08-2026 01:15,64310.70,64310.70,64218.30,64249.70,708
18-08-2026 01:30,64249.60,64254.50,64200.70,64247.80,635
18-08-2026 01:45,64247.80,64377.40,64232.40,64356.50,592
18-08-2026 02:00,64356.50,64357.80,64290.00,64329.40,451
18-08-2026 02:15,64329.40,64350.00,64267.10,64328.90,481
18-08-2026 02:30,64328.90,64375.70,64302.10,64313.50,601
18-08-2026 02:45,64313.50,64349.10,64261.60,64264.10,286
18-08-2026 03:00,64264.10,64319.10,64245.60,64273.10,666
18-08-2026 03:15,64273.10,64328.50,64273.10,64319.30,585
18-08-2026 03:30,64319.30,64357.00,64243.10,64249.30,436
18-08-2026 03:45,64249.30,64281.60,64219.90,64228.30,341
18-08-2026 04:00,64228.40,64274.10,64210.20,64240.20,236
18-08-2026 04:15,64240.20,64249.50,64214.90,64227.20,239
18-08-2026 04:30,64227.20,64311.90,64216.70,64299.10,253
18-08-2026 04:45,64299.10,64425.60,64298.70,64425.60,423
18-08-2026 05:00,64427.00,64504.20,64392.30,64412.60,658
18-08-2026 05:15,64412.60,64514.30,64407.40,64464.40,550
18-08-2026 05:30,64464.70,64497.90,64349.80,64374.10,549
18-08-2026 05:45,64374.10,64441.30,64373.70,64396.20,560
18-08-2026 06:00,64396.20,64396.20,64319.90,64329.90,586
18-08-2026 06:15,64329.90,64330.80,64288.40,64315.20,622
18-08-2026 06:30,64315.20,64318.20,64222.40,64279.10,857
18-08-2026 06:45,64279.10,64294.10,64236.70,64259.10,543
18-08-2026 07:00,64259.10,64280.00,64170.60,64211.50,535
18-08-2026 07:15,64211.50,64211.50,64084.30,64135.70,659
18-08-2026 07:30,64135.70,64207.50,64113.30,64117.20,517
18-08-2026 07:45,64117.20,64134.90,64080.70,64084.80,564
18-08-2026 08:00,64084.80,64136.50,64048.40,64049.80,662
18-08-2026 08:15,64049.80,64063.40,63982.70,64030.50,796
18-08-2026 08:30,64030.50,64061.60,64008.40,64014.50,487
18-08-2026 08:45,64013.20,64069.90,64013.10,64039.00,638
18-08-2026 09:00,64039.00,64108.00,63969.40,64105.50,801
18-08-2026 09:15,64105.50,64112.40,64066.70,64104.70,557
18-08-2026 09:30,64104.70,64105.30,64007.90,64070.80,589
18-08-2026 09:45,64070.80,64081.00,64046.70,64078.90,372
18-08-2026 10:00,64078.90,64175.10,64078.90,64142.20,545
18-08-2026 10:15,64142.20,64152.50,64107.50,64137.40,449
18-08-2026 10:30,64137.40,64199.90,64103.00,64156.80,592
18-08-2026 10:45,64156.80,64188.00,64130.80,64179.40,509
18-08-2026 11:00,64179.40,64188.40,64065.50,64175.80,566
18-08-2026 11:15,64175.80,64176.80,64125.90,64161.40,410
18-08-2026 11:30,64161.40,64208.10,64086.40,64158.90,613
18-08-2026 11:45,64158.90,64288.90,64158.90,64270.20,596
18-08-2026 12:00,64270.20,64384.50,64270.20,64368.00,604
18-08-2026 12:15,64368.00,64368.80,64198.80,64253.50,765
18-08-2026 12:30,64253.50,64277.20,64207.90,64267.40,548
18-08-2026 12:45,64264.40,64282.70,64211.80,64211.80,323
18-08-2026 13:00,64211.80,64211.80,64165.50,64173.90,401
18-08-2026 13:15,64173.90,64175.80,64091.30,64126.30,403
18-08-2026 13:30,64126.30,64136.80,64014.60,64082.90,724
18-08-2026 13:45,64082.90,64165.20,64082.90,64138.70,499
18-08-2026 14:00,64138.70,64265.00,64129.10,64212.70,632
18-08-2026 14:15,64212.70,64216.10,64167.10,64214.20,535
18-08-2026 14:30,64214.20,64215.10,64153.10,64165.60,487
18-08-2026 14:45,64165.60,64165.60,64069.60,64082.30,352
18-08-2026 15:00,64082.30,64110.40,64060.90,64076.40,420
18-08-2026 15:15,64076.40,64106.40,64060.40,64097.30,403
18-08-2026 15:30,64097.30,64129.40,64057.40,64081.00,483
18-08-2026 15:45,64081.00,64102.70,64050.30,64083.70,350
18-08-2026 16:00,64083.70,64141.90,64083.70,64108.40,342
18-08-2026 16:15,64108.40,64132.40,64103.30,64123.40,241
18-08-2026 16:30,64123.40,64253.00,64117.60,64250.90,579
18-08-2026 16:45,64250.90,64305.90,64248.90,64293.70,487
18-08-2026 17:00,64293.70,64321.70,64267.60,64308.50,410
18-08-2026 17:15,64308.50,64329.70,64261.70,64273.00,350
18-08-2026 17:30,64273.00,64286.60,64206.80,64223.50,442
18-08-2026 17:45,64223.50,64264.20,64208.80,64227.80,341
18-08-2026 18:00,64227.80,64230.80,64177.80,64178.70,507
18-08-2026 18:15,64178.70,64181.50,64147.50,64148.80,444
18-08-2026 18:30,64148.80,64148.80,64084.60,64115.20,475
18-08-2026 18:45,64115.20,64115.40,63985.00,63998.70,619
18-08-2026 19:00,63998.70,64175.60,63975.00,64116.40,1623
18-08-2026 19:15,64115.80,64213.40,64041.80,64145.50,1422
18-08-2026 19:30,64145.50,64305.70,64145.10,64187.20,1264
18-08-2026 19:45,64187.30,64975.20,64179.50,64935.30,1917
18-08-2026 20:00,64935.30,64978.90,64671.20,64725.00,1475
18-08-2026 20:15,64725.00,64787.10,64607.70,64655.50,1424
18-08-2026 20:30,64655.50,64756.40,64588.50,64674.40,1487
18-08-2026 20:45,64674.40,64780.00,64654.60,64741.30,1190
18-08-2026 21:00,64741.30,64820.90,64732.40,64758.20,1166
18-08-2026 21:15,64758.20,64835.90,64741.60,64798.80,913
18-08-2026 21:30,64798.80,64839.40,64685.60,64694.50,1069
18-08-2026 21:45,64694.50,64701.70,64638.50,64648.80,770
18-08-2026 22:00,64648.80,64766.20,64616.30,64733.10,846
18-08-2026 22:15,64733.10,64821.50,64723.70,64781.50,805
18-08-2026 22:30,64781.50,64785.20,64717.80,64748.80,593
18-08-2026 22:45,64748.80,64776.50,64705.60,64776.50,529
18-08-2026 23:00,64776.50,64779.30,64661.50,64668.60,628
18-08-2026 23:15,64668.60,64682.70,64613.20,64613.20,583
18-08-2026 23:30,64613.20,64685.40,64598.60,64683.80,602
18-08-2026 23:45,64683.80,64761.50,64674.30,64746.70,556
19-08-2026 00:00,64746.70,64776.30,64705.60,64708.20,547
19-08-2026 00:15,64707.40,64753.40,64699.40,64721.20,355
19-08-2026 00:30,64721.20,64721.20,64660.20,64666.70,348
19-08-2026 00:45,64666.70,64747.60,64652.30,64727.10,293
19-08-2026 01:00,64727.10,64727.70,64618.80,64620.00,312
19-08-2026 01:15,64620.00,64636.20,64589.80,64597.80,599
19-08-2026 01:30,64597.50,64606.60,64529.70,64601.60,561
19-08-2026 01:45,64601.60,64601.60,64555.70,64557.70,357
19-08-2026 02:00,64557.70,64596.40,64545.30,64555.60,358
19-08-2026 02:15,64555.60,64567.10,64510.30,64524.20,399
19-08-2026 02:30,64524.20,64598.80,64521.30,64567.20,303
19-08-2026 02:45,64567.20,64575.40,64543.90,64567.90,229
19-08-2026 03:00,64567.90,64568.40,64508.90,64525.30,393
19-08-2026 03:15,64525.30,64556.40,64517.50,64546.80,620
19-08-2026 03:30,64546.80,64556.10,64509.50,64515.90,649
19-08-2026 03:45,64515.90,64556.40,64501.20,64539.70,459
19-08-2026 04:00,64539.70,64602.10,64536.30,64582.80,587
19-08-2026 04:15,64582.80,64583.90,64548.00,64583.70,292
19-08-2026 04:30,64583.70,64666.40,64573.30,64644.30,505
19-08-2026 04:45,64644.30,64685.40,64640.30,64666.10,496
19-08-2026 05:00,64666.10,64728.70,64666.10,64717.60,412
19-08-2026 05:15,64717.60,64731.90,64667.60,64668.60,421
19-08-2026 05:30,64668.60,64684.80,64526.60,64527.80,694
19-08-2026 05:45,64527.80,64620.30,64488.50,64549.70,733
19-08-2026 06:00,64549.70,64601.00,64487.10,64504.70,662
19-08-2026 06:15,64504.70,64527.40,64425.60,64432.50,665
19-08-2026 06:30,64432.50,64490.00,64377.50,64470.60,964
19-08-2026 06:45,64470.60,64476.80,64383.30,64429.50,883
19-08-2026 07:00,64429.50,64437.00,64341.30,64361.90,702
19-08-2026 07:15,64361.90,64387.10,64329.10,64344.60,639
19-08-2026 07:30,64344.60,64350.70,64291.90,64337.10,704
19-08-2026 07:45,64337.10,64356.40,64283.80,64329.60,742
19-08-2026 08:00,64329.60,64352.00,64307.80,64321.50,468
19-08-2026 08:15,64321.50,64353.50,64280.20,64282.90,506
19-08-2026 08:30,64282.90,64299.30,64210.10,64283.10,783
19-08-2026 08:45,64283.10,64352.90,64283.10,64292.90,756
19-08-2026 09:00,64292.90,64303.70,64263.50,64275.50,478
19-08-2026 09:15,64275.50,64312.30,64260.20,64261.70,519
19-08-2026 09:30,64261.70,64266.60,64225.20,64250.50,478
19-08-2026 09:45,64250.50,64328.30,64250.50,64292.70,492
19-08-2026 10:00,64292.90,64306.60,64259.40,64279.60,635
19-08-2026 10:15,64279.60,64304.80,64233.50,64241.70,540
19-08-2026 10:30,64241.70,64346.10,64239.30,64339.00,641
19-08-2026 10:45,64339.00,64339.90,64238.40,64294.10,445
19-08-2026 11:00,64294.10,64294.10,64249.60,64252.70,333
19-08-2026 11:15,64252.70,64255.30,64165.20,64173.30,619
19-08-2026 11:30,64173.30,64187.80,64100.10,64112.50,613
19-08-2026 11:45,64112.50,64239.30,64112.10,64209.80,638
19-08-2026 12:00,64209.80,64227.50,64186.60,64201.90,561
19-08-2026 12:15,64201.90,64281.00,64197.10,64276.30,679
19-08-2026 12:30,64276.10,64310.90,64198.50,64302.20,636
19-08-2026 12:45,64302.20,64305.80,64239.70,64274.30,493
19-08-2026 13:00,64274.30,64332.70,64266.80,64290.40,366
19-08-2026 13:15,64290.40,64312.00,64228.00,64228.10,352
19-08-2026 13:30,64228.10,64260.40,64185.00,64186.40,432
19-08-2026 13:45,64186.40,64225.60,64177.90,64220.20,330
19-08-2026 14:00,64220.20,64444.10,64217.90,64380.00,822
19-08-2026 14:15,64380.00,64408.90,64344.00,64344.00,526
19-08-2026 14:30,64344.00,64407.50,64318.20,64318.60,584
19-08-2026 14:45,64318.60,64351.20,64304.10,64323.40,354
19-08-2026 15:00,64323.40,64332.40,64293.00,64304.80,317
19-08-2026 15:15,64304.80,64362.10,64297.30,64358.70,427
19-08-2026 15:30,64358.70,64358.70,64303.10,64322.00,311
19-08-2026 15:45,64322.00,64331.60,64294.70,64329.50,313
19-08-2026 16:00,64329.50,64357.10,64305.80,64331.80,529
19-08-2026 16:15,64331.80,64391.60,64324.70,64385.10,412
19-08-2026 16:30,64384.70,64470.50,64373.90,64438.70,829
19-08-2026 16:45,64438.70,64464.90,64410.30,64440.30,684
19-08-2026 17:00,64440.30,64464.10,64400.00,64404.10,633
19-08-2026 17:15,64404.10,64462.80,64402.40,64446.40,414
19-08-2026 17:30,64446.40,64452.10,64403.90,64440.40,499
19-08-2026 17:45,64440.40,64441.30,64416.00,64426.70,336
19-08-2026 18:00,64426.70,64883.40,64415.40,64883.30,1247
19-08-2026 18:15,64883.20,64921.70,64758.20,64816.50,1411
19-08-2026 18:30,64816.70,64932.70,64723.00,64857.00,1091
19-08-2026 18:45,64857.00,64976.50,64856.80,64946.70,900
19-08-2026 19:00,64946.50,65157.90,64739.10,64979.30,2240
19-08-2026 19:15,64979.40,65124.80,64918.40,64948.10,2203
19-08-2026 19:30,64948.10,65379.20,64947.30,65336.50,2162
19-08-2026 19:45,65336.50,65420.00,65264.70,65351.00,1731
19-08-2026 20:00,65351.00,65451.50,65289.60,65406.70,1455
19-08-2026 20:15,65406.70,65922.90,65389.00,65871.50,1751
19-08-2026 20:30,65871.50,66739.20,65838.90,66618.40,1524
19-08-2026 20:45,66618.40,69563.40,66557.20,68229.40,2114
19-08-2026 21:00,68229.40,68784.20,67731.80,68644.40,2514
19-08-2026 21:15,68644.40,68644.40,68186.40,68507.30,2497
19-08-2026 21:30,68507.30,68918.80,68482.30,68510.50,2041
19-08-2026 21:45,68510.50,68873.90,68510.50,68853.40,1711
19-08-2026 22:00,68854.60,68856.40,68508.30,68551.10,1549
19-08-2026 22:15,68551.10,68668.70,68380.70,68418.30,1305
19-08-2026 22:30,68417.70,68496.70,68181.20,68202.80,1583
19-08-2026 22:45,68202.30,68278.30,67797.30,67959.90,1745
19-08-2026 23:00,67959.90,68007.20,67785.90,68006.60,1399
19-08-2026 23:15,68006.60,68223.50,67997.10,68155.10,1175
19-08-2026 23:30,68155.10,68219.70,67997.50,68152.10,1636
19-08-2026 23:45,68152.10,68294.10,68139.00,68249.50,1538
20-08-2026 00:00,68240.70,68407.50,68198.50,68407.40,1322
20-08-2026 00:15,68407.40,68434.10,68287.20,68369.60,1069
20-08-2026 00:30,68365.80,68421.30,68064.00,68077.20,1420
20-08-2026 00:45,68077.20,68362.40,68077.20,68147.20,1972
20-08-2026 01:00,68148.20,68376.10,68102.10,68366.30,1316
20-08-2026 01:15,68367.90,68455.80,68333.20,68393.70,1252
20-08-2026 01:30,68393.70,68677.70,68351.70,68652.70,1182
20-08-2026 01:45,68650.70,68779.90,68532.20,68667.00,1192
20-08-2026 02:00,68667.10,68765.60,68615.20,68633.00,1226
20-08-2026 02:15,68633.00,69539.30,68584.90,69017.00,1924
20-08-2026 02:30,69017.00,69865.50,68952.40,69407.30,2394
20-08-2026 02:45,69407.30,69718.60,69232.70,69607.30,2237
20-08-2026 03:00,69607.30,69809.10,69346.80,69638.10,2495
20-08-2026 03:15,69638.10,70004.20,69475.70,69684.10,2297
20-08-2026 03:30,69684.00,69804.60,69261.80,69261.80,2039
20-08-2026 03:45,69259.00,69368.80,69106.20,69112.60,1827
20-08-2026 04:00,69112.60,69432.60,68946.00,69300.00,1928
20-08-2026 04:15,69299.80,69300.30,69063.00,69205.00,1838
20-08-2026 04:30,69205.00,69363.30,69161.40,69299.60,1742
20-08-2026 04:45,69299.60,69407.40,69219.70,69327.40,1434
20-08-2026 05:00,69327.40,69348.20,69196.00,69273.00,1676
20-08-2026 05:15,69272.90,69293.90,69112.10,69286.10,1566
20-08-2026 05:30,69286.10,69613.30,69267.70,69517.50,1733
20-08-2026 05:45,69517.50,69737.30,69509.00,69579.30,1742
20-08-2026 06:00,69579.30,69647.50,69429.10,69518.50,1731
20-08-2026 06:15,69517.70,69664.40,69323.10,69372.50,1767
20-08-2026 06:30,69372.50,69465.60,69233.80,69322.10,1747
20-08-2026 06:45,69322.20,69395.50,69221.90,69276.60,1639
20-08-2026 07:00,69276.60,69589.90,69244.60,69582.30,1574
20-08-2026 07:15,69582.30,69840.30,69582.30,69663.10,1349
20-08-2026 07:30,69663.10,69773.60,69575.40,69635.80,716
20-08-2026 07:45,69635.80,69663.70,69433.40,69456.50,1351
20-08-2026 08:00,69455.40,69492.80,69262.60,69263.60,1216
20-08-2026 08:15,69263.60,69310.80,69213.00,69241.50,973
20-08-2026 08:30,69238.70,69247.30,68929.90,68945.60,1196
20-08-2026 08:45,68945.60,69145.30,68880.10,68905.00,1199
20-08-2026 09:00,68904.80,69139.10,68902.10,69125.80,1303
20-08-2026 09:15,69125.80,69272.20,69089.40,69125.50,1213
20-08-2026 09:30,69125.40,69317.00,69091.40,69309.00,1227
20-08-2026 09:45,69309.00,69333.00,69226.60,69294.50,900
20-08-2026 10:00,69294.50,69316.30,69165.30,69271.00,1067
20-08-2026 10:15,69271.00,69526.50,69271.00,69428.60,869
20-08-2026 10:30,69428.60,69498.40,69399.40,69406.60,723
20-08-2026 10:45,69406.60,69611.20,69393.50,69524.90,1023
20-08-2026 11:00,69524.90,69576.80,69467.00,69497.70,819
20-08-2026 11:15,69497.70,69497.70,69302.90,69355.90,1214
20-08-2026 11:30,69355.90,69384.30,69302.70,69321.70,1044
20-08-2026 11:45,69321.20,69636.90,69287.50,69544.20,1204
20-08-2026 12:00,69544.20,69732.80,69534.90,69721.50,956
20-08-2026 12:15,69720.20,69854.30,69717.70,69793.90,887
20-08-2026 12:30,69793.90,69930.60,69700.60,69736.10,1228
20-08-2026 12:45,69736.10,69739.20,69546.60,69626.00,911
20-08-2026 13:00,69626.00,69626.00,69441.30,69550.80,1489
20-08-2026 13:15,69550.80,69768.00,69506.00,69768.00,1302
20-08-2026 13:30,69768.00,71284.90,69724.50,71234.00,2026
20-08-2026 13:45,71232.70,71502.60,70971.60,71278.60,2189
20-08-2026 14:00,71280.80,71551.40,71117.40,71436.80,2022
20-08-2026 14:15,71436.80,71734.10,71374.40,71510.40,1929
20-08-2026 14:30,71510.40,71892.10,71428.30,71860.40,1912
20-08-2026 14:45,71862.60,71979.50,71677.20,71751.60,1880
20-08-2026 15:00,71751.60,71975.60,71671.40,71922.90,1872
20-08-2026 15:15,71922.40,71955.70,71608.20,71724.40,1861
20-08-2026 15:30,71724.40,72026.60,71628.40,72026.60,2105
20-08-2026 15:45,72046.30,72393.10,71922.10,71969.10,2211
20-08-2026 16:00,71969.10,71973.10,71690.00,71737.40,2378
20-08-2026 16:15,71737.40,71930.00,71737.40,71930.00,1754
20-08-2026 16:30,71930.00,72079.00,71779.00,71923.10,2212
20-08-2026 16:45,71923.10,71973.20,71803.50,71826.50,2036
20-08-2026 17:00,71826.50,72261.40,71799.50,72086.50,2133
20-08-2026 17:15,72086.50,72213.10,71749.10,71856.40,2022
20-08-2026 17:30,71856.30,71917.10,71422.50,71720.40,2234
20-08-2026 17:45,71720.40,71810.30,71617.00,71770.10,1913
20-08-2026 18:00,71770.10,71925.60,71614.10,71673.00,1120
20-08-2026 18:15,71673.00,71889.20,71443.30,71882.80,1731
20-08-2026 18:30,71882.80,72015.00,71825.70,71989.30,1692
20-08-2026 18:45,71989.30,71989.30,71796.10,71891.80,1407
20-08-2026 19:00,71892.20,71896.50,71076.80,71608.00,2410
20-08-2026 19:15,71608.00,71772.60,71374.10,71612.10,2354
20-08-2026 19:30,71612.10,71917.00,71545.30,71751.70,2151
20-08-2026 19:45,71751.60,71757.10,71338.00,71387.20,2302
20-08-2026 20:00,71387.20,71657.60,71348.90,71489.20,2152
20-08-2026 20:15,71489.20,71767.20,71352.20,71765.00,2073
20-08-2026 20:30,71765.00,72495.50,71731.10,72187.30,2384
20-08-2026 20:45,72187.70,72362.00,71924.10,72362.00,2269
20-08-2026 21:00,72361.00,72747.30,72124.50,72189.90,2291
20-08-2026 21:15,72189.90,72521.50,72123.00,72416.20,2195
20-08-2026 21:30,72415.10,72467.20,72227.00,72266.20,2110
20-08-2026 21:45,72267.40,72377.70,72165.10,72365.30,1684
20-08-2026 22:00,72365.30,72654.20,72233.40,72606.50,1876
20-08-2026 22:15,72606.50,72833.30,72484.40,72794.00,2022
20-08-2026 22:30,72794.00,72841.60,72506.10,72654.70,1805
20-08-2026 22:45,72654.70,72795.00,72527.40,72776.50,1902
20-08-2026 23:00,72776.70,72829.70,72641.30,72722.60,1687
20-08-2026 23:15,72722.60,72927.30,72673.00,72705.20,1785
20-08-2026 23:30,72706.80,72780.10,72441.10,72579.70,1713
20-08-2026 23:45,72579.70,72709.00,72467.60,72655.70,1474
21-08-2026 00:00,72655.70,72672.10,72358.20,72461.00,1599
21-08-2026 00:15,72461.00,72590.40,72379.10,72395.80,1210
21-08-2026 00:30,72395.80,72473.20,72301.60,72447.20,1464
21-08-2026 00:45,72447.20,72606.10,72443.20,72578.00,1208
21-08-2026 01:00,72578.00,72756.10,72517.70,72693.80,1345
21-08-2026 01:15,72693.80,72727.90,72561.10,72618.90,1702
21-08-2026 01:30,72627.00,72760.40,72598.60,72672.30,988
21-08-2026 01:45,72672.30,72882.40,72598.00,72803.00,951
21-08-2026 02:00,72803.00,72982.90,72676.30,72737.90,1251
21-08-2026 02:15,72738.10,72757.30,72567.10,72641.40,1082
21-08-2026 02:30,72641.40,72669.90,72529.50,72668.70,762
21-08-2026 02:45,72668.70,72814.30,72618.40,72631.20,648
21-08-2026 03:00,72631.20,72803.00,72626.60,72711.80,892
21-08-2026 03:15,72711.80,72747.50,72675.10,72710.60,788
21-08-2026 03:30,72710.60,72728.20,72463.00,72575.70,1273
21-08-2026 03:45,72575.70,72801.10,72522.90,72767.70,1182
21-08-2026 04:00,72767.70,72776.30,72641.50,72656.90,974
21-08-2026 04:15,72656.90,72845.50,72639.70,72650.40,1087
21-08-2026 04:30,72650.40,72901.40,72629.80,72897.30,820
21-08-2026 04:45,72894.50,73356.20,72871.50,73184.60,1872
21-08-2026 05:00,73186.60,73368.40,73044.70,73072.80,2049
21-08-2026 05:15,73073.20,73124.40,72955.30,72996.10,1962
21-08-2026 05:30,72996.90,73471.20,72990.00,73456.70,2399
21-08-2026 05:45,73456.50,73845.90,73316.60,73673.90,2718
21-08-2026 06:00,73685.60,73948.30,73496.00,73646.90,2540
21-08-2026 06:15,73654.30,73814.10,73546.80,73669.70,2263
21-08-2026 06:30,73669.40,73956.90,73628.50,73953.10,2041
21-08-2026 06:45,73953.10,74805.60,73913.50,74685.40,3099
21-08-2026 07:00,74684.70,74982.00,74502.70,74699.50,2925
21-08-2026 07:15,74699.50,75725.60,74662.90,75084.20,2733
21-08-2026 07:30,75084.20,75144.00,74637.10,74830.50,2586
21-08-2026 07:45,74830.50,74936.00,74602.80,74926.10,2149
21-08-2026 08:00,74926.10,75032.30,74554.60,74665.90,2067
21-08-2026 08:15,74665.90,74679.10,74334.00,74385.20,1959
21-08-2026 08:30,74391.00,74446.30,74201.40,74404.80,1787
21-08-2026 08:45,74404.90,74591.80,74265.10,74559.10,1449
21-08-2026 09:00,74559.10,74673.30,74378.30,74623.60,1649
21-08-2026 09:15,74622.40,74821.70,74450.00,74469.30,1812
21-08-2026 09:30,74469.30,74857.50,74469.30,74826.80,1766
21-08-2026 09:45,74826.80,74905.00,74736.50,74774.20,1400
21-08-2026 10:00,74774.20,74951.30,74736.30,74913.70,1456
21-08-2026 10:15,74913.70,74999.70,74874.50,74985.00,1333
21-08-2026 10:30,74985.00,75292.10,74867.20,75278.10,1623
21-08-2026 10:45,75276.30,75446.70,75016.20,75154.80,2021
21-08-2026 11:00,75154.80,75342.60,75054.80,75227.90,1810
21-08-2026 11:15,75229.50,75417.40,75164.30,75414.10,1933
21-08-2026 11:30,75414.10,75474.00,75222.30,75244.60,2084
21-08-2026 11:45,75244.60,75446.10,75051.90,75286.60,2007
21-08-2026 12:00,75286.40,75681.40,75265.70,75340.10,2262
21-08-2026 12:15,75338.50,75594.80,75243.20,75590.30,2004
21-08-2026 12:30,75590.30,75960.20,75561.60,75911.10,2194
21-08-2026 12:45,75910.70,76843.20,75881.20,76358.00,3058
21-08-2026 13:00,76357.30,76712.80,76231.40,76543.00,2856
21-08-2026 13:15,76543.00,76589.60,76165.40,76273.00,2416
21-08-2026 13:30,76273.00,77110.90,76225.50,76850.80,2388
21-08-2026 13:45,76849.30,77344.50,76809.30,77192.70,2955
21-08-2026 14:00,77191.30,77763.30,77131.10,77615.60,3052
21-08-2026 14:15,77615.50,79459.00,77545.90,79232.50,3266
21-08-2026 14:30,79232.90,79319.00,77235.40,77866.90,3278
21-08-2026 14:45,77862.50,77916.30,77449.50,77678.00,3012
21-08-2026 15:00,77674.60,78311.90,77582.00,78156.10,2744
21-08-2026 15:15,78159.60,78332.10,77579.00,77880.90,2755
21-08-2026 15:30,77871.80,78072.10,77583.80,78021.80,2488
21-08-2026 15:45,78021.30,78219.10,77634.10,77884.60,2450
21-08-2026 16:00,77884.60,77934.30,77588.90,77812.20,2196
21-08-2026 16:15,77812.20,77967.80,77704.40,77784.50,1922
21-08-2026 16:30,77781.60,77818.50,77298.30,77505.10,2231
21-08-2026 16:45,77506.30,77637.90,77209.80,77376.20,2700
21-08-2026 17:00,77376.40,77400.10,76397.00,76823.20,2760
21-08-2026 17:15,76822.50,76990.80,76575.10,76689.80,2606
21-08-2026 17:30,76690.70,76963.00,76494.80,76885.90,2521
21-08-2026 17:45,76885.90,76885.90,76605.40,76650.70,2151
21-08-2026 18:00,76652.90,77404.00,76595.00,77388.80,2301
21-08-2026 18:15,77390.10,77441.90,77069.40,77183.20,2163
21-08-2026 18:30,77183.40,77350.30,76994.30,77152.30,2117
21-08-2026 18:45,77151.00,77165.80,76798.10,77048.90,2544
21-08-2026 19:00,77048.30,77283.30,76206.70,77267.50,3156
21-08-2026 19:15,77268.10,77658.30,77094.30,77220.20,3021
21-08-2026 19:30,77220.20,77222.00,76668.00,76730.90,2937
21-08-2026 19:45,76731.20,77156.90,76507.60,77022.80,2995
21-08-2026 20:00,77023.20,77196.50,76816.30,77105.60,2638
21-08-2026 20:15,77103.90,77409.60,77076.00,77347.90,2259
21-08-2026 20:30,77346.50,77756.80,77284.50,77675.30,2352
21-08-2026 20:45,77677.00,77828.80,77484.40,77579.60,2307
21-08-2026 21:00,77579.60,77719.90,77438.50,77461.30,1957
21-08-2026 21:15,77461.30,77509.50,77121.70,77128.10,2058
21-08-2026 21:30,77128.10,77264.70,76813.60,76813.60,2102
21-08-2026 21:45,76807.10,77343.20,76767.90,77343.20,2030
21-08-2026 22:00,77343.60,77343.60,77190.60,77319.20,1695
21-08-2026 22:15,77317.50,77509.10,77270.60,77436.20,1846
21-08-2026 22:30,77437.00,77680.10,77420.20,77522.50,1750
21-08-2026 22:45,77524.80,77526.80,77145.60,77523.70,1885
21-08-2026 23:00,77523.70,77616.00,77301.60,77336.30,1869
21-08-2026 23:15,77340.40,77479.80,77277.70,77358.60,1554
21-08-2026 23:30,77359.00,77509.10,77237.40,77284.70,1438
21-08-2026 23:45,77284.70,77455.50,77219.20,77345.50,1498
22-08-2026 00:00,77345.20,77408.00,76818.60,76891.50,1734
22-08-2026 00:15,76894.10,77096.00,76593.00,77096.00,2017
22-08-2026 00:30,77096.40,77144.50,76811.30,77097.70,2080
22-08-2026 00:45,77097.70,77293.20,76919.90,77278.60,1763
22-08-2026 01:00,77278.60,77318.20,77053.10,77139.80,1562
22-08-2026 01:15,77137.60,77211.20,76975.60,76986.70,1843
22-08-2026 01:30,76986.50,77264.10,76817.40,77235.00,1935
22-08-2026 01:45,77237.70,77502.40,77235.40,77460.50,2026
22-08-2026 02:00,77460.50,77500.70,77310.50,77443.30,1651
22-08-2026 02:15,77443.30,77504.10,77280.60,77481.70,1543
22-08-2026 02:30,77481.60,77780.00,77346.40,77654.10,1732
22-08-2026 02:45,77649.80,78180.10,77545.00,78049.70,2470
22-08-2026 03:00,78053.90,78477.80,77957.60,78214.20,2845
22-08-2026 03:15,78213.10,78651.30,78196.90,78479.80,2637
22-08-2026 03:30,78479.80,78730.80,78149.90,78710.70,2516
22-08-2026 03:45,78716.60,78716.60,78323.70,78478.50,2829
22-08-2026 04:00,78478.60,78557.70,78070.70,78491.40,2853
22-08-2026 04:15,78490.40,78594.80,78226.20,78433.70,2631
22-08-2026 04:30,78433.90,78594.60,78316.50,78520.80,2490
22-08-2026 04:45,78520.80,78695.50,78332.90,78383.30,2490
22-08-2026 05:00,78383.20,78487.80,78124.30,78358.80,2121
22-08-2026 05:15,78358.80,78389.40,78097.80,78310.80,1600
22-08-2026 05:30,78309.80,78482.90,77716.10,77887.10,2333
22-08-2026 05:45,77887.10,78076.80,77831.10,77893.00,1632
22-08-2026 06:00,77893.00,78032.90,77720.40,77813.10,1730
22-08-2026 06:15,77813.10,77967.30,77673.80,77919.10,1747
22-08-2026 06:30,77918.80,78158.70,77879.20,78085.80,1715
22-08-2026 06:45,78087.30,78145.30,77872.40,77986.00,1505
22-08-2026 07:00,77986.00,78206.80,77874.50,77892.40,1621
22-08-2026 07:15,77892.40,77983.00,77788.80,77804.70,1643
22-08-2026 07:30,77804.70,78085.90,77759.50,78030.40,1678
22-08-2026 07:45,78030.40,78445.10,78011.30,78353.30,1764
22-08-2026 08:00,78353.30,78483.10,78133.10,78474.40,2184
22-08-2026 08:15,78476.70,78534.20,78284.40,78455.20,1759
22-08-2026 08:30,78455.20,78675.50,78349.40,78372.90,1670
22-08-2026 08:45,78372.90,78766.30,78335.60,78738.50,1827
22-08-2026 09:00,78738.50,78793.60,78531.20,78622.70,1934
22-08-2026 09:15,78622.70,78665.80,78364.10,78387.00,1622
22-08-2026 09:30,78387.00,78441.60,78213.10,78372.50,1697
22-08-2026 09:45,78372.50,78565.70,78176.60,78565.70,1670
22-08-2026 10:00,78565.70,78786.70,78492.70,78637.50,2298
22-08-2026 10:15,78637.50,78669.00,78430.70,78441.90,1846
22-08-2026 10:30,78435.20,78561.80,76500.70,77308.70,2419
22-08-2026 10:45,77306.90,77508.60,76706.90,77273.70,2985
22-08-2026 11:00,77273.50,77532.20,76891.20,77144.30,2832
22-08-2026 11:15,77147.20,77478.70,77037.80,77348.00,2324
22-08-2026 11:30,77351.40,77416.60,77123.50,77147.40,1901
22-08-2026 11:45,77147.90,77368.40,77147.90,77219.70,1784
22-08-2026 12:00,77219.70,77540.20,76970.60,77385.90,1911
22-08-2026 12:15,77372.20,77513.20,77357.90,77458.70,1339
22-08-2026 12:30,77458.70,77638.30,77250.50,77346.50,1801
22-08-2026 12:45,77346.50,77465.90,77189.40,77457.40,1837
22-08-2026 13:00,77457.40,77480.60,77267.60,77382.30,1468
22-08-2026 13:15,77384.50,77415.50,77243.90,77270.50,1155
22-08-2026 13:30,77270.50,77402.80,77168.10,77391.60,1378
22-08-2026 13:45,77396.50,77412.30,77078.00,77191.20,1364
22-08-2026 14:00,77192.10,77293.70,77010.40,77265.10,2019
22-08-2026 14:15,77263.00,77266.30,77081.30,77178.00,1516
22-08-2026 14:30,77178.00,77347.00,77021.30,77343.60,1716
22-08-2026 14:45,77343.60,77360.90,77136.20,77181.20,1564
22-08-2026 15:00,77181.20,77224.60,77123.00,77173.20,1027
22-08-2026 15:15,77172.60,77172.60,76813.80,77030.30,1749
22-08-2026 15:30,77030.30,77047.00,76657.40,76686.20,2176
22-08-2026 15:45,76686.20,76927.70,76509.00,76904.20,2303
22-08-2026 16:00,76904.60,77143.50,76836.00,77136.10,1808
22-08-2026 16:15,77136.10,77164.20,76863.90,76950.70,1524
22-08-2026 16:30,76950.70,77043.40,76793.40,76839.30,1670
22-08-2026 16:45,76839.30,76962.10,76783.10,76950.90,1669
22-08-2026 17:00,76949.80,77161.40,76919.30,77146.70,1549
22-08-2026 17:15,77146.70,77184.80,77039.20,77104.30,1356
22-08-2026 17:30,77104.30,77253.70,77047.20,77223.60,1995
22-08-2026 17:45,77223.60,77317.70,77177.10,77306.60,1613
22-08-2026 18:00,77306.60,77309.60,77178.60,77282.90,1062
22-08-2026 18:15,77282.90,77355.10,77233.70,77279.90,1280
22-08-2026 18:30,77279.90,77291.80,77165.40,77199.60,1384
22-08-2026 18:45,77199.60,77231.00,77096.20,77147.30,1256
22-08-2026 19:00,77147.30,77176.20,77086.10,77143.40,1372
22-08-2026 19:15,77143.40,77344.60,77124.60,77263.10,1490
22-08-2026 19:30,77261.80,77297.90,76956.00,77011.20,1695
22-08-2026 19:45,77011.20,77071.90,76935.10,77066.00,1582
22-08-2026 20:00,77066.00,77141.20,76927.10,76936.00,1378
22-08-2026 20:15,76936.00,77056.80,76911.90,76979.40,1174
22-08-2026 20:30,76979.40,77065.80,76914.90,76915.80,1254
22-08-2026 20:45,76914.80,76998.40,76858.40,76956.70,1381
22-08-2026 21:00,76956.70,77076.80,76952.50,77031.00,1274
22-08-2026 21:15,77031.00,77072.10,76885.60,76952.90,1159
22-08-2026 21:30,76952.90,77044.40,76928.10,77021.70,1134
22-08-2026 21:45,77021.70,77214.00,77021.30,77168.70,1254
22-08-2026 22:00,77168.70,77436.70,77153.00,77363.70,1457
22-08-2026 22:15,77363.70,77523.70,77258.80,77258.80,1315
22-08-2026 22:30,77258.80,77311.20,77213.70,77253.40,1126
22-08-2026 22:45,77253.40,77313.30,77051.50,77066.00,975
22-08-2026 23:00,77066.00,77196.60,77066.00,77196.20,1024
22-08-2026 23:15,77196.20,77352.90,77193.00,77252.80,1099
22-08-2026 23:30,77252.80,77342.00,77192.00,77220.40,801
22-08-2026 23:45,77220.40,77328.10,77220.40,77277.80,768
23-08-2026 00:00,77277.80,77310.00,77202.10,77202.50,1032
23-08-2026 00:15,77202.50,77246.90,77114.30,77244.90,1085
23-08-2026 00:30,77244.90,77324.20,77184.10,77308.10,814
23-08-2026 00:45,77308.10,77321.20,77233.50,77267.90,770
23-08-2026 01:00,77267.90,77408.80,77263.70,77408.10,746
23-08-2026 01:15,77408.10,77454.70,77387.60,77401.40,831
23-08-2026 01:30,77401.40,77442.50,77346.20,77391.80,727
23-08-2026 01:45,77391.80,77411.50,77277.60,77279.30,616
23-08-2026 02:00,77279.30,77392.00,77240.60,77338.90,676
23-08-2026 02:15,77338.90,77363.60,77245.60,77297.40,534
23-08-2026 02:30,77297.40,77297.40,77020.90,77032.60,1086
23-08-2026 02:45,77032.60,77193.00,77032.60,77161.20,739
23-08-2026 03:00,77161.20,77182.00,76894.00,77008.60,1052
23-08-2026 03:15,77008.60,77009.00,76803.00,76829.10,981
23-08-2026 03:30,76829.10,77133.20,76748.80,77072.30,1547
23-08-2026 03:45,77072.30,77135.40,77012.00,77022.00,1169
23-08-2026 04:00,77022.00,77051.20,76851.00,77026.50,1212
23-08-2026 04:15,77026.50,77118.20,76932.40,76973.10,1125
23-08-2026 04:30,76973.10,77059.50,76917.50,76950.40,1001
23-08-2026 04:45,76950.40,77001.20,76909.00,76918.00,852
23-08-2026 05:00,76918.00,77010.30,76868.50,76984.30,834
23-08-2026 05:15,76984.30,77104.50,76975.70,77040.10,771
23-08-2026 05:30,77040.10,77116.40,77019.30,77049.00,755
23-08-2026 05:45,77046.10,77223.60,77017.20,77197.60,1121
23-08-2026 06:00,77197.60,77338.60,77194.00,77251.50,1306
23-08-2026 06:15,77249.40,77324.30,77222.80,77272.70,1009
23-08-2026 06:30,77272.70,77380.10,77147.30,77380.10,976
23-08-2026 06:45,77379.30,77379.60,77222.40,77245.90,850
23-08-2026 07:00,77245.10,77293.00,77146.80,77224.00,1125
23-08-2026 07:15,77224.00,77305.20,77133.10,77168.50,1156
23-08-2026 07:30,77168.50,77192.70,77027.70,77030.90,1148
23-08-2026 07:45,77030.90,77107.40,76988.80,77090.10,1070
23-08-2026 08:00,77090.10,77186.70,77082.40,77163.00,647
23-08-2026 08:15,77142.00,77186.70,77038.30,77051.80,932
23-08-2026 08:30,77051.80,77097.10,76984.50,77059.10,807
23-08-2026 08:45,77059.10,77120.30,76960.70,76961.30,1096
23-08-2026 09:00,76961.30,76968.00,76810.10,76830.10,1142
23-08-2026 09:15,76829.30,76965.60,76829.30,76901.90,998
23-08-2026 09:30,76901.90,77001.60,76697.30,76974.10,1483
23-08-2026 09:45,76974.30,77012.50,76768.20,76939.60,1311
23-08-2026 10:00,76939.60,76951.30,76785.30,76799.20,1051
23-08-2026 10:15,76800.90,76802.90,76480.30,76577.20,1905
23-08-2026 10:30,76577.30,76706.00,75844.50,75844.50,2470
23-08-2026 10:45,75844.50,76290.40,75560.90,76203.90,2571
23-08-2026 11:00,76204.90,76313.00,76074.70,76140.30,1986
23-08-2026 11:15,76140.30,76226.30,76002.00,76037.60,1647
23-08-2026 11:30,76036.00,76131.40,75867.80,76055.60,1818
23-08-2026 11:45,76058.50,76278.30,76046.00,76205.00,1754
23-08-2026 12:00,76205.00,76326.20,76151.40,76232.70,1259
23-08-2026 12:15,76234.70,76252.50,75999.10,76075.40,1180
23-08-2026 12:30,76075.40,76296.10,75997.50,76271.50,1342
23-08-2026 12:45,76271.50,76324.10,76196.20,76200.90,1081
23-08-2026 13:00,76200.90,76208.80,76018.80,76034.10,561
23-08-2026 13:15,76034.10,76124.00,75880.30,75978.60,1294
23-08-2026 13:30,75977.60,76263.90,75918.80,76175.00,1506
23-08-2026 13:45,76175.00,76267.10,76166.30,76204.90,1046
23-08-2026 14:00,76205.00,76615.60,76205.00,76493.30,1624
23-08-2026 14:15,76493.30,76590.80,76420.80,76454.40,1227
23-08-2026 14:30,76455.80,76616.30,76434.10,76554.60,1235
23-08-2026 14:45,76554.60,76586.00,76446.90,76523.00,1138
23-08-2026 15:00,76523.00,76550.10,76445.70,76543.60,934
23-08-2026 15:15,76543.60,76617.10,76483.30,76523.30,1041
23-08-2026 15:30,76523.30,76709.70,76517.30,76628.70,1228
23-08-2026 15:45,76628.70,76882.30,76614.40,76732.30,1264
23-08-2026 16:00,76732.30,76899.30,76713.70,76824.30,1306
23-08-2026 16:15,76824.50,76847.70,76746.40,76761.50,1022
23-08-2026 16:30,76761.50,76857.60,76713.30,76844.10,1189
23-08-2026 16:45,76845.40,77288.30,76791.60,77136.50,2041
23-08-2026 17:00,77137.80,77358.50,77097.80,77251.60,1818
23-08-2026 17:15,77251.60,77354.00,77153.20,77275.30,1539
23-08-2026 17:30,77275.30,77285.50,76984.20,77052.00,1421
23-08-2026 17:45,77046.80,77104.20,76987.20,77014.00,1055
23-08-2026 18:00,77013.60,77227.00,77013.60,77218.30,1111
23-08-2026 18:15,77218.40,77234.50,77132.80,77182.80,728
23-08-2026 18:30,77182.50,77309.60,77170.20,77309.50,737
23-08-2026 18:45,77309.50,77722.50,77304.10,77398.10,2192
23-08-2026 19:00,77409.10,77590.50,77316.80,77494.30,1872
23-08-2026 19:15,77494.30,77543.70,77346.20,77464.90,1671
23-08-2026 19:30,77465.50,77584.40,77303.30,77525.50,1831
23-08-2026 19:45,77525.50,77618.20,77385.70,77423.20,1463
23-08-2026 20:00,77423.20,77464.80,76778.00,76993.80,1765
23-08-2026 20:15,76992.80,77291.70,76992.80,77164.90,2250
23-08-2026 20:30,77164.90,77310.40,77044.50,77136.90,1863
23-08-2026 20:45,77136.90,77213.60,76904.20,77174.00,1730
23-08-2026 21:00,77174.00,77281.60,77106.80,77246.00,1248
23-08-2026 21:15,77246.00,77246.00,77106.40,77123.90,1090
23-08-2026 21:30,77123.90,77259.30,77122.90,77246.00,942
23-08-2026 21:45,77246.00,77300.70,77184.20,77290.80,1072
23-08-2026 22:00,77290.80,77415.50,77281.30,77353.20,1034
23-08-2026 22:15,77353.20,77442.20,77328.10,77389.90,919
23-08-2026 22:30,77390.20,77421.00,77130.60,77257.90,1299
23-08-2026 22:45,77257.90,77358.50,77164.90,77228.50,1153
23-08-2026 23:00,77228.50,77283.00,77124.40,77213.50,1040
23-08-2026 23:15,77213.50,77299.90,77158.20,77158.20,1040
23-08-2026 23:30,77155.70,77381.40,77083.90,77317.20,1302
23-08-2026 23:45,77315.90,77380.40,77241.30,77328.60,1176
24-08-2026 00:00,77328.60,77341.30,77275.40,77317.60,1026
24-08-2026 00:15,77317.30,77319.90,77238.90,77317.70,819
24-08-2026 00:30,77318.70,77390.90,77228.00,77300.50,884
24-08-2026 00:45,77299.80,77373.80,77264.20,77327.80,772
24-08-2026 01:00,77327.80,77421.30,77226.50,77411.10,853
24-08-2026 01:15,77411.10,77444.20,77302.20,77317.30,775
24-08-2026 01:30,77317.30,77317.30,77177.20,77250.10,799
24-08-2026 01:45,77250.10,77389.00,77243.00,77352.70,939
24-08-2026 02:00,77353.10,77434.00,77348.30,77398.90,633
24-08-2026 02:15,77398.90,77412.70,77363.60,77377.90,691
24-08-2026 02:30,77379.20,77677.70,77377.70,77675.30,1598
24-08-2026 02:45,77672.90,78015.10,77672.90,78006.50,2085
24-08-2026 03:00,78006.50,78017.30,77544.00,77608.30,2157
24-08-2026 03:15,77611.50,77848.30,77610.70,77815.60,1778
24-08-2026 03:30,77816.10,77969.90,77565.60,77681.40,2340
24-08-2026 03:45,77681.40,77796.20,77616.50,77644.30,1885
24-08-2026 04:00,77644.30,77713.20,77578.20,77625.50,1650
24-08-2026 04:15,77625.50,77694.50,77542.00,77584.50,1498
24-08-2026 04:30,77584.50,77605.20,77286.00,77452.90,1721
24-08-2026 04:45,77452.90,77658.70,77430.10,77647.30,1603
24-08-2026 05:00,77647.30,77797.50,77375.20,77461.50,1701
24-08-2026 05:15,77462.40,77773.00,77459.30,77716.70,1547
24-08-2026 05:30,77719.40,77731.20,77489.10,77607.30,1835
24-08-2026 05:45,77606.90,77628.70,77247.90,77417.30,1868
24-08-2026 06:00,77417.80,77572.20,77192.40,77212.10,2026
24-08-2026 06:15,77212.10,77656.00,77140.20,77655.70,2162
24-08-2026 06:30,77656.00,77698.00,77413.70,77418.00,2087
24-08-2026 06:45,77412.90,77448.60,77205.80,77219.40,2175
24-08-2026 07:00,77219.00,77353.20,77149.10,77194.70,1974
24-08-2026 07:15,77194.30,77247.80,76890.70,76893.50,2032
24-08-2026 07:30,76893.50,77399.50,76853.80,77346.50,2346
24-08-2026 07:45,77346.50,77488.50,77343.30,77428.40,1991
24-08-2026 08:00,77428.60,77525.30,77374.90,77421.80,1647
24-08-2026 08:15,77421.80,77505.00,77216.30,77453.90,1596
24-08-2026 08:30,77451.70,77508.20,77185.30,77185.30,1526
24-08-2026 08:45,77185.30,77245.30,77100.00,77100.00,1356
24-08-2026 09:00,77100.00,77141.60,76941.30,76966.30,1629
24-08-2026 09:15,76966.30,77137.50,76908.70,76920.90,1158
24-08-2026 09:30,76920.90,77073.60,76920.90,77003.30,1396
24-08-2026 09:45,77003.30,77234.40,77003.30,77205.80,1485
24-08-2026 10:00,77205.80,77217.80,77039.70,77093.30,1159
24-08-2026 10:15,77093.70,77117.90,76654.70,76879.80,1732
24-08-2026 10:30,76879.80,77202.70,76819.70,77198.80,1941
24-08-2026 10:45,77198.80,77217.90,76935.00,77052.40,1621
24-08-2026 11:00,77052.40,77174.10,76832.80,77080.30,1893
24-08-2026 11:15,77080.30,77173.40,76978.10,77144.80,1196
24-08-2026 11:30,77144.80,77412.80,77049.20,77376.50,1536
24-08-2026 11:45,77376.50,77447.10,77278.10,77336.70,1545
24-08-2026 12:00,77335.00,77370.80,77204.60,77329.90,1584
24-08-2026 12:15,77331.60,77508.60,77316.70,77444.80,1394
24-08-2026 12:30,77444.80,77767.50,77434.80,77730.30,1529
24-08-2026 12:45,77732.00,77733.00,77518.20,77568.70,1360
24-08-2026 13:00,77568.70,77573.20,77314.00,77314.00,1173
24-08-2026 13:15,77314.30,77405.50,77252.60,77287.90,1211
24-08-2026 13:30,77287.90,77388.50,77197.30,77228.70,1463
24-08-2026 13:45,77228.70,77228.70,76804.80,76892.50,1683
24-08-2026 14:00,76892.50,77094.80,76877.80,77093.30,1305
24-08-2026 14:15,77093.30,77123.20,76983.10,77010.00,1098
24-08-2026 14:30,77010.00,77270.90,76992.40,77255.90,1078
24-08-2026 14:45,77255.50,77397.10,77185.50,77395.50,1423
24-08-2026 15:00,77395.50,77480.70,77370.90,77441.00,1136
24-08-2026 15:15,77441.00,77574.50,77413.90,77524.20,1082
24-08-2026 15:30,77524.20,77844.40,77503.00,77812.10,1589
24-08-2026 15:45,77812.10,77907.10,77734.00,77823.20,1638
24-08-2026 16:00,77823.90,77995.90,77664.40,77697.70,1435
24-08-2026 16:15,77697.70,77804.70,77510.60,77591.00,1224
24-08-2026 16:30,77591.00,77828.80,77415.40,77792.00,1971
24-08-2026 16:45,77789.90,77864.40,77692.50,77814.30,1463
24-08-2026 17:00,77814.30,78543.20,77792.80,78541.00,2524
24-08-2026 17:15,78542.20,78572.70,78067.30,78417.40,2328
24-08-2026 17:30,78417.40,78417.40,78070.60,78110.70,1832
24-08-2026 17:45,78111.00,78471.90,77948.10,78417.60,1798
24-08-2026 18:00,78417.60,78851.40,78348.30,78697.70,2227
24-08-2026 18:15,78696.80,79275.10,78688.30,79102.30,2351
24-08-2026 18:30,79100.70,79364.60,78920.20,79198.90,2070
24-08-2026 18:45,79198.90,79204.70,78851.10,78981.60,2176
24-08-2026 19:00,78982.90,79009.30,78157.30,78253.20,3039
24-08-2026 19:15,78252.10,78578.60,77830.70,78551.70,3058
24-08-2026 19:30,78552.40,79205.80,78551.30,79161.70,2991
24-08-2026 19:45,79160.90,79587.00,78855.60,79351.20,3030
24-08-2026 20:00,79353.60,79807.60,79307.10,79625.50,3041
24-08-2026 20:15,79625.90,79734.00,79245.20,79472.00,2715
24-08-2026 20:30,79471.10,79683.00,79325.40,79509.80,2690
24-08-2026 20:45,79510.20,79957.90,79495.40,79872.20,2765
24-08-2026 21:00,79872.20,79971.60,78996.40,79273.40,2763
24-08-2026 21:15,79263.60,79528.20,78814.10,79068.00,2869
24-08-2026 21:30,79066.70,79509.70,79066.70,79469.90,2613
24-08-2026 21:45,79469.90,79836.30,79459.10,79643.30,2456
24-08-2026 22:00,79643.30,79754.60,79346.60,79351.40,2305
24-08-2026 22:15,79351.40,79370.20,78879.30,79027.60,2419
24-08-2026 22:30,79027.60,79176.20,78582.30,79074.00,2585
24-08-2026 22:45,79074.00,79152.10,78451.80,78502.60,2795
24-08-2026 23:00,78507.10,78830.80,78460.50,78612.90,2623
24-08-2026 23:15,78612.90,78797.80,78539.60,78741.10,2200
24-08-2026 23:30,78739.80,79002.50,78723.20,78989.30,2245
24-08-2026 23:45,78990.30,79055.50,78911.00,79003.60,1874
25-08-2026 00:00,79003.60,79077.10,78706.30,78954.70,1998
25-08-2026 00:15,78954.70,79070.10,78841.50,78915.20,1757
25-08-2026 00:30,78915.20,79099.20,78767.50,79004.00,2049
25-08-2026 00:45,79006.60,79023.30,78620.40,78853.60,1680
25-08-2026 01:00,78853.60,78944.60,78733.60,78856.30,1503
25-08-2026 01:15,78856.30,78874.90,78571.00,78730.50,1801
25-08-2026 01:30,78730.50,78801.00,78530.40,78656.00,1369
25-08-2026 01:45,78656.00,78772.40,78590.10,78672.80,1194
25-08-2026 02:00,78675.10,78977.80,78614.10,78891.90,1268
25-08-2026 02:15,78891.90,78920.90,78795.40,78900.80,814
25-08-2026 02:30,78910.90,79022.40,78910.90,79007.40,755
25-08-2026 02:45,79007.40,79018.40,78827.80,78898.70,775
25-08-2026 03:00,78898.70,79000.90,78887.90,78956.80,902
25-08-2026 03:15,78956.80,79020.80,78892.60,78951.70,740
25-08-2026 03:30,78949.10,78968.70,78801.00,78851.40,1274
25-08-2026 03:45,78850.90,78909.50,78726.50,78750.70,1095
25-08-2026 04:00,78750.70,78897.60,78704.30,78738.80,1206
25-08-2026 04:15,78738.80,78818.00,78680.60,78718.80,985
25-08-2026 04:30,78718.80,78804.80,78603.50,78724.50,1096
25-08-2026 04:45,78724.60,78957.40,78714.60,78871.70,1014
25-08-2026 05:00,78871.50,78962.60,78839.20,78937.80,1089
25-08-2026 05:15,78937.80,78992.80,78809.40,78962.90,1303
25-08-2026 05:30,78964.20,79051.60,78873.10,78935.20,2284
25-08-2026 05:45,78935.20,78935.20,78696.00,78773.50,2316
25-08-2026 06:00,78773.30,79348.50,78717.30,79348.50,2343
25-08-2026 06:15,79348.50,79864.30,79314.30,79717.10,3046
25-08-2026 06:30,79716.50,79962.00,79585.40,79629.80,2844
25-08-2026 06:45,79629.90,79938.70,79461.20,79842.90,1945
25-08-2026 07:00,79842.90,79902.80,79646.40,79678.90,2433
25-08-2026 07:15,79677.80,79826.60,79486.90,79806.90,2449
25-08-2026 07:30,79806.50,79908.20,79713.60,79835.50,2448
25-08-2026 07:45,79835.50,81029.50,79794.90,80991.00,3066
25-08-2026 08:00,80985.00,81236.40,80750.30,80795.30,3025
25-08-2026 08:15,80794.10,80830.40,80412.50,80620.60,2789
25-08-2026 08:30,80620.60,80924.70,80557.80,80766.70,2552
25-08-2026 08:45,80766.70,80784.80,80483.30,80615.70,2595
25-08-2026 09:00,80615.90,80846.70,80510.70,80567.00,2416
25-08-2026 09:15,80565.70,80649.90,80287.70,80453.30,2472
25-08-2026 09:30,80453.30,80581.30,80247.40,80459.70,2389
25-08-2026 09:45,80459.70,80469.60,80209.00,80224.00,2153
25-08-2026 10:00,80224.00,80354.90,80112.90,80197.90,2249
25-08-2026 10:15,80198.70,80332.40,80177.00,80330.90,1819
25-08-2026 10:30,80330.90,80544.20,80288.10,80511.30,1783
25-08-2026 10:45,80511.30,80694.50,80441.30,80601.10,1760
25-08-2026 11:00,80601.90,80782.90,80549.50,80671.20,2059
25-08-2026 11:15,80671.20,80761.70,80606.30,80685.20,1525
25-08-2026 11:30,80685.30,80824.50,80635.00,80805.00,1508
25-08-2026 11:45,80804.20,80873.80,80704.80,80707.80,1526
25-08-2026 12:00,80707.70,80709.00,80462.10,80484.40,1656
25-08-2026 12:15,80484.40,80524.70,80363.70,80524.70,1302
25-08-2026 12:30,80524.70,80765.10,80494.20,80674.50,1565
25-08-2026 12:45,80674.50,80698.30,80556.00,80621.90,1253
25-08-2026 13:00,80621.90,80648.70,80424.20,80458.70,1207
25-08-2026 13:15,80458.70,80473.40,79328.40,79651.30,2277
25-08-2026 13:30,79651.30,79936.10,79561.70,79884.50,1807
25-08-2026 13:45,79884.50,80213.20,79884.30,80151.90,1741
25-08-2026 14:00,80151.90,80192.60,79867.70,80070.90,1643
25-08-2026 14:15,80070.90,80084.90,79794.60,79890.60,1506
25-08-2026 14:30,79888.40,79917.30,79663.70,79799.00,2052
25-08-2026 14:45,79799.00,79924.40,79732.00,79787.30,1663
25-08-2026 15:00,79787.30,79912.00,79703.80,79709.10,2024
25-08-2026 15:15,79709.10,79743.80,78855.70,79158.40,2744
25-08-2026 15:30,79159.80,79310.20,78957.70,79282.60,2248
25-08-2026 15:45,79285.70,79392.70,79210.80,79250.30,1901
25-08-2026 16:00,79250.30,79297.50,79214.00,79291.70,1584
25-08-2026 16:15,79289.60,79457.90,79267.50,79277.90,1841
25-08-2026 16:30,79277.90,79370.70,79059.60,79067.20,1646
25-08-2026 16:45,79068.20,79278.30,79044.40,79231.30,1632
25-08-2026 17:00,79230.70,79427.30,79131.10,79131.10,1576
25-08-2026 17:15,79130.10,79161.70,79011.40,79095.10,1752
25-08-2026 17:30,79095.10,79151.20,78644.50,79054.30,2412
25-08-2026 17:45,79055.80,79058.00,78614.30,78858.00,2180
25-08-2026 18:00,78858.00,78981.20,78742.60,78902.30,2047
25-08-2026 18:15,78902.30,79062.90,78864.00,78954.70,1851
25-08-2026 18:30,78955.50,79062.50,78695.20,78790.40,1913
25-08-2026 18:45,78790.40,78798.70,78555.00,78618.50,2466
25-08-2026 19:00,78616.40,79197.20,78582.30,78605.20,2920
25-08-2026 19:15,78611.30,78632.20,78091.30,78610.20,2877
25-08-2026 19:30,78613.30,79029.40,78500.40,78974.20,2886
25-08-2026 19:45,78975.10,79280.20,78877.60,79183.10,2710
25-08-2026 20:00,79179.20,79351.70,79018.70,79145.20,2647
25-08-2026 20:15,79145.20,79357.50,79134.70,79208.80,2422
25-08-2026 20:30,79216.80,79343.20,79034.20,79088.20,2530
25-08-2026 20:45,79092.40,79266.90,79005.80,79222.70,2269
25-08-2026 21:00,79222.70,79469.60,79164.50,79393.90,2362
25-08-2026 21:15,79393.90,79520.00,79247.90,79490.90,1902
25-08-2026 21:30,79490.90,79556.50,79139.30,79150.70,2025
25-08-2026 21:45,79150.70,79263.30,79049.50,79125.90,1686
25-08-2026 22:00,79126.60,79348.40,79121.80,79211.20,1735
25-08-2026 22:15,79211.20,79349.10,79076.90,79135.70,1489
25-08-2026 22:30,79135.00,79135.70,78854.50,78953.90,1936
25-08-2026 22:45,78955.20,79010.40,78735.10,78786.70,1799
25-08-2026 23:00,78786.70,79161.10,78786.60,79122.80,1474
25-08-2026 23:15,79122.80,79241.80,79118.70,79220.70,1240
25-08-2026 23:30,79220.70,79323.00,79193.50,79298.80,1504
25-08-2026 23:45,79298.80,79317.80,79216.40,79247.90,1139
26-08-2026 00:00,79247.90,79248.30,79080.60,79146.50,1103
26-08-2026 00:15,79146.50,79220.10,79028.90,79103.30,1045
26-08-2026 00:30,79103.30,79171.00,78995.20,79136.30,1405
26-08-2026 00:45,79136.30,79215.90,78883.10,78903.80,1547
26-08-2026 01:00,78905.20,78929.10,78708.30,78735.50,1535
26-08-2026 01:15,78735.50,78936.10,78724.00,78907.90,1543
26-08-2026 01:30,78913.10,78967.20,78665.60,78864.40,1569
26-08-2026 01:45,78864.50,78948.40,78743.90,78755.50,1261
26-08-2026 02:00,78755.50,78774.30,78358.70,78448.50,1590
26-08-2026 02:15,78449.50,78526.80,78155.40,78178.40,2115
26-08-2026 02:30,78178.40,78281.10,77833.80,78263.00,2286
26-08-2026 02:45,78257.60,78462.90,78180.00,78435.80,1861
26-08-2026 03:00,78435.80,78626.70,78353.40,78562.30,1631
26-08-2026 03:15,78562.30,78640.30,78506.80,78541.00,1307
26-08-2026 03:30,78541.00,78923.30,78541.00,78899.90,1414
26-08-2026 03:45,78899.60,78976.60,78574.60,78617.40,1176
26-08-2026 04:00,78617.40,78844.50,78568.70,78753.10,1136
26-08-2026 04:15,78753.10,78930.20,78748.50,78862.30,884
26-08-2026 04:30,78862.30,78949.90,78774.00,78924.20,976
26-08-2026 04:45,78924.20,78939.90,78602.90,78708.50,1220
26-08-2026 05:00,78708.50,78779.10,78494.90,78569.30,1200
26-08-2026 05:15,78569.30,78581.90,78371.40,78512.80,1548
26-08-2026 05:30,78511.80,78598.90,78288.10,78336.20,1934
26-08-2026 05:45,78336.20,78590.30,78312.00,78571.70,1785
26-08-2026 06:00,78571.70,78650.50,78342.20,78373.30,2007
26-08-2026 06:15,78371.20,78693.90,78345.60,78618.30,1942
26-08-2026 06:30,78616.30,78883.20,78580.30,78726.10,1864
26-08-2026 06:45,78726.10,78853.30,78675.50,78693.00,1421
26-08-2026 07:00,78692.10,78940.80,78692.10,78852.30,1293
26-08-2026 07:15,78848.50,78850.80,78739.90,78799.30,1168
26-08-2026 07:30,78799.30,78857.50,78726.10,78760.60,1268
26-08-2026 07:45,78760.40,79223.60,78746.60,79207.60,1279
26-08-2026 08:00,79207.60,79219.10,79098.20,79123.00,1179
26-08-2026 08:15,79123.00,79157.70,79025.90,79082.70,761
26-08-2026 08:30,79082.70,79162.60,79018.80,79019.90,829
26-08-2026 08:45,79019.90,79090.30,78964.50,79017.80,775
26-08-2026 09:00,79017.80,79093.40,78870.00,79034.50,1049
26-08-2026 09:15,79034.50,79085.60,78917.40,79059.60,939
26-08-2026 09:30,79059.60,79172.30,78936.60,79018.90,1103
26-08-2026 09:45,79018.90,79113.90,78955.10,78988.20,893
26-08-2026 10:00,78988.20,79037.00,78869.00,78940.50,929
26-08-2026 10:15,78940.50,78940.50,78763.70,78808.10,1094
26-08-2026 10:30,78808.10,78935.10,78614.20,78872.70,1616
26-08-2026 10:45,78872.70,79046.70,78724.80,78993.20,1462
26-08-2026 11:00,78993.20,79111.30,78957.00,79087.70,1330
26-08-2026 11:15,79089.10,79089.10,78925.70,79061.80,973
26-08-2026 11:30,79063.00,79181.70,78945.90,78982.00,1226
26-08-2026 11:45,78982.00,79033.80,78798.10,78874.30,1040
26-08-2026 12:00,78874.30,78936.70,78785.20,78913.60,1120
26-08-2026 12:15,78913.60,78942.50,78839.00,78917.60,909
26-08-2026 12:30,78917.60,79071.40,78837.60,78959.80,1262
26-08-2026 12:45,78959.80,79012.10,78878.00,78920.60,1216
26-08-2026 13:00,78920.60,79020.70,78864.80,78970.10,1104
26-08-2026 13:15,78970.10,79037.00,78891.60,78900.90,943
26-08-2026 13:30,78900.90,79094.80,78800.30,79016.10,1423
26-08-2026 13:45,79016.10,79086.10,78880.00,78959.70,995
26-08-2026 14:00,78959.70,79001.50,78873.70,78978.10,1086
26-08-2026 14:15,78978.10,78991.20,78582.50,78683.80,1342
26-08-2026 14:30,78690.40,78860.90,78643.00,78747.50,1232
26-08-2026 14:45,78747.50,78748.90,78367.10,78503.80,1653
26-08-2026 15:00,78504.00,78570.20,78300.40,78300.40,1334
26-08-2026 15:15,78300.40,78468.60,78223.30,78421.50,1407
26-08-2026 15:30,78421.50,78449.60,78264.20,78403.30,1262
26-08-2026 15:45,78403.60,78616.40,78400.30,78599.20,1154
26-08-2026 16:00,78599.20,78781.20,78537.10,78697.90,1318
26-08-2026 16:15,78697.90,78853.50,78671.70,78694.70,1364
26-08-2026 16:30,78694.70,78756.00,78631.10,78681.00,1374
26-08-2026 16:45,78680.70,78712.50,78590.50,78594.10,1145
26-08-2026 17:00,78594.10,78598.50,78285.40,78451.90,1551
26-08-2026 17:15,78451.90,78547.40,78353.00,78457.30,1481
26-08-2026 17:30,78457.30,78538.20,78319.50,78369.50,1419
26-08-2026 17:45,78369.50,78674.10,78260.90,78674.00,1467
26-08-2026 18:00,78673.90,78673.90,77980.80,78241.10,2444
26-08-2026 18:15,78236.00,78412.10,78174.50,78291.50,1977
26-08-2026 18:30,78291.50,78422.30,77956.00,78098.40,2225
26-08-2026 18:45,78098.40,78151.80,77893.60,78027.40,2214
26-08-2026 19:00,78027.40,78476.50,78027.40,78473.30,2684
26-08-2026 19:15,78473.30,78538.30,78093.50,78426.80,2283
26-08-2026 19:30,78427.30,78589.60,78275.40,78443.30,2165
26-08-2026 19:45,78443.30,78555.40,78183.70,78228.30,2154
26-08-2026 20:00,78225.20,78265.00,77915.70,77957.80,2253
26-08-2026 20:15,77957.40,78022.60,77751.20,77767.60,2280
26-08-2026 20:30,77767.60,77935.10,77610.60,77822.60,2179
26-08-2026 20:45,77822.60,78141.70,77705.10,78132.80,1885
26-08-2026 21:00,78132.80,78147.80,77900.10,78015.10,1463
26-08-2026 21:15,78015.10,78129.40,77950.00,77993.90,1131
26-08-2026 21:30,77998.00,78144.40,77953.90,78060.00,1299
26-08-2026 21:45,78059.90,78117.30,77960.70,78040.20,1479
26-08-2026 22:00,78040.20,78135.70,77840.70,77860.20,1679
26-08-2026 22:15,77860.20,78155.70,77860.20,77973.30,1662
26-08-2026 22:30,77974.20,78117.70,77974.20,78116.60,1378
26-08-2026 22:45,78116.60,78505.00,78116.50,78502.90,1760
26-08-2026 23:00,78503.00,78594.70,78473.70,78494.90,1595
26-08-2026 23:15,78494.90,78507.40,78349.00,78423.80,1284
26-08-2026 23:30,78423.70,78636.80,78380.60,78556.10,1358
26-08-2026 23:45,78554.90,78595.20,78419.70,78451.90,1689
27-08-2026 00:00,78451.80,78479.60,78256.90,78284.20,1306
27-08-2026 00:15,78284.20,78487.70,78272.70,78455.70,850
27-08-2026 00:30,78455.70,78492.80,78360.10,78365.40,1284
27-08-2026 00:45,78365.30,78553.70,78265.40,78513.60,1293
27-08-2026 01:00,78513.60,78534.20,78357.80,78415.30,1593
27-08-2026 01:15,78415.30,78521.40,78411.20,78453.50,1259
27-08-2026 01:30,78454.30,78515.40,78375.20,78401.90,1184
27-08-2026 01:45,78401.90,78445.60,78183.80,78384.10,1575
27-08-2026 02:00,78384.10,78415.80,78265.30,78377.90,1243
27-08-2026 02:15,78377.90,78438.40,78358.60,78432.10,933
27-08-2026 02:30,78432.10,78786.70,78365.30,78756.50,1883
27-08-2026 02:45,78764.80,78828.10,78691.80,78737.10,2016
27-08-2026 03:00,78735.30,78822.70,78634.50,78702.00,1402
27-08-2026 03:15,78702.00,78789.60,78654.70,78704.80,1241
27-08-2026 03:30,78704.80,78858.30,78663.30,78769.00,1560
27-08-2026 03:45,78769.00,78972.60,78746.00,78812.90,1923
27-08-2026 04:00,78812.90,78812.90,78579.20,78682.60,1527
27-08-2026 04:15,78682.60,78723.50,78540.00,78682.60,1144
27-08-2026 04:30,78682.80,78742.20,78636.30,78692.50,1145
27-08-2026 04:45,78692.50,78879.00,78659.30,78843.80,1212
27-08-2026 05:00,78843.80,79050.50,78843.80,79030.80,1410
27-08-2026 05:15,79030.80,79155.90,78981.30,79010.90,1470
27-08-2026 05:30,79011.40,79014.50,78804.00,78828.30,1570
27-08-2026 05:45,78828.30,78933.70,78803.00,78894.40,1196
27-08-2026 06:00,78894.30,78899.20,78770.20,78870.10,1216
27-08-2026 06:15,78870.10,78881.70,78674.90,78675.40,1375
27-08-2026 06:30,78675.10,78769.30,78629.20,78649.90,1468
27-08-2026 06:45,78648.50,78946.90,78566.40,78919.90,1355
27-08-2026 07:00,78919.90,78965.10,78693.40,78694.80,1564
27-08-2026 07:15,78694.70,79008.60,78684.10,78882.90,1332
27-08-2026 07:30,78882.90,78969.70,78835.10,78862.10,1359
27-08-2026 07:45,78862.10,78864.90,78703.70,78744.00,1228
27-08-2026 08:00,78744.00,78785.20,78695.70,78723.80,873
27-08-2026 08:15,78723.80,78774.60,78689.20,78709.20,844
27-08-2026 08:30,78709.20,78765.60,78643.30,78653.20,740
27-08-2026 08:45,78653.20,78969.90,78614.70,78870.40,1056
27-08-2026 09:00,78870.40,78896.30,78800.60,78848.80,864
27-08-2026 09:15,78848.80,78897.90,78744.60,78806.20,859
27-08-2026 09:30,78806.20,78869.60,78770.00,78834.90,767
27-08-2026 09:45,78834.90,78873.80,78759.30,78759.30,731
27-08-2026 10:00,78752.90,78790.50,78656.30,78783.60,730
27-08-2026 10:15,78783.50,78793.90,78677.40,78751.30,553
27-08-2026 10:30,78751.30,78754.70,78616.50,78617.00,583
27-08-2026 10:45,78617.00,78773.80,78603.50,78634.20,610
27-08-2026 11:00,78634.20,78774.00,78569.10,78685.10,912
27-08-2026 11:15,78685.10,78904.50,78676.90,78886.70,969
27-08-2026 11:30,78886.70,78886.70,78626.80,78654.10,782
27-08-2026 11:45,78654.10,78774.00,78580.50,78629.50,1036
27-08-2026 12:00,78629.50,78773.00,78629.50,78726.10,889
27-08-2026 12:15,78726.10,78819.50,78721.70,78804.20,630
27-08-2026 12:30,78804.10,78839.20,78731.70,78801.00,684
27-08-2026 12:45,78802.00,78815.90,78719.60,78771.60,570
27-08-2026 13:00,78771.60,78853.20,78762.30,78814.30,743
27-08-2026 13:15,78814.30,79078.30,78814.30,79057.70,851
27-08-2026 13:30,79059.10,79850.70,79015.30,79607.40,2215
27-08-2026 13:45,79607.40,79727.40,79423.10,79722.00,1894
27-08-2026 14:00,79722.00,79969.90,79697.50,79896.10,1967
27-08-2026 14:15,79896.10,80003.10,79669.70,79736.70,1832
27-08-2026 14:30,79731.40,79858.10,79655.20,79855.50,1885
27-08-2026 14:45,79855.50,80481.50,79773.90,80478.10,2313
27-08-2026 15:00,80478.10,80511.40,80181.70,80232.60,2080
27-08-2026 15:15,80232.60,80260.90,79902.60,79956.80,1406
27-08-2026 15:30,79956.80,80147.00,79789.30,79918.90,1566
27-08-2026 15:45,79918.90,80006.00,79329.20,79652.40,1894
27-08-2026 16:00,79652.40,79659.20,79348.60,79596.00,1548
27-08-2026 16:15,79596.00,79614.00,79477.40,79611.80,1145
27-08-2026 16:30,79617.70,79742.70,79539.50,79733.10,1378
27-08-2026 16:45,79733.10,79759.80,79475.90,79504.70,1176
27-08-2026 17:00,79504.50,79553.20,79368.30,79415.60,1508
27-08-2026 17:15,79415.60,79486.40,79183.60,79458.50,1401
27-08-2026 17:30,79458.50,79533.80,79351.50,79475.10,1345
27-08-2026 17:45,79475.10,79568.60,79366.80,79531.30,1223
27-08-2026 18:00,79531.30,79533.40,79237.50,79248.00,1249
27-08-2026 18:15,79252.10,79336.20,79237.00,79259.70,787
27-08-2026 18:30,79259.70,79363.90,79240.20,79345.70,1104
27-08-2026 18:45,79346.00,79472.20,79286.10,79326.00,1359
27-08-2026 19:00,79326.00,79337.20,79077.50,79217.60,2852
27-08-2026 19:15,79217.60,79555.40,78902.80,79519.90,2778
27-08-2026 19:30,79518.20,79779.90,79338.60,79443.60,2815
27-08-2026 19:45,79443.00,79906.30,79375.90,79904.80,2506
27-08-2026 20:00,79904.80,80389.20,79790.00,80361.00,2693
27-08-2026 20:15,80361.00,80362.50,80006.10,80201.60,2405
27-08-2026 20:30,80201.60,80786.90,80092.60,80667.40,2187
27-08-2026 20:45,80668.40,80728.20,80416.60,80603.60,2483
27-08-2026 21:00,80605.20,80614.30,80355.00,80493.80,2035
27-08-2026 21:15,80493.80,80517.00,80289.90,80300.60,1756
27-08-2026 21:30,80300.70,80533.80,80183.60,80416.70,1668
27-08-2026 21:45,80409.80,80541.70,80391.80,80411.60,1546
27-08-2026 22:00,80411.60,80612.70,80258.00,80580.60,1801
27-08-2026 22:15,80566.10,80604.90,80341.00,80364.60,1587
27-08-2026 22:30,80364.50,80651.20,80219.70,80615.20,1830
27-08-2026 22:45,80615.40,80811.70,80581.10,80717.70,1654
27-08-2026 23:00,80718.00,80802.50,80460.10,80489.80,1393
27-08-2026 23:15,80489.80,80563.00,80427.00,80433.60,1326
27-08-2026 23:30,80433.60,80434.70,80009.40,80073.10,1600
27-08-2026 23:45,80073.30,80191.20,79736.90,79914.10,2130
28-08-2026 00:00,79914.10,80009.50,79813.50,79958.90,1591
28-08-2026 00:15,79957.10,80152.00,79893.40,80148.70,1240
28-08-2026 00:30,80148.70,80290.40,80101.50,80155.50,1461
28-08-2026 00:45,80154.10,80234.30,80033.40,80176.90,1133
28-08-2026 01:00,80176.90,80228.90,79970.60,80003.50,1095
28-08-2026 01:15,80003.50,80045.90,79900.60,79900.60,1098
28-08-2026 01:30,79900.60,80039.50,79866.30,79947.80,1221
28-08-2026 01:45,79947.80,80115.70,79932.00,79984.30,1121
28-08-2026 02:00,79984.30,80048.80,79967.30,80009.70,848
28-08-2026 02:15,80009.70,80096.00,79953.90,80095.00,993
28-08-2026 02:30,80095.90,80154.90,80012.40,80090.60,844
28-08-2026 02:45,80090.60,80129.40,79985.50,80031.40,772
28-08-2026 03:00,80030.10,80121.20,79964.70,80026.50,1102
28-08-2026 03:15,80026.50,80187.10,80005.30,80187.10,879
28-08-2026 03:30,80187.30,80315.90,80187.30,80245.00,1003
28-08-2026 03:45,80245.00,80434.40,80200.50,80235.50,1168
28-08-2026 04:00,80235.50,80297.10,80146.60,80282.70,1009
28-08-2026 04:15,80282.70,80306.30,80220.90,80306.10,767
28-08-2026 04:30,80305.00,80305.00,80146.80,80170.20,797
28-08-2026 04:45,80170.20,80402.60,80136.50,80323.20,805
28-08-2026 05:00,80323.20,80332.10,80250.20,80266.20,585
28-08-2026 05:15,80266.20,80319.90,80189.60,80253.00,610
28-08-2026 05:30,80253.60,80276.00,80152.00,80224.40,841
28-08-2026 05:45,80224.40,80469.30,80222.10,80428.90,1193
28-08-2026 06:00,80428.90,80508.00,80364.80,80422.40,1422
28-08-2026 06:15,80423.40,80708.70,80347.50,80581.10,1390
28-08-2026 06:30,80581.10,80871.40,80577.60,80753.90,1489
28-08-2026 06:45,80753.90,81169.80,80686.60,81127.50,1901
28-08-2026 07:00,81127.50,81435.10,80811.50,80842.90,2255
28-08-2026 07:15,80842.90,80890.60,80429.10,80491.80,1989
28-08-2026 07:30,80489.80,80498.00,80216.30,80229.80,1896
28-08-2026 07:45,80229.80,80288.10,79912.80,79920.50,2123
28-08-2026 08:00,79916.80,80155.90,79826.00,80027.90,1656
28-08-2026 08:15,80027.90,80027.90,79753.30,79917.70,1614
28-08-2026 08:30,79916.70,79971.60,79769.10,79883.50,1428
28-08-2026 08:45,79883.30,80050.10,79866.10,79903.80,1011
28-08-2026 09:00,79903.80,79986.00,79802.10,79803.60,1041
28-08-2026 09:15,79805.60,79860.00,79773.20,79807.80,919
28-08-2026 09:30,79807.80,79852.70,79594.40,79843.70,1275
28-08-2026 09:45,79843.70,79963.50,79800.10,79800.40,1150
28-08-2026 10:00,79800.40,79836.70,79627.60,79703.80,969
28-08-2026 10:15,79703.80,79735.10,79614.90,79639.90,760
28-08-2026 10:30,79639.90,79714.70,79553.00,79633.20,1037
28-08-2026 10:45,79633.20,79723.60,79562.60,79721.30,774
28-08-2026 11:00,79721.30,79858.40,79695.20,79813.60,774
28-08-2026 11:15,79813.60,79870.70,79640.80,79677.70,769
28-08-2026 11:30,79677.70,79907.50,79677.70,79898.10,684
28-08-2026 11:45,79898.10,79899.90,79798.30,79822.10,587
28-08-2026 12:00,79822.10,79871.80,79788.20,79857.40,708
28-08-2026 12:15,79857.20,79989.40,79857.00,79893.40,683
28-08-2026 12:30,79893.40,79894.40,79650.50,79679.50,922
28-08-2026 12:45,79679.50,79807.40,79667.40,79793.70,778
28-08-2026 13:00,79793.70,79802.40,79575.50,79578.60,710
28-08-2026 13:15,79578.60,79665.50,79578.60,79662.00,772
28-08-2026 13:30,79662.00,79833.30,79661.10,79728.30,857
28-08-2026 13:45,79728.30,79833.20,79727.90,79772.60,696
28-08-2026 14:00,79773.50,79807.80,79701.70,79702.30,875
28-08-2026 14:15,79702.30,79719.00,79472.80,79504.30,1282
28-08-2026 14:30,79504.30,79506.10,79248.80,79377.10,1464
28-08-2026 14:45,79377.10,79459.20,79365.10,79377.20,898
28-08-2026 15:00,79377.20,79408.60,79268.60,79268.60,1026
28-08-2026 15:15,79266.40,79346.00,79265.00,79276.80,904
28-08-2026 15:30,79276.80,79304.20,79007.30,79204.20,1414
28-08-2026 15:45,79204.20,79296.20,79136.30,79291.00,895
28-08-2026 16:00,79291.00,79351.00,79280.20,79312.50,743
28-08-2026 16:15,79310.20,79561.80,79298.70,79554.20,1178
28-08-2026 16:30,79554.20,79700.00,79538.20,79683.90,1271
28-08-2026 16:45,79682.40,79761.70,79632.80,79654.50,1130
28-08-2026 17:00,79655.40,79731.60,79563.70,79609.30,1084
28-08-2026 17:15,79608.80,79630.60,79540.30,79587.60,736
28-08-2026 17:30,79587.60,79663.40,79499.50,79520.00,790
28-08-2026 17:45,79519.80,79709.20,79507.10,79507.50,1161
28-08-2026 18:00,79506.70,79512.30,79282.60,79401.80,1032
28-08-2026 18:15,79401.80,79432.90,79335.70,79401.30,708
28-08-2026 18:30,79402.00,79468.40,79268.70,79359.60,929
28-08-2026 18:45,79359.60,79361.60,79118.20,79183.20,1015
28-08-2026 19:00,79183.20,79344.20,79018.30,79075.60,2428
28-08-2026 19:15,79075.60,79534.20,79059.50,79504.50,1833
28-08-2026 19:30,79504.50,79664.80,78459.40,78617.10,2669
28-08-2026 19:45,78617.10,79019.90,78493.10,78938.20,2665
28-08-2026 20:00,78937.70,79687.40,78835.30,79412.10,2395
28-08-2026 20:15,79413.30,79607.50,79093.60,79535.40,2386
28-08-2026 20:30,79535.80,79826.70,79285.50,79304.30,1833
28-08-2026 20:45,79303.00,79516.50,79246.30,79337.10,2086
28-08-2026 21:00,79337.10,79347.60,78764.00,78788.00,2088
28-08-2026 21:15,78787.50,78903.10,78301.10,78310.20,2571
28-08-2026 21:30,78310.20,78380.80,77793.60,77797.00,2902
28-08-2026 21:45,77795.10,77829.70,76858.80,77503.10,3033
28-08-2026 22:00,77502.60,77934.20,77479.90,77779.40,2701
28-08-2026 22:15,77781.30,77977.30,77749.40,77769.00,2341
28-08-2026 22:30,77768.00,77981.00,77636.30,77981.00,2436
28-08-2026 22:45,77981.00,78083.90,77805.90,77919.00,2048
28-08-2026 23:00,77918.80,77978.10,77671.00,77765.80,1718
28-08-2026 23:15,77765.80,77963.20,77765.80,77884.30,1400
28-08-2026 23:30,77884.30,77917.80,77713.90,77714.80,1570
28-08-2026 23:45,77714.80,77775.40,77466.50,77549.70,1861
29-08-2026 00:00,77549.70,77591.20,77306.00,77379.90,1826
29-08-2026 00:15,77379.90,77528.80,77240.00,77528.80,1818
29-08-2026 00:30,77528.80,77717.80,77486.30,77647.40,1528
29-08-2026 00:45,77647.40,77769.70,77601.30,77672.80,1042
29-08-2026 01:00,77672.80,77683.60,77499.00,77503.10,1188
29-08-2026 01:15,77503.10,77555.10,77345.60,77540.30,1586
29-08-2026 01:30,77542.50,77589.30,77447.90,77536.30,1329
29-08-2026 01:45,77536.30,77536.30,77379.50,77481.90,1160
29-08-2026 02:00,77481.50,77481.50,77283.00,77386.70,1038
29-08-2026 02:15,77377.10,77443.30,77317.80,77383.90,954
29-08-2026 02:30,77391.10,77414.40,77307.50,77383.40,882
29-08-2026 02:45,77383.40,77409.60,77296.40,77376.90,781
29-08-2026 03:00,77376.90,77519.40,77376.90,77459.60,1243
29-08-2026 03:15,77459.60,77459.80,77227.50,77348.10,1134
29-08-2026 03:30,77348.10,77446.90,77322.60,77438.10,1050
29-08-2026 03:45,77438.10,77575.00,77384.20,77560.00,997
29-08-2026 04:00,77560.00,77726.70,77549.20,77722.20,967
29-08-2026 04:15,77722.20,77750.50,77665.70,77738.80,797
29-08-2026 04:30,77738.80,77755.40,77655.70,77747.00,881
29-08-2026 04:45,77747.00,77748.20,77643.10,77666.30,614
29-08-2026 05:00,77666.30,77696.80,77645.30,77675.90,659
29-08-2026 05:15,77675.90,77827.50,77616.10,77824.70,769
29-08-2026 05:30,77824.70,77863.50,77765.60,77804.10,894
29-08-2026 05:45,77804.10,77934.70,77795.70,77884.90,815
29-08-2026 06:00,77883.10,77883.10,77755.40,77769.10,656
29-08-2026 06:15,77769.90,77802.70,77701.10,77716.90,580
29-08-2026 06:30,77716.90,77716.90,77616.50,77617.60,562
29-08-2026 06:45,77617.60,77780.50,77617.60,77775.40,529
29-08-2026 07:00,77776.30,77816.30,77744.20,77812.80,574
29-08-2026 07:15,77812.80,77833.30,77738.90,77779.70,689
29-08-2026 07:30,77779.70,77815.80,77724.70,77725.20,633
29-08-2026 07:45,77725.20,77734.90,77561.70,77617.90,770
29-08-2026 08:00,77617.90,77663.60,77572.60,77595.90,651
29-08-2026 08:15,77598.10,77697.80,77598.10,77652.50,696
29-08-2026 08:30,77652.50,77717.30,77652.50,77660.00,381
29-08-2026 08:45,77660.00,77701.20,77611.80,77671.20,533
29-08-2026 09:00,77671.20,77693.90,77558.40,77598.80,552
29-08-2026 09:15,77598.80,77598.80,77482.10,77496.50,707
29-08-2026 09:30,77496.50,77579.00,77490.20,77565.70,608
29-08-2026 09:45,77565.70,77604.10,77563.20,77595.80,338
29-08-2026 10:00,77595.80,77630.10,77566.30,77598.20,610
29-08-2026 10:15,77598.20,77659.70,77591.50,77629.40,642
29-08-2026 10:30,77629.40,77696.40,77608.00,77679.90,571
29-08-2026 10:45,77679.90,77693.20,77611.20,77647.60,559
29-08-2026 11:00,77647.60,77700.90,77615.80,77672.00,742
29-08-2026 11:15,77676.50,77686.30,77588.60,77622.00,589
29-08-2026 11:30,77622.00,77626.40,77459.40,77465.80,735
29-08-2026 11:45,77465.80,77506.20,77363.40,77388.60,883
29-08-2026 12:00,77388.60,77481.10,77388.60,77431.90,665
29-08-2026 12:15,77431.90,77462.70,77415.90,77448.50,486
29-08-2026 12:30,77448.50,77523.00,77417.50,77448.60,602
29-08-2026 12:45,77448.60,77517.20,77429.90,77510.00,467
29-08-2026 13:00,77510.00,77640.90,77492.70,77640.40,613
29-08-2026 13:15,77640.40,77656.50,77604.10,77608.90,299
29-08-2026 13:30,77608.90,77608.90,77459.70,77506.40,528
29-08-2026 13:45,77506.40,77582.00,77491.50,77581.60,481
29-08-2026 14:00,77581.60,77581.60,77493.70,77566.60,441
29-08-2026 14:30,77631.40,77631.90,77629.50,77629.50,4
29-08-2026 14:45,77629.50,77656.80,77591.80,77618.60,526
29-08-2026 15:00,77618.60,77742.70,77610.90,77635.80,616
29-08-2026 15:15,77641.40,77664.50,77634.60,77662.30,570
29-08-2026 15:30,77581.10,77585.60,77506.70,77569.20,414
29-08-2026 15:45,77569.20,77705.50,77569.20,77655.70,676
29-08-2026 16:00,77655.70,77712.10,77651.10,77673.10,554
29-08-2026 16:15,77675.60,77713.40,77616.70,77617.80,472
29-08-2026 16:30,77617.80,77706.10,77603.60,77706.10,574
29-08-2026 16:45,77706.10,77713.30,77659.50,77680.40,605
29-08-2026 17:00,77680.40,77687.40,77616.60,77624.50,443
29-08-2026 17:15,77624.50,77652.60,77547.00,77573.30,573
29-08-2026 17:30,77573.30,77603.80,77543.40,77581.30,409
29-08-2026 17:45,77581.30,77643.50,77515.60,77574.60,513
29-08-2026 18:00,77574.60,77584.50,77488.90,77564.80,617
29-08-2026 18:15,77564.80,77585.60,77531.40,77570.80,485
29-08-2026 18:30,77570.80,77649.60,77548.90,77639.50,501
29-08-2026 18:45,77639.50,77705.80,77617.60,77636.60,648
29-08-2026 19:00,77636.60,77700.80,77614.30,77645.00,469
29-08-2026 19:15,77645.00,77700.30,77636.60,77689.40,119
29-08-2026 19:30,77669.20,77673.40,77667.30,77672.70,7
29-08-2026 19:45,77672.70,77734.50,77651.40,77683.40,587
29-08-2026 20:00,77683.40,78004.30,77668.30,77914.90,997
29-08-2026 20:15,77901.90,78137.00,77901.60,77993.20,1198
29-08-2026 20:30,77993.20,78000.00,77834.20,77922.80,860
29-08-2026 20:45,77922.80,77976.10,77842.60,77878.50,666
29-08-2026 21:00,77878.50,77878.50,77789.40,77818.60,699
29-08-2026 21:15,77818.60,77919.70,77787.40,77845.60,782
29-08-2026 21:30,77845.60,77969.90,77831.30,77968.60,961
29-08-2026 21:45,77972.40,78094.30,77889.10,77934.50,1039
29-08-2026 22:00,77934.50,78014.00,77870.30,77995.30,747
29-08-2026 22:15,77996.60,78078.00,77974.30,78006.50,776
29-08-2026 22:30,78006.50,78067.20,77991.40,78033.10,651
29-08-2026 22:45,78033.10,78088.70,77965.60,77967.10,728
29-08-2026 23:00,77967.10,78018.10,77877.20,77997.10,853
29-08-2026 23:15,77997.10,78082.80,77969.00,78082.80,748
29-08-2026 23:30,78082.80,78130.50,78044.40,78045.00,668
29-08-2026 23:45,78045.00,78081.00,78004.20,78033.70,547
30-08-2026 00:00,78033.70,78194.10,77992.20,78129.30,767
30-08-2026 00:15,78129.30,78233.90,78121.50,78138.10,692
30-08-2026 00:30,78138.10,78292.30,78137.30,78292.30,613
30-08-2026 00:45,78292.30,78319.70,78218.80,78233.30,591
30-08-2026 01:00,78233.30,78255.20,78172.30,78241.40,634
30-08-2026 01:15,78241.40,78253.10,78122.60,78171.80,461
30-08-2026 01:30,78171.80,78282.90,78153.90,78217.40,633
30-08-2026 01:45,78217.40,78251.80,78160.30,78160.30,534
30-08-2026 02:00,78160.30,78160.30,78096.30,78118.80,639
30-08-2026 02:15,78118.80,78141.30,78096.00,78109.80,579
30-08-2026 02:30,78109.80,78175.40,78030.70,78133.60,618
30-08-2026 02:45,78133.60,78162.70,78078.70,78087.20,417
30-08-2026 03:00,78087.20,78107.40,78049.50,78081.50,487
30-08-2026 03:15,78081.50,78184.50,78076.40,78148.10,599
30-08-2026 03:30,78148.10,78206.40,78089.40,78118.50,620
30-08-2026 03:45,78118.50,78141.90,78063.80,78129.90,534
30-08-2026 04:00,78129.90,78163.70,78122.20,78160.60,464
30-08-2026 04:15,78160.60,78221.60,78158.90,78204.80,398
30-08-2026 04:30,78204.80,78237.20,78178.30,78222.50,528
30-08-2026 04:45,78222.50,78248.90,78170.80,78243.40,510
30-08-2026 05:00,78242.40,78251.90,78203.50,78205.50,473
30-08-2026 05:15,78205.50,78263.20,78205.50,78216.40,452
30-08-2026 05:30,78216.40,78217.90,78127.30,78159.60,500
30-08-2026 05:45,78159.60,78307.20,78159.60,78197.40,833
30-08-2026 06:00,78197.40,78283.90,78170.00,78188.50,773
30-08-2026 06:15,78188.50,78238.90,78155.60,78160.90,714
30-08-2026 06:30,78160.90,78172.90,78044.10,78055.70,491
30-08-2026 06:45,78055.70,78057.00,77972.00,77995.90,659
30-08-2026 07:00,77995.90,78050.90,77964.90,78034.80,719
30-08-2026 07:15,78034.80,78112.30,78019.30,78060.10,588
30-08-2026 07:30,78060.10,78114.20,78043.10,78071.30,616
30-08-2026 07:45,78071.30,78072.20,77991.40,78015.30,534
30-08-2026 08:00,78018.80,78107.40,77989.70,78082.40,452
30-08-2026 08:15,78068.60,78162.40,78066.70,78082.10,476
30-08-2026 08:30,78081.80,78112.60,78044.40,78063.90,578
30-08-2026 08:45,78063.90,78152.00,78039.30,78152.00,622
30-08-2026 09:00,78153.90,78214.30,78117.70,78172.20,714
30-08-2026 09:15,78172.20,78172.20,78118.10,78118.10,487
30-08-2026 09:30,78118.10,78207.30,78117.90,78136.00,542
30-08-2026 09:45,78133.30,78137.70,78070.60,78100.20,335
30-08-2026 10:00,78100.20,78100.20,77994.90,77994.90,524
30-08-2026 10:15,77994.90,78096.20,77973.30,78096.20,435
30-08-2026 10:30,78096.20,78205.70,78094.20,78133.80,562
30-08-2026 10:45,78133.80,78133.80,78112.90,78130.80,368
30-08-2026 11:00,78130.80,78131.20,78094.80,78107.80,316
30-08-2026 11:15,78107.80,78125.30,78099.50,78119.90,269
30-08-2026 11:30,78119.90,78131.20,78094.20,78106.70,243
30-08-2026 11:45,78106.70,78183.60,78106.30,78165.60,267
30-08-2026 12:00,78165.60,78279.40,78162.50,78227.10,487
30-08-2026 12:15,78227.10,78284.50,78213.10,78259.60,541
30-08-2026 12:30,78259.60,78277.80,78228.40,78236.90,450
30-08-2026 12:45,78236.90,78238.30,78204.90,78207.20,457
30-08-2026 13:00,78207.20,78208.20,78122.90,78124.50,549
30-08-2026 13:15,78124.50,78144.10,78089.30,78094.10,516
30-08-2026 13:30,78094.10,78179.30,78091.00,78130.10,400
30-08-2026 13:45,78130.10,78183.70,78125.00,78132.10,500
30-08-2026 14:00,78132.10,78132.10,78011.50,78042.40,476
30-08-2026 14:15,78042.40,78069.60,78009.40,78055.00,502
30-08-2026 14:30,78055.00,78085.50,78044.30,78080.00,412
30-08-2026 14:45,78080.00,78101.30,77969.80,77970.40,547
30-08-2026 15:00,77970.50,78035.90,77967.30,78016.90,513
30-08-2026 15:15,78016.90,78042.70,77972.00,77974.50,431
30-08-2026 15:30,77974.50,78054.30,77943.50,77993.50,481
30-08-2026 15:45,77993.50,78101.60,77969.20,78027.80,530
30-08-2026 16:00,78027.80,78098.10,78020.70,78090.70,443
30-08-2026 16:15,78090.70,78129.30,78090.10,78127.40,426
30-08-2026 16:30,78127.40,78176.30,78120.60,78146.00,539
30-08-2026 16:45,78146.00,78197.80,78123.80,78197.80,712
30-08-2026 17:00,78197.80,78216.90,78124.90,78159.90,774
30-08-2026 17:15,78159.90,78165.90,78092.10,78145.30,676
30-08-2026 17:30,78145.30,78701.60,78145.30,78642.70,1282
30-08-2026 17:45,78642.70,78642.70,78469.70,78608.80,1135
30-08-2026 18:00,78608.80,78827.80,78529.10,78632.60,1486
30-08-2026 18:15,78632.50,78762.40,78564.30,78761.50,974
30-08-2026 18:30,78761.50,78807.80,78607.00,78612.20,801
30-08-2026 18:45,78612.20,78713.10,78567.90,78707.70,708
30-08-2026 19:00,78707.70,78804.00,78658.70,78772.60,742
30-08-2026 19:15,78772.60,78947.50,78769.60,78835.00,1138
30-08-2026 19:30,78835.00,78930.50,78754.50,78900.20,1117
30-08-2026 19:45,78900.20,78917.70,78773.30,78841.30,661
30-08-2026 20:00,78841.30,78914.40,78695.00,78736.00,675
30-08-2026 20:15,78736.00,78802.30,78697.30,78762.60,696
30-08-2026 20:30,78762.70,78851.90,78626.70,78648.90,1011
30-08-2026 20:45,78648.90,78821.70,78603.40,78763.20,1033
30-08-2026 21:00,78763.20,78843.60,78759.40,78838.90,813
30-08-2026 21:15,78836.40,78884.20,78763.90,78808.80,745
30-08-2026 21:30,78808.40,79155.50,78725.50,79091.30,1680
30-08-2026 21:45,79091.50,79212.70,78981.60,79018.40,1834
30-08-2026 22:00,79018.40,79237.70,78996.30,79182.50,1647
30-08-2026 22:15,79182.60,79377.20,79112.90,79319.10,1562
30-08-2026 22:30,79319.10,79319.10,79112.10,79157.10,1311
30-08-2026 22:45,79157.10,79158.50,78752.40,78913.50,1499
30-08-2026 23:00,78913.50,79039.10,78852.00,79022.90,1216
30-08-2026 23:15,79022.90,79062.70,78937.50,78995.20,1031
30-08-2026 23:30,78995.40,79052.10,78751.10,78819.80,1169
30-08-2026 23:45,78819.80,78987.40,78819.80,78986.90,961
31-08-2026 00:00,78986.90,79154.70,78986.90,79068.40,1252
31-08-2026 00:15,79068.40,79072.00,78991.00,79012.20,705
31-08-2026 00:30,79012.20,79023.10,78911.60,79006.50,735
31-08-2026 00:45,79006.50,79015.40,78885.80,78890.60,676
31-08-2026 01:00,78890.60,78925.50,78747.80,78764.30,912
31-08-2026 01:15,78764.30,78848.90,78698.40,78838.40,1061
31-08-2026 01:30,78838.20,78896.80,78806.50,78834.90,816
31-08-2026 01:45,78834.90,78908.00,78811.00,78811.00,745
31-08-2026 02:00,78810.70,78865.70,78417.70,78452.10,1276
31-08-2026 02:15,78452.10,78722.90,78452.10,78566.50,1297
31-08-2026 02:30,78566.50,78568.90,78222.60,78477.10,2039
31-08-2026 02:45,78477.10,78643.30,78440.10,78613.50,1557
31-08-2026 03:00,78613.30,78709.20,78574.50,78617.60,1560
31-08-2026 03:15,78617.60,78675.60,78522.80,78633.80,1499
31-08-2026 03:30,78633.80,78782.30,78509.90,78546.80,1541
31-08-2026 03:45,78542.90,78542.90,78278.50,78362.20,1655
31-08-2026 04:00,78361.10,78520.90,78253.40,78433.30,1786
31-08-2026 04:15,78433.30,78487.40,78349.00,78406.90,1355
31-08-2026 04:30,78406.90,78429.50,78283.20,78341.70,1584
31-08-2026 04:45,78341.70,78385.00,77633.50,77668.00,2257
31-08-2026 05:00,77663.70,77869.10,77321.90,77454.80,2799
31-08-2026 05:15,77453.50,77701.40,77019.80,77657.50,2772
31-08-2026 05:30,77656.00,77792.90,77412.40,77734.90,2684
31-08-2026 05:45,77734.70,77952.70,77687.80,77881.40,1740
31-08-2026 06:00,77881.40,78155.60,77861.00,78008.60,1631
31-08-2026 06:15,78008.60,78016.20,77886.60,77906.90,1115
31-08-2026 06:30,77906.90,77974.20,77530.40,77624.30,1816
31-08-2026 06:45,77624.30,77826.30,77544.00,77748.20,1844
31-08-2026 07:00,77748.10,77920.30,77621.10,77719.30,1895
31-08-2026 07:15,77719.30,77832.70,77589.10,77618.40,1576
31-08-2026 07:30,77618.70,77976.00,77493.20,77924.90,1754
31-08-2026 07:45,77922.40,77929.60,77786.90,77849.30,1433
31-08-2026 08:00,77849.30,77908.70,77674.00,77679.60,1327
31-08-2026 08:15,77679.60,77737.90,77353.00,77441.40,1657
31-08-2026 08:30,77441.80,77653.20,77366.80,77614.60,1455
31-08-2026 08:45,77614.60,77726.20,77553.10,77689.60,1144
31-08-2026 09:00,77689.60,77810.00,77636.50,77788.50,1125
31-08-2026 09:15,77788.40,77834.60,77715.80,77727.80,939
31-08-2026 09:30,77727.80,77745.10,77539.60,77565.70,1232
31-08-2026 09:45,77565.70,77578.80,77462.40,77483.60,1258
31-08-2026 10:00,77483.60,77565.20,77428.40,77545.10,1453
31-08-2026 10:15,77544.40,77637.20,77444.20,77593.00,1355
31-08-2026 10:30,77593.00,77777.50,77484.50,77732.30,1272
31-08-2026 10:45,77733.30,78133.30,77732.50,77973.50,1802
31-08-2026 11:00,77973.50,78039.30,77843.80,77945.20,1355
31-08-2026 11:15,77945.20,78021.20,77924.30,77988.70,1080
31-08-2026 11:30,77988.70,78058.40,77837.70,78001.00,1233
31-08-2026 11:45,78001.00,78100.00,77946.90,77991.70,1001
31-08-2026 12:00,77992.70,78116.40,77897.40,78054.00,1074
31-08-2026 12:15,78054.00,78100.70,77985.30,78060.20,1039
31-08-2026 12:30,78060.20,78144.90,78001.20,78104.00,1038
31-08-2026 12:45,78104.00,78288.50,78101.90,78189.10,985
31-08-2026 13:00,78189.10,78267.60,78101.40,78247.30,1093
31-08-2026 13:15,78247.30,78260.50,78162.50,78168.60,757
31-08-2026 13:30,78168.60,78310.80,78012.80,78130.90,1149
31-08-2026 13:45,78130.90,78135.50,77954.10,78065.60,1150
31-08-2026 14:00,78065.60,78419.60,78044.90,78300.00,1467
31-08-2026 14:15,78300.00,78484.30,78283.80,78444.80,1397
31-08-2026 14:30,78444.80,78761.00,78362.80,78626.30,1624
31-08-2026 14:45,78625.90,78768.00,78564.30,78624.80,1557
31-08-2026 15:00,78624.50,78689.00,78567.40,78675.30,1181
31-08-2026 15:15,78677.30,78772.20,78475.00,78476.00,1232
31-08-2026 15:30,78483.20,78493.00,78265.60,78482.20,994
31-08-2026 15:45,78482.20,78482.20,78351.40,78394.70,1004
31-08-2026 16:00,78394.70,78504.60,78333.60,78484.80,1237
31-08-2026 16:15,78485.00,78667.30,78459.90,78662.90,1148
31-08-2026 16:30,78665.90,78667.30,78517.30,78579.50,1002
31-08-2026 16:45,78579.50,78596.20,78419.90,78437.70,1021
31-08-2026 17:00,78437.70,78439.80,78311.50,78346.10,861
31-08-2026 17:15,78346.10,78379.00,78252.30,78265.50,894
31-08-2026 17:30,78265.50,78499.20,78228.60,78364.50,1526
31-08-2026 17:45,78364.50,78427.10,78009.70,78050.80,1653
31-08-2026 18:00,78048.70,78118.90,77663.70,77839.70,2012
31-08-2026 18:15,77840.30,77894.00,77727.40,77893.70,1905
31-08-2026 18:30,77894.20,78160.40,77894.00,78045.90,1605
31-08-2026 18:45,78045.90,78050.30,77846.50,78005.80,1377
31-08-2026 19:00,78008.50,78245.40,77791.50,77967.00,2679
31-08-2026 19:15,77966.20,78010.40,77683.40,77823.50,2599
31-08-2026 19:30,77822.80,78028.60,77756.60,77851.00,2636
31-08-2026 19:45,77850.60,78027.60,77702.80,77988.80,2641
31-08-2026 20:00,77989.40,78645.00,77925.20,78477.00,2838
31-08-2026 20:15,78477.60,78612.00,78330.60,78535.90,2480
31-08-2026 20:30,78541.70,78645.70,78272.60,78283.20,2292
31-08-2026 20:45,78282.90,78507.20,78175.40,78421.80,2286
31-08-2026 21:00,78421.80,78735.60,78362.70,78677.40,2246
31-08-2026 21:15,78677.30,78702.30,78517.90,78546.70,2020
31-08-2026 21:30,78546.70,78763.80,78497.70,78633.10,1803
31-08-2026 21:45,78633.10,78718.60,78484.60,78618.80,1702
31-08-2026 22:00,78618.80,78733.50,78538.40,78686.50,1701
31-08-2026 22:15,78686.50,78841.50,78596.60,78602.40,1760
31-08-2026 22:30,78602.40,78780.10,78579.70,78705.90,1538
31-08-2026 22:45,78705.90,78716.70,78459.70,78510.90,1846
31-08-2026 23:00,78511.10,78980.20,78505.00,78885.90,2068
31-08-2026 23:15,78886.30,78939.20,78813.60,78873.20,2030
31-08-2026 23:30,78873.80,78944.30,78753.40,78944.30,1630
31-08-2026 23:45,78943.00,79070.10,78813.20,78877.50,1845
01-09-2026 00:00,78877.40,79187.90,78854.30,79155.20,2043
01-09-2026 00:15,79155.70,79155.90,78957.00,78988.40,1706
01-09-2026 00:30,78988.40,79237.40,78988.40,79164.00,1767
01-09-2026 00:45,79162.30,79162.70,78997.40,79071.90,2162
01-09-2026 01:00,79071.60,79126.80,78912.60,78961.10,1876
01-09-2026 01:15,78960.90,79084.30,78829.30,78878.30,1640
01-09-2026 01:30,78878.00,78957.00,78834.80,78945.10,1387
01-09-2026 01:45,78945.10,79150.00,78887.50,78890.00,1477
01-09-2026 02:00,78890.00,78933.00,78759.70,78849.50,1493
01-09-2026 02:15,78849.50,78894.70,78797.60,78829.30,1380
01-09-2026 02:30,78829.30,78862.80,78698.30,78810.20,1089
01-09-2026 02:45,78809.60,78938.10,78781.70,78930.50,1181
01-09-2026 03:00,78930.60,79026.90,78925.80,79026.80,475
01-09-2026 03:15,79026.80,79036.00,78915.70,78929.90,773
01-09-2026 03:30,78929.90,78986.50,78853.90,78853.90,1179
01-09-2026 03:45,78853.90,78854.30,78707.80,78732.90,800
01-09-2026 04:00,78732.90,78742.70,78619.70,78629.50,806
01-09-2026 04:15,78629.50,78629.50,78541.70,78556.40,779
01-09-2026 04:30,78556.40,78556.40,78364.80,78419.70,1131
01-09-2026 04:45,78419.70,78556.80,78419.70,78547.80,724
01-09-2026 05:00,78547.80,78557.10,78468.00,78527.60,611
01-09-2026 05:15,78527.60,78554.30,78510.20,78549.60,735
01-09-2026 05:30,78549.70,78755.10,78524.90,78715.60,1124
01-09-2026 05:45,78716.00,78868.50,78699.50,78828.80,942
01-09-2026 06:00,78828.80,78854.80,78639.00,78671.70,1024
01-09-2026 06:15,78670.90,78774.00,78544.80,78618.20,979
01-09-2026 06:30,78618.20,78766.90,78488.00,78514.10,1399
01-09-2026 06:45,78514.10,78609.40,78373.20,78379.10,1305
01-09-2026 07:00,78379.30,78548.60,78337.80,78539.00,1245
01-09-2026 07:15,78539.00,78546.20,78343.80,78365.10,1026
01-09-2026 07:30,78365.10,78365.30,78150.90,78263.10,1222
01-09-2026 07:45,78263.80,78289.50,78162.50,78179.50,1334
01-09-2026 08:00,78179.50,78364.60,78179.50,78323.80,1104
01-09-2026 08:15,78323.80,78422.60,78297.90,78410.90,695
01-09-2026 08:30,78410.90,78458.40,78358.40,78394.70,842
01-09-2026 08:45,78393.30,78471.80,78357.70,78443.10,681
01-09-2026 09:00,78443.10,78836.90,78432.90,78758.20,1762
01-09-2026 09:15,78758.20,78763.10,78624.30,78641.00,1023
01-09-2026 09:30,78641.00,78761.60,78607.90,78635.20,1035
01-09-2026 09:45,78634.80,78870.60,78629.30,78786.70,956
01-09-2026 10:00,78786.70,78820.40,78674.10,78677.20,851
01-09-2026 10:15,78677.20,78742.70,78641.60,78690.30,886
01-09-2026 10:30,78690.30,78938.10,78690.30,78823.00,1207
01-09-2026 10:45,78823.00,78968.80,78751.20,78953.80,1151
01-09-2026 11:00,78952.80,79142.50,78927.00,79133.40,1637
01-09-2026 11:15,79133.40,79182.90,79050.50,79144.10,1142
01-09-2026 11:30,79140.60,79140.60,78940.70,78992.40,1124
01-09-2026 11:45,78992.40,78992.40,78773.60,78853.90,1028
01-09-2026 12:00,78853.90,78910.40,78816.90,78836.60,952
01-09-2026 12:15,78836.60,78844.90,78696.80,78696.80,923
01-09-2026 12:30,78696.80,78770.40,78678.90,78687.00,985
01-09-2026 12:45,78687.00,78762.90,78665.60,78745.70,842
01-09-2026 13:00,78747.40,78761.70,78465.00,78588.80,1225
01-09-2026 13:15,78588.80,78651.30,78550.40,78598.30,1026
01-09-2026 13:30,78598.30,78624.00,78231.20,78275.00,2058
01-09-2026 13:45,78275.00,78304.70,77840.40,77852.90,2210
01-09-2026 14:00,77852.90,78014.40,77804.20,77939.70,2321
01-09-2026 14:15,77939.90,78002.20,77787.30,77844.70,1761
01-09-2026 14:30,77844.70,77890.60,77743.50,77784.00,1620
01-09-2026 14:45,77784.00,77941.90,77770.00,77891.40,1400
01-09-2026 15:00,77891.40,78017.80,77816.70,78017.80,1475
01-09-2026 15:15,78017.80,78022.50,77866.60,77873.40,1458
01-09-2026 15:30,77873.40,77964.60,77772.50,77842.50,1383
01-09-2026 15:45,77842.50,78012.00,77722.20,77975.70,1417
01-09-2026 16:00,77975.50,78161.20,77975.00,78098.80,1445
01-09-2026 16:15,78096.70,78129.20,77943.40,77986.20,1080
01-09-2026 16:30,77986.20,78011.00,77878.30,77942.80,1372
01-09-2026 16:45,77944.10,77980.30,77841.80,77960.20,1463
01-09-2026 17:00,77960.20,78164.10,77900.30,78058.40,1393
01-09-2026 17:15,78058.40,78156.10,78009.60,78048.80,1417
01-09-2026 17:30,78048.80,78116.90,77906.20,77989.30,1313
01-09-2026 17:45,77989.10,78061.00,77871.20,77949.00,1615
01-09-2026 18:00,77949.00,77949.00,77694.70,77926.70,2230
01-09-2026 18:15,77926.70,78034.50,77876.70,77960.70,1696
01-09-2026 18:30,77960.70,77972.40,77561.20,77748.60,1659
01-09-2026 18:45,77748.60,77855.00,77680.20,77837.10,1252
01-09-2026 19:00,77837.10,77984.80,77464.00,77879.00,1819
01-09-2026 19:15,77876.30,78159.20,77807.40,77979.30,1957
01-09-2026 19:30,77979.30,78380.40,77979.30,78229.30,2089
01-09-2026 19:45,78228.90,78371.60,78095.40,78208.60,2383
01-09-2026 20:00,78209.90,78364.30,78184.70,78359.40,2188
01-09-2026 20:15,78360.90,78383.90,78089.60,78129.80,2244
01-09-2026 20:30,78129.50,78129.60,77672.80,77770.80,2580
01-09-2026 20:45,77770.80,77839.30,77710.10,77820.80,2242
01-09-2026 21:00,77820.80,77939.40,77751.90,77934.50,1660
01-09-2026 21:15,77946.40,78053.10,77860.70,77865.30,1766
01-09-2026 21:30,77865.30,77933.50,77601.90,77619.50,2188
01-09-2026 21:45,77618.50,77701.20,77417.40,77575.30,2792
01-09-2026 22:00,77575.50,77577.60,77281.10,77397.50,2635
01-09-2026 22:15,77397.50,77614.50,77376.70,77548.40,2266
01-09-2026 22:30,77548.30,77613.50,77456.00,77474.60,1951
01-09-2026 22:45,77474.90,77582.50,77363.80,77480.60,2103
01-09-2026 23:00,77477.70,77681.60,77460.90,77476.80,1775
01-09-2026 23:15,77476.80,77480.80,77210.90,77224.30,2116
01-09-2026 23:30,77223.40,77285.80,77088.50,77184.80,2327
01-09-2026 23:45,77184.80,77209.90,76707.10,77003.20,2354
02-09-2026 00:00,77003.80,77078.40,76535.30,76536.20,2718
02-09-2026 00:15,76536.20,77116.70,76372.80,77110.00,3009
02-09-2026 00:30,77113.60,77263.40,77059.40,77160.70,2460
02-09-2026 00:45,77159.90,77416.80,77090.10,77309.60,2476
02-09-2026 01:00,77309.60,77339.90,77243.80,77266.60,1915
02-09-2026 01:15,77266.60,77294.80,77143.30,77261.40,1865
02-09-2026 01:30,77265.00,77382.60,77181.70,77381.20,1764
02-09-2026 01:45,77381.40,77419.40,77273.00,77352.60,1305
02-09-2026 02:00,77352.90,77427.20,77286.40,77338.80,1474
02-09-2026 02:15,77338.80,77423.10,77292.20,77396.40,1243
02-09-2026 02:30,77396.40,77469.80,77018.40,77055.70,1221
02-09-2026 02:45,77055.70,77215.30,76861.90,77138.70,1694
02-09-2026 03:00,77138.70,77169.00,76968.70,77092.80,1015
02-09-2026 03:15,77092.90,77222.30,77071.40,77151.10,907
02-09-2026 03:30,77151.10,77269.00,77123.60,77243.00,1462
02-09-2026 03:45,77243.00,77245.50,77012.10,77014.10,1194
02-09-2026 04:00,77012.60,77134.90,76973.30,77105.60,1152
02-09-2026 04:15,77105.60,77316.20,77105.60,77214.00,1252
02-09-2026 04:30,77214.00,77269.50,77152.10,77202.30,1045
02-09-2026 04:45,77202.10,77340.80,77198.90,77339.20,1075
02-09-2026 05:00,77339.70,77542.70,77316.80,77487.90,1486
02-09-2026 05:15,77487.90,77573.80,77356.90,77383.50,1131
02-09-2026 05:30,77383.00,77465.90,77296.30,77339.70,1350
02-09-2026 05:45,77339.50,77415.70,77205.50,77205.50,1301
02-09-2026 06:00,77205.50,77287.80,77074.40,77181.80,1797
02-09-2026 06:15,77181.80,77225.90,77124.00,77155.60,1419
02-09-2026 06:30,77155.60,77321.30,77094.30,77288.00,1816
02-09-2026 06:45,77288.50,77296.70,77084.90,77084.90,1327
02-09-2026 07:00,77084.90,77127.00,76794.70,76838.10,2022
02-09-2026 07:15,76838.40,76984.80,76661.70,76951.80,2660
02-09-2026 07:30,76951.90,77155.40,76885.50,77021.60,2095
02-09-2026 07:45,77021.60,77283.00,77013.60,77261.50,1836
02-09-2026 08:00,77261.50,77261.50,77101.60,77163.40,1413
02-09-2026 08:15,77163.40,77271.90,77136.60,77268.30,1301
02-09-2026 08:30,77268.30,77539.60,77243.90,77452.10,1884
02-09-2026 08:45,77451.90,77737.10,77426.00,77597.00,1910
02-09-2026 09:00,77597.00,77601.50,77443.40,77482.90,1700
02-09-2026 09:15,77483.10,77586.70,77447.30,77500.30,1163
02-09-2026 09:30,77500.30,77506.90,77295.40,77313.30,967
02-09-2026 09:45,77313.30,77397.10,77230.60,77378.10,1193
02-09-2026 10:00,77378.10,77541.50,77372.40,77541.10,1153
02-09-2026 10:15,77540.70,77560.60,77475.80,77501.70,747
02-09-2026 10:30,77501.70,77560.10,77376.60,77553.70,1233
02-09-2026 10:45,77553.70,77711.60,77553.70,77683.90,1550
02-09-2026 11:00,77683.90,77699.50,77609.70,77648.10,1160
02-09-2026 11:15,77648.10,77709.00,77535.30,77596.80,1084
02-09-2026 11:30,77596.80,77671.90,77517.70,77527.70,1257
02-09-2026 11:45,77527.70,77613.30,77490.80,77492.40,1079
02-09-2026 12:00,77492.40,77628.70,77399.70,77567.50,1260
02-09-2026 12:15,77567.50,77577.90,77444.20,77560.40,693
02-09-2026 12:30,77560.40,77718.30,77540.90,77625.80,935
02-09-2026 12:45,77625.80,77648.80,77536.50,77549.50,1086
02-09-2026 13:00,77549.50,77585.00,77500.50,77505.30,1014
02-09-2026 13:15,77505.30,77548.10,77418.40,77420.40,1179
02-09-2026 13:30,77420.40,77500.70,77326.30,77369.20,1552
02-09-2026 13:45,77369.20,77431.30,77194.70,77198.80,1293
02-09-2026 14:00,77196.30,77202.60,76886.70,76916.10,1713
02-09-2026 14:15,76914.20,76985.30,76681.30,76800.30,2014
02-09-2026 14:30,76800.30,77001.90,76795.20,76896.20,1927
02-09-2026 14:45,76896.20,76921.00,76571.50,76843.20,2060
02-09-2026 15:00,76843.20,76847.90,76464.80,76506.30,2303
02-09-2026 15:15,76506.30,76708.90,76435.40,76702.60,1869
02-09-2026 15:30,76702.60,76705.00,76511.10,76583.90,1678
02-09-2026 15:45,76584.00,76651.40,76511.90,76525.90,1559
02-09-2026 16:00,76525.70,76563.10,76411.80,76549.50,1968
02-09-2026 16:15,76549.00,76643.00,76210.30,76623.40,2317
02-09-2026 16:30,76623.40,76678.00,76454.50,76678.00,1626
02-09-2026 16:45,76673.40,76703.10,76291.60,76442.70,1550
02-09-2026 17:00,76442.70,76677.30,76420.00,76587.50,1557
02-09-2026 17:15,76587.50,76786.10,76536.40,76767.30,1049
02-09-2026 17:30,76767.30,76791.30,76627.10,76774.10,1815
02-09-2026 17:45,76773.80,76999.20,76706.10,76934.00,2171
02-09-2026 18:00,76934.00,76941.90,76733.10,76766.60,1520
02-09-2026 18:15,76766.60,76772.70,76549.90,76553.20,1349
02-09-2026 18:30,76553.20,76828.60,76550.00,76679.20,1674
02-09-2026 18:45,76679.20,76902.00,76644.70,76817.30,1821
02-09-2026 19:00,76816.30,77351.60,76558.00,77328.10,2925
02-09-2026 19:15,77327.30,77388.50,76938.80,77097.30,2921
02-09-2026 19:30,77098.80,77297.80,76949.00,77280.30,2854
02-09-2026 19:45,77283.50,77439.60,77172.00,77284.10,2509
02-09-2026 20:00,77284.10,77334.10,77048.60,77271.90,2339
02-09-2026 20:15,77271.90,77282.30,77006.60,77019.10,2092
02-09-2026 20:30,77016.90,77131.30,76689.10,76759.10,2647
02-09-2026 20:45,76759.90,77091.80,76754.70,76990.10,2365
02-09-2026 21:00,76989.90,77341.70,76937.20,77318.20,2649
02-09-2026 21:15,77317.90,77330.40,77069.00,77237.70,2116
02-09-2026 21:30,77237.70,77344.70,77149.00,77301.10,1560
02-09-2026 21:45,77301.10,77531.50,77271.70,77413.50,1877
02-09-2026 22:00,77413.50,77520.50,77213.70,77215.40,1657
02-09-2026 22:15,77210.90,77287.70,77125.70,77129.30,1214
02-09-2026 22:30,77125.30,77201.30,77009.70,77079.60,1444
02-09-2026 22:45,77079.60,77118.20,76908.10,77051.00,1508
02-09-2026 23:00,77051.00,77266.20,77028.90,77264.70,1548
02-09-2026 23:15,77264.70,77357.90,77264.30,77338.90,1348
02-09-2026 23:30,77338.90,77402.30,77275.30,77367.80,1243
02-09-2026 23:45,77367.80,77481.40,77341.20,77405.60,1433
03-09-2026 00:00,77405.60,77415.60,77250.10,77268.90,1172
03-09-2026 00:15,77270.00,77375.60,77249.20,77333.70,1200
03-09-2026 00:30,77333.70,77364.80,77282.10,77344.90,1152
03-09-2026 00:45,77344.90,77381.40,77122.60,77122.60,1100
03-09-2026 01:00,77122.30,77211.70,77077.10,77194.10,1219
03-09-2026 01:15,77192.50,77307.70,77102.90,77297.30,1596
03-09-2026 01:30,77299.20,77489.50,77241.40,77321.20,1475
03-09-2026 01:45,77321.90,77427.30,77164.60,77337.80,1343
03-09-2026 02:00,77337.60,77446.50,77278.10,77339.70,1256
03-09-2026 02:15,77334.90,77438.70,77264.20,77366.90,1292
03-09-2026 02:30,77366.90,77366.90,77269.80,77287.30,1027
03-09-2026 02:45,77287.30,77301.20,77206.80,77242.80,799
03-09-2026 03:00,77242.80,77397.30,77201.00,77392.20,878
03-09-2026 03:15,77392.20,77392.20,77233.00,77253.30,1025
03-09-2026 03:30,77253.30,77253.30,77035.00,77115.70,1257
03-09-2026 03:45,77115.70,77142.40,76975.00,76975.60,981
03-09-2026 04:00,76974.20,77122.20,76974.20,77083.10,1057
03-09-2026 04:15,77083.10,77084.20,76982.80,76993.70,1009
03-09-2026 04:30,76993.70,77184.60,76968.30,77180.70,1085
03-09-2026 04:45,77180.30,77181.00,77089.70,77156.70,763
03-09-2026 05:00,77152.00,77217.90,77069.40,77109.70,865
03-09-2026 05:15,77109.70,77333.70,77109.70,77292.40,1184
03-09-2026 05:30,77292.40,77349.80,77123.60,77128.10,1400
03-09-2026 05:45,77128.10,77129.30,76990.00,76994.70,1360
03-09-2026 06:00,76995.30,77096.80,76943.10,77070.20,1275
03-09-2026 06:15,77070.20,77104.90,76986.10,77017.30,1329
03-09-2026 06:30,77017.30,77391.60,76925.10,77370.60,2163
03-09-2026 06:45,77369.70,77394.00,77238.10,77390.20,1707
03-09-2026 07:00,77390.20,77502.10,77270.40,77297.00,1942
03-09-2026 07:15,77297.00,77431.00,77241.50,77308.50,1628
03-09-2026 07:30,77307.90,77453.20,77189.00,77453.20,1595
03-09-2026 07:45,77449.90,77576.60,77383.80,77557.40,1303
03-09-2026 08:00,77556.70,77866.50,77513.00,77740.00,2359
03-09-2026 08:15,77738.00,77837.40,77692.70,77777.10,1652
03-09-2026 08:30,77777.10,77822.30,77655.10,77778.70,1246
03-09-2026 08:45,77778.70,77840.50,77667.50,77697.10,1552
03-09-2026 09:00,77697.10,77736.20,77597.10,77619.20,1076
03-09-2026 09:15,77619.30,77700.30,77590.20,77658.90,1022
03-09-2026 09:30,77658.90,77787.50,77582.80,77595.80,968
03-09-2026 09:45,77596.70,77617.60,77499.60,77532.40,1043
03-09-2026 10:00,77532.40,77581.70,77493.70,77508.70,1063
03-09-2026 10:15,77508.70,77751.00,77508.30,77730.10,1263
03-09-2026 10:30,77737.40,77782.80,77557.20,77587.70,1173
03-09-2026 10:45,77587.70,77610.50,77054.00,77153.60,2091
03-09-2026 11:00,77153.20,77472.30,77122.50,77446.00,2087
03-09-2026 11:15,77446.00,77784.70,77356.40,77766.90,1937
03-09-2026 11:30,77766.90,77804.20,77642.90,77659.80,1337
03-09-2026 11:45,77659.80,77738.60,77659.70,77700.90,1039
03-09-2026 12:00,77700.90,77783.10,77668.80,77777.90,1448
03-09-2026 12:15,77777.90,77807.80,77718.30,77783.80,1073
03-09-2026 12:30,77783.70,78133.60,77760.40,78009.40,2199
03-09-2026 12:45,78009.40,78014.40,77831.60,77899.50,1628
03-09-2026 13:00,77899.50,78025.90,77808.40,77849.70,1430
03-09-2026 13:15,77849.70,77896.60,77543.50,77607.20,1767
03-09-2026 13:30,77617.50,78022.20,77617.50,77880.50,2201
03-09-2026 13:45,77880.50,77933.80,77774.40,77932.20,1660
03-09-2026 14:00,77932.20,77948.80,77814.10,77829.90,1514
03-09-2026 14:15,77829.90,77864.50,77708.70,77789.40,1302
03-09-2026 14:30,77789.40,77926.30,77751.30,77816.10,1164
03-09-2026 14:45,77816.10,77869.50,77694.20,77695.60,1145
03-09-2026 15:00,77696.50,77736.10,77610.50,77682.50,1263
03-09-2026 15:15,77682.50,77737.00,77558.70,77564.90,1416
03-09-2026 15:30,77563.80,77634.50,77487.60,77522.20,1534
03-09-2026 15:45,77522.20,77671.60,77478.80,77587.70,1570
03-09-2026 16:00,77589.40,77607.80,77422.50,77463.40,1538
03-09-2026 16:15,77463.40,77731.80,77454.50,77693.20,1525
03-09-2026 16:30,77693.80,77780.30,77659.70,77776.30,1671
03-09-2026 16:45,77776.30,77916.00,77776.30,77881.50,1631
03-09-2026 17:00,77881.50,77935.60,77785.90,77887.20,1702
03-09-2026 17:15,77887.10,77959.80,77827.80,77892.40,1444
03-09-2026 17:30,77892.40,78051.30,77836.90,78032.20,1373
03-09-2026 17:45,78030.50,78096.40,77891.70,77918.70,1333
03-09-2026 18:00,77920.40,78400.30,77920.40,78274.20,2348
03-09-2026 18:15,78274.20,78745.80,78209.10,78661.50,2059
03-09-2026 18:30,78661.30,78667.60,78470.00,78501.40,972
03-09-2026 18:45,78501.40,78566.80,78406.90,78452.70,1144
03-09-2026 19:00,78452.70,78892.40,78417.00,78875.00,1951
03-09-2026 19:15,78873.70,78961.40,78715.10,78809.10,1532
03-09-2026 19:30,78801.20,78973.40,78664.20,78962.20,2842
03-09-2026 19:45,78962.70,79642.50,78957.50,79586.40,2573
03-09-2026 20:00,79586.40,79862.50,79581.90,79739.10,1222
03-09-2026 20:15,79738.50,80550.10,79737.30,80532.60,2376
03-09-2026 20:30,80528.80,80940.30,80337.90,80543.50,3265
03-09-2026 20:45,80543.50,80771.00,80452.90,80731.20,3021
03-09-2026 21:00,80731.20,80987.00,80672.50,80846.90,2917
03-09-2026 21:15,80849.00,81371.20,80714.90,81351.30,3018
03-09-2026 21:30,81348.70,81367.10,80783.80,80948.10,2970
03-09-2026 21:45,80948.10,80952.70,80599.70,80747.40,2820
03-09-2026 22:00,80750.20,80938.10,80741.50,80780.30,2678
03-09-2026 22:15,80779.50,81031.40,80759.10,80959.70,2492
03-09-2026 22:30,80959.30,81100.60,80870.20,81095.70,2667
03-09-2026 22:45,81097.00,81134.50,80904.20,80988.80,2641
03-09-2026 23:00,80987.80,81165.80,80977.80,81064.20,2433
03-09-2026 23:15,81060.30,81186.50,80996.20,81039.20,2246
03-09-2026 23:30,81040.10,81327.60,81008.00,81248.70,2611
03-09-2026 23:45,81248.80,81282.80,80928.30,80936.90,2185
04-09-2026 00:00,80936.00,81045.70,80888.60,80978.30,2105
04-09-2026 00:15,80978.30,81264.10,80946.20,81252.90,2028
04-09-2026 00:30,81252.40,81602.70,81162.90,81196.20,2575
04-09-2026 00:45,81195.00,81605.90,81162.50,81537.40,2379
04-09-2026 01:00,81537.40,81601.70,81374.90,81535.90,1959
04-09-2026 01:15,81535.90,81787.50,81440.10,81734.00,2341
04-09-2026 01:30,81745.90,81781.70,81394.00,81410.90,2515
04-09-2026 01:45,81409.30,81594.80,81382.00,81531.20,1667
04-09-2026 02:00,81531.20,81634.00,81406.70,81463.80,1627
04-09-2026 02:15,81461.20,81578.60,81408.90,81457.90,1575
04-09-2026 02:30,81457.90,81628.60,81285.50,81591.00,1689
04-09-2026 02:45,81591.10,81778.40,81505.40,81761.20,1601
04-09-2026 03:00,81764.60,82262.90,81512.60,81521.60,2455
04-09-2026 03:15,81520.50,81745.10,81418.10,81583.70,1696
04-09-2026 03:30,81583.70,81613.40,81273.70,81384.40,1607
04-09-2026 03:45,81384.40,81411.70,81113.00,81127.70,1765
04-09-2026 04:00,81121.80,81247.60,80902.80,81195.80,1999
04-09-2026 04:15,81195.80,81278.30,81054.60,81143.60,1668
04-09-2026 04:30,81143.60,81212.30,81067.10,81155.60,1653
04-09-2026 04:45,81155.60,81277.30,81143.20,81276.70,1407
04-09-2026 05:00,81276.50,81328.90,81110.80,81222.20,1606
04-09-2026 05:15,81222.20,81324.40,81171.30,81250.70,1315
04-09-2026 05:30,81250.70,81254.50,81063.70,81244.20,1625
04-09-2026 05:45,81244.20,81342.60,81132.70,81138.40,1630
04-09-2026 06:00,81138.40,81425.70,81126.60,81225.60,1656
04-09-2026 06:15,81225.80,81237.10,80948.30,80964.70,1899
04-09-2026 06:30,80964.50,81093.90,80903.50,80934.30,1865
04-09-2026 06:45,80934.30,81020.40,80772.10,80813.70,1800
04-09-2026 07:00,80813.70,80921.00,80763.40,80780.80,1651
04-09-2026 07:15,80780.80,81023.70,80770.70,80961.70,1408
04-09-2026 07:30,80961.70,80961.70,80769.40,80795.20,1355
04-09-2026 07:45,80795.20,80866.60,80672.20,80707.10,1537
04-09-2026 08:00,80707.90,80836.30,80667.40,80727.30,1450
04-09-2026 08:15,80727.20,80824.50,80654.40,80823.30,1507
04-09-2026 08:30,80823.30,81000.50,80819.70,80918.00,1410
04-09-2026 08:45,80918.00,80934.80,80817.20,80823.30,1101
04-09-2026 09:00,80823.30,80869.60,80783.20,80861.30,1305
04-09-2026 09:15,80861.30,80962.90,80831.90,80832.70,1092
04-09-2026 09:30,80832.70,80958.60,80793.00,80949.80,1014
04-09-2026 09:45,80949.80,81273.30,80933.80,81248.30,1525
04-09-2026 10:00,81251.50,81258.00,81007.70,81019.50,1594
04-09-2026 10:15,81019.50,81129.10,81003.90,81055.60,1283
04-09-2026 10:30,81055.60,81067.20,80954.60,80963.60,1320
04-09-2026 10:45,80963.60,81126.90,80926.60,81008.50,1382
04-09-2026 11:00,81005.10,81005.10,80885.50,80968.90,1590
04-09-2026 11:15,80968.30,81047.10,80839.20,80970.10,1423
04-09-2026 11:30,80971.40,81073.40,80886.10,80990.80,1413
04-09-2026 11:45,80990.80,81013.90,80664.60,80696.80,1346
04-09-2026 12:00,80696.80,80830.60,80560.50,80819.50,1789
04-09-2026 12:15,80819.50,80838.20,80671.20,80779.70,1267
04-09-2026 12:30,80779.70,80943.50,80763.00,80903.60,1480
04-09-2026 12:45,80903.60,80944.10,80817.50,80833.40,1301
04-09-2026 13:00,80833.40,80885.80,80722.10,80751.10,1355
04-09-2026 13:15,80751.10,80764.50,80619.00,80632.00,967
04-09-2026 13:30,80632.00,80748.50,80488.30,80748.50,1604
04-09-2026 13:45,80748.50,80974.90,80745.20,80951.20,1510
04-09-2026 14:00,80951.10,81133.90,80943.60,81020.80,1781
04-09-2026 14:15,81020.80,81212.90,80970.80,81125.20,2092
04-09-2026 14:30,81125.20,81210.60,81054.20,81059.00,1999
04-09-2026 14:45,81059.00,81280.90,80909.60,81010.60,2243
04-09-2026 15:00,81010.60,81200.60,80956.80,81144.50,1790
04-09-2026 15:15,81144.50,81196.40,80999.10,81025.50,1908
04-09-2026 15:30,81025.50,81102.20,80872.00,80945.50,2007
04-09-2026 15:45,80946.80,80955.30,80799.20,80933.10,1842
04-09-2026 16:00,80934.30,81095.90,80887.50,81061.80,1854
04-09-2026 16:15,81061.80,81175.10,81002.10,81168.00,1239
04-09-2026 16:30,81168.10,81203.80,81055.70,81171.70,1797
04-09-2026 16:45,81172.70,81396.30,81110.90,81310.60,1670
04-09-2026 17:00,81310.60,81311.70,81176.20,81232.40,1596
04-09-2026 17:15,81230.70,81330.70,81187.80,81204.10,1937
04-09-2026 17:30,81204.00,81251.70,81113.90,81230.50,2119
04-09-2026 17:45,81229.60,81342.60,81102.30,81331.90,2235
04-09-2026 18:00,81330.90,81330.90,79504.90,79678.30,795
04-09-2026 18:15,79677.10,79682.60,79164.90,79395.10,1791
04-09-2026 18:30,79395.10,79531.50,79173.90,79247.80,1529
04-09-2026 18:45,79247.80,79477.00,79186.50,79299.50,1884
04-09-2026 19:00,79299.80,79536.60,79174.20,79348.60,1178
04-09-2026 19:15,79348.60,79678.50,79212.50,79353.60,3116
04-09-2026 19:30,79350.10,79542.70,79228.50,79398.30,2986
04-09-2026 19:45,79399.40,79484.90,79058.70,79336.70,2705
04-09-2026 20:00,79337.70,79447.10,78892.10,79003.10,2731
04-09-2026 20:15,79005.70,79120.20,78615.40,78905.50,1607
04-09-2026 20:30,78905.50,79184.10,78852.60,79184.10,1239
04-09-2026 20:45,79183.50,79411.40,79150.60,79398.40,2401
04-09-2026 21:00,79396.00,79533.00,79340.80,79512.30,1920
04-09-2026 21:15,79512.30,79547.70,79374.80,79407.20,2212
04-09-2026 21:30,79406.90,79513.00,79358.00,79434.20,2081
04-09-2026 21:45,79434.20,79559.80,79417.10,79539.60,1985
04-09-2026 22:00,79539.60,79854.20,79520.60,79842.70,2246
04-09-2026 22:15,79842.70,79867.40,79710.10,79735.40,2103
04-09-2026 22:30,79736.20,79748.90,79604.00,79605.70,1693
04-09-2026 22:45,79605.70,79642.60,79499.00,79501.20,1763
04-09-2026 23:00,79501.20,79580.70,79428.00,79471.50,1805
04-09-2026 23:15,79469.40,79515.20,79374.10,79461.50,1670
04-09-2026 23:30,79461.50,79592.90,79461.50,79520.10,1285
04-09-2026 23:45,79520.10,79619.60,79520.10,79535.80,1397
05-09-2026 00:00,79533.80,79648.80,79527.80,79627.90,1272
05-09-2026 00:15,79627.90,79654.50,79577.80,79605.60,1198
05-09-2026 00:30,79605.60,79730.40,79605.60,79699.80,1328
05-09-2026 00:45,79699.80,79815.60,79685.90,79795.60,1205
05-09-2026 01:00,79795.50,79795.50,79620.70,79685.20,1404
05-09-2026 01:15,79685.10,79812.50,79627.40,79795.00,1518
05-09-2026 01:30,79792.40,79872.20,79760.40,79817.40,1455
05-09-2026 01:45,79817.40,79848.20,79745.30,79770.60,952
05-09-2026 02:00,79770.60,79783.30,79692.90,79724.40,943
05-09-2026 02:15,79724.40,79781.60,79665.00,79705.10,792
05-09-2026 02:30,79709.90,79805.90,79696.80,79778.30,595
05-09-2026 02:45,79778.30,79818.90,79744.00,79782.80,446
05-09-2026 03:00,79782.40,79982.40,79755.80,79774.10,691
05-09-2026 03:15,79771.20,79813.00,79529.10,79638.50,1027
05-09-2026 03:30,79638.50,79706.30,79638.50,79704.20,435
05-09-2026 03:45,79704.20,79721.90,79651.80,79711.00,445
05-09-2026 04:00,79711.00,79726.00,79663.00,79663.20,429
05-09-2026 04:15,79663.20,79684.20,79621.60,79637.60,408
05-09-2026 04:30,79637.60,79655.90,79597.80,79618.50,415
05-09-2026 04:45,79618.50,79758.10,79607.90,79734.00,652
05-09-2026 05:00,79734.00,79737.50,79665.30,79668.60,422
05-09-2026 05:15,79668.60,79676.10,79617.70,79662.20,451
05-09-2026 05:30,79662.20,79726.90,79615.30,79670.70,531
05-09-2026 05:45,79670.70,79670.80,79601.60,79662.00,463
05-09-2026 06:00,79662.00,79708.20,79627.20,79632.60,728
05-09-2026 06:15,79632.60,79659.70,79557.70,79584.70,759
05-09-2026 06:30,79584.70,79694.30,79553.40,79629.00,737
05-09-2026 06:45,79629.00,79709.90,79601.80,79695.20,698
05-09-2026 07:00,79695.20,79719.70,79605.60,79639.40,935
05-09-2026 07:15,79639.40,79671.90,79535.80,79536.70,791
05-09-2026 07:30,79536.70,79587.50,79483.90,79568.30,648
05-09-2026 07:45,79567.00,79603.80,79512.30,79524.50,544
05-09-2026 08:00,79524.90,79626.40,79524.40,79617.60,488
05-09-2026 08:15,79617.60,79618.40,79538.40,79571.20,453
05-09-2026 08:30,79571.20,79574.20,79513.20,79554.80,503
05-09-2026 08:45,79554.80,79618.40,79554.80,79584.40,589
05-09-2026 09:00,79584.40,79630.50,79584.40,79625.30,426
05-09-2026 09:15,79626.60,79638.00,79577.90,79585.90,418
05-09-2026 09:30,79585.30,79599.00,79508.60,79542.10,463
05-09-2026 09:45,79542.10,79583.40,79538.20,79554.70,275
05-09-2026 10:00,79555.80,79559.70,79527.40,79538.00,267
05-09-2026 10:15,79538.00,79561.00,79495.10,79495.50,560
05-09-2026 10:30,79495.50,79569.60,79445.70,79562.00,560
05-09-2026 10:45,79562.00,79592.00,79514.40,79586.80,411
05-09-2026 11:00,79586.80,79599.60,79513.30,79515.20,322
05-09-2026 11:15,79515.20,79611.20,79492.70,79577.90,515
05-09-2026 11:30,79577.90,79645.20,79575.50,79627.60,408
05-09-2026 11:45,79627.60,79658.40,79614.30,79645.10,338
05-09-2026 12:00,79645.10,79721.40,79631.30,79664.40,364
05-09-2026 12:15,79663.00,79675.20,79660.50,79664.30,122
05-09-2026 12:30,79676.80,79704.00,79671.80,79690.70,219
05-09-2026 12:45,79690.70,79729.40,79674.30,79721.40,299
05-09-2026 13:00,79721.40,79752.40,79704.20,79723.90,436
05-09-2026 13:15,79723.90,79765.20,79688.20,79712.40,335
05-09-2026 13:30,79712.40,79712.40,79627.50,79657.50,445
05-09-2026 13:45,79657.50,79720.70,79604.30,79642.60,464
05-09-2026 14:00,79642.60,79642.60,79557.30,79616.40,416
05-09-2026 14:15,79616.40,79660.90,79588.60,79642.90,348
05-09-2026 14:30,79642.90,79725.20,79639.10,79712.00,400
05-09-2026 14:45,79712.00,79712.30,79681.80,79686.20,392
05-09-2026 15:00,79686.20,79705.20,79640.00,79678.60,344
05-09-2026 15:15,79678.60,79678.60,79599.10,79621.70,338
05-09-2026 15:30,79621.70,79635.30,79605.00,79610.10,247
05-09-2026 15:45,79610.10,79656.90,79594.00,79606.50,447
05-09-2026 16:00,79606.40,79660.70,79582.50,79595.10,545
05-09-2026 16:15,79595.10,79648.50,79578.50,79606.50,447
05-09-2026 16:30,79606.50,79664.90,79606.30,79636.10,482
05-09-2026 16:45,79636.10,79639.30,79613.20,79622.90,347
05-09-2026 17:00,79622.90,79635.70,79596.50,79602.80,334
05-09-2026 17:15,79602.80,79675.10,79598.80,79607.70,381
05-09-2026 17:30,79607.70,79669.70,79603.50,79654.80,391
05-09-2026 17:45,79654.80,79673.10,79638.90,79646.00,303
05-09-2026 18:00,79646.00,79762.70,79602.00,79720.30,653
05-09-2026 18:15,79720.30,79759.20,79692.30,79696.50,531
05-09-2026 18:30,79696.50,79715.30,79660.20,79713.40,417
05-09-2026 18:45,79713.40,79759.70,79666.70,79744.40,427
05-09-2026 19:00,79744.40,79751.00,79631.50,79653.20,545
05-09-2026 19:15,79653.20,79692.90,79542.00,79608.50,607
05-09-2026 19:30,79608.50,79688.00,79606.90,79660.20,334
05-09-2026 19:45,79660.20,79734.80,79660.20,79729.50,372
05-09-2026 20:00,79729.50,79746.60,79685.60,79704.50,414
05-09-2026 20:15,79704.50,79750.30,79703.10,79704.40,450
05-09-2026 20:30,79704.40,79759.50,79695.00,79702.80,459
05-09-2026 20:45,79702.80,79767.00,79665.90,79672.10,373
05-09-2026 21:00,79672.10,79760.00,79672.10,79734.30,361
05-09-2026 21:15,79734.30,79805.30,79717.20,79786.10,530
05-09-2026 21:30,79786.10,79840.30,79736.60,79777.40,573
05-09-2026 21:45,79777.80,79891.80,79769.90,79884.90,577
05-09-2026 22:00,79886.90,79987.40,79882.80,79928.30,1026
05-09-2026 22:15,79928.50,80193.00,79919.40,80026.90,1089
05-09-2026 22:30,80026.90,80160.90,80002.70,80122.90,1014
05-09-2026 22:45,80122.90,80140.10,79958.60,80023.40,982
05-09-2026 23:00,80023.40,80127.50,79973.50,80040.90,1083
05-09-2026 23:15,80040.90,80097.70,80013.30,80048.60,1081
05-09-2026 23:30,80048.60,80070.60,79956.30,79981.90,942
05-09-2026 23:45,79981.90,80023.60,79947.70,79952.90,655
06-09-2026 00:00,79947.50,80039.50,79914.40,79957.30,618
06-09-2026 00:15,79957.30,79996.60,79915.00,79988.50,550
06-09-2026 00:30,79988.50,79988.50,79912.60,79924.90,509
06-09-2026 00:45,79924.90,79974.10,79883.90,79943.70,532
06-09-2026 01:00,79943.70,79967.00,79743.80,79850.00,668
06-09-2026 01:15,79850.00,79853.10,79698.70,79737.20,734
06-09-2026 01:30,79737.20,79828.20,79701.10,79722.40,687
06-09-2026 01:45,79722.30,79818.40,79675.10,79704.90,708
06-09-2026 02:00,79704.90,79769.00,79671.50,79767.80,683
06-09-2026 02:15,79767.80,79786.20,79712.70,79723.30,493
06-09-2026 02:30,79723.30,79787.00,79708.40,79776.20,332
06-09-2026 02:45,79776.20,79864.20,79751.50,79839.70,348
06-09-2026 03:00,79839.70,79917.80,79818.10,79898.10,459
06-09-2026 03:15,79898.10,79929.70,79846.60,79896.00,777
06-09-2026 03:30,79896.00,79926.90,79838.00,79905.00,658
06-09-2026 03:45,79905.00,79937.40,79751.50,79805.90,580
06-09-2026 04:00,79805.90,79852.30,79743.70,79762.60,570
06-09-2026 04:15,79762.40,79809.90,79743.20,79775.70,478
06-09-2026 04:30,79775.70,79775.70,79705.90,79748.80,308
06-09-2026 04:45,79748.70,79825.20,79732.90,79787.90,340
06-09-2026 05:00,79787.90,79835.20,79706.00,79803.00,482
06-09-2026 05:15,79803.00,79888.10,79766.80,79827.90,536
06-09-2026 05:30,79827.90,79908.80,79817.40,79896.40,444
06-09-2026 05:45,79896.40,79932.50,79854.90,79918.40,386
06-09-2026 06:00,79914.70,79935.10,79859.20,79866.90,439
06-09-2026 06:15,79866.90,79922.10,79851.10,79862.20,497
06-09-2026 06:30,79862.20,80002.70,79862.20,79953.40,476
06-09-2026 06:45,79953.40,79985.70,79888.50,79909.00,386
06-09-2026 07:00,79909.00,80047.90,79904.20,79969.00,577
06-09-2026 07:15,79969.00,80011.30,79917.70,79946.40,507
06-09-2026 07:30,79946.40,80009.40,79884.70,79992.00,619
06-09-2026 07:45,79992.00,79995.00,79896.00,79906.20,378
06-09-2026 08:00,79906.20,79944.30,79894.30,79915.60,226
06-09-2026 08:15,79877.50,79905.80,79865.40,79899.40,249
06-09-2026 08:30,79899.40,79926.20,79886.70,79926.20,271
06-09-2026 08:45,79926.20,79962.70,79883.60,79891.70,349
06-09-2026 09:00,79891.70,80103.50,79891.70,80095.90,445
06-09-2026 09:15,80095.90,80100.80,79992.50,80016.50,416
06-09-2026 09:30,80016.50,80023.20,79948.40,79962.60,320
06-09-2026 09:45,79962.60,79986.20,79871.70,79924.70,317
06-09-2026 10:00,79924.30,79933.20,79889.70,79909.20,286
06-09-2026 10:15,79909.20,79945.70,79852.00,79852.50,313
06-09-2026 10:30,79852.50,79898.90,79785.40,79804.20,430
06-09-2026 10:45,79804.20,79880.80,79782.10,79842.40,242
06-09-2026 11:00,79842.40,80100.30,79841.70,80013.80,704
06-09-2026 11:15,80014.20,80028.30,79935.90,79982.60,319
06-09-2026 11:30,79982.60,79989.10,79914.20,79917.40,405
06-09-2026 11:45,79917.40,79925.30,79817.70,79826.70,332
06-09-2026 12:00,79826.70,79844.40,79763.50,79810.80,320
06-09-2026 12:15,79812.50,79812.50,79683.80,79774.50,382
06-09-2026 12:30,79774.50,79795.50,79579.60,79665.00,530
06-09-2026 12:45,79665.00,79854.00,79665.00,79816.10,542
06-09-2026 13:00,79816.10,79857.10,79775.00,79838.40,563
06-09-2026 13:15,79838.40,79847.30,79793.20,79794.20,476
06-09-2026 13:30,79794.20,79890.90,79793.20,79864.00,469
06-09-2026 13:45,79864.00,79864.00,79785.60,79796.90,381
06-09-2026 14:00,79796.90,79807.90,79749.40,79778.10,357
06-09-2026 14:15,79778.10,79872.60,79752.10,79837.70,279
06-09-2026 14:30,79837.70,79924.10,79793.60,79924.00,354
06-09-2026 14:45,79924.00,79986.60,79906.50,79978.30,398
06-09-2026 15:00,79957.40,79990.60,79839.50,79851.90,462
06-09-2026 15:15,79851.90,79904.00,79839.50,79880.00,308
06-09-2026 15:30,79880.00,79944.00,79880.00,79916.60,297
06-09-2026 15:45,79916.60,79981.70,79916.60,79974.70,392
06-09-2026 16:00,79974.70,80009.50,79961.30,80009.50,207
06-09-2026 16:15,80009.50,80015.40,79965.80,79991.60,295
06-09-2026 16:30,79991.60,79994.90,79908.60,79972.40,738
06-09-2026 16:45,79972.40,79988.90,79891.20,79898.20,609
06-09-2026 17:00,79898.20,79963.80,79877.90,79942.40,626
06-09-2026 17:15,79942.40,79959.00,79894.40,79905.70,665
06-09-2026 17:30,79905.70,79933.70,79849.20,79921.10,459
06-09-2026 17:45,79921.10,79999.70,79921.10,79962.00,326
06-09-2026 18:00,79962.00,80006.90,79920.70,79926.40,359
06-09-2026 18:15,79926.40,79995.00,79902.00,79909.40,326
06-09-2026 18:30,79909.40,79962.70,79861.50,79879.50,540
06-09-2026 18:45,79879.50,79882.30,79776.30,79786.40,515
06-09-2026 19:00,79785.30,79847.80,79740.90,79783.30,555
06-09-2026 19:15,79783.30,79837.70,79761.00,79816.10,464
06-09-2026 19:30,79816.10,79830.70,79724.40,79738.10,498
06-09-2026 19:45,79738.10,79788.50,79581.40,79649.10,924
06-09-2026 20:00,79649.10,79740.40,79240.20,79703.40,1364
06-09-2026 20:15,79703.50,79703.50,79515.80,79531.10,815
06-09-2026 20:30,79531.10,79571.20,79379.10,79532.00,942
06-09-2026 20:45,79532.00,79654.50,79525.70,79625.90,586
06-09-2026 21:00,79625.90,79698.90,79575.60,79678.70,669
06-09-2026 21:15,79678.70,79711.90,79642.20,79699.30,528
06-09-2026 21:30,79699.30,79726.40,79587.00,79682.90,729
06-09-2026 21:45,79682.10,79716.80,79621.40,79701.90,529
06-09-2026 22:00,79702.40,79770.90,79669.20,79710.00,601
06-09-2026 22:15,79710.00,79719.10,79626.60,79671.30,496
06-09-2026 22:30,79671.30,79671.30,79566.30,79616.90,583
06-09-2026 22:45,79616.90,79761.20,79616.90,79677.90,613
06-09-2026 23:00,79677.90,79755.00,79656.00,79730.70,545
06-09-2026 23:15,79729.90,79755.80,79711.90,79730.20,405
06-09-2026 23:30,79731.40,79851.00,79731.00,79838.60,386
06-09-2026 23:45,79829.50,79907.00,79829.50,79905.20,319
07-09-2026 00:00,79905.20,79962.00,79905.00,79933.80,419
07-09-2026 00:15,79938.40,79948.10,79880.30,79934.20,457
07-09-2026 00:30,79934.20,79935.70,79845.00,79847.40,419
07-09-2026 00:45,79847.40,79855.60,79805.00,79836.50,505
07-09-2026 01:00,79836.50,79837.90,79784.10,79792.70,306
07-09-2026 01:15,79792.70,79825.40,79783.50,79821.50,377
07-09-2026 01:30,79821.50,79822.80,79762.90,79798.00,332
07-09-2026 01:45,79798.00,79939.20,79795.00,79919.00,310
07-09-2026 02:00,79919.00,79961.10,79890.30,79937.00,371
07-09-2026 02:15,79937.00,79963.80,79877.40,79900.70,495
07-09-2026 02:30,79900.90,79991.80,79900.90,79991.80,537
07-09-2026 02:45,79991.80,80020.60,79878.30,79886.80,613
07-09-2026 03:00,79886.80,79970.20,79856.60,79900.60,500
07-09-2026 03:15,79900.60,79990.30,79890.10,79932.30,529
07-09-2026 03:30,79932.30,79936.60,79660.30,79738.30,1448
07-09-2026 03:45,79738.30,79823.20,79625.20,79805.70,1156
07-09-2026 04:00,79805.70,80000.80,79797.10,79952.00,1287
07-09-2026 04:15,79952.00,80079.90,79924.80,80032.20,1055
07-09-2026 04:30,80032.20,80306.90,79992.10,80171.10,1582
07-09-2026 04:45,80170.40,80272.40,80081.60,80110.10,1435
07-09-2026 05:00,80110.10,80472.30,80110.10,80367.20,1702
07-09-2026 05:15,80367.20,80538.60,80286.00,80326.30,1567
07-09-2026 05:30,80331.80,80433.20,80223.60,80308.40,1586
07-09-2026 05:45,80308.30,80323.50,80040.70,80188.30,1527
07-09-2026 06:00,80188.30,80266.30,80084.70,80122.50,1369
07-09-2026 06:15,80122.50,80182.90,80053.30,80140.50,1187
07-09-2026 06:30,80140.50,80225.20,79927.90,79937.80,1481
07-09-2026 06:45,79938.30,80003.00,79834.90,79898.50,1465
07-09-2026 07:00,79898.50,79977.80,79808.60,79836.50,1283
07-09-2026 07:15,79835.90,79957.80,79808.70,79904.70,892
07-09-2026 07:30,79904.70,79922.50,79773.50,79815.50,1042
07-09-2026 07:45,79815.50,80024.00,79813.70,80002.70,911
07-09-2026 08:00,80005.80,80401.80,79975.10,80234.40,1732
07-09-2026 08:15,80234.40,80262.20,79802.90,79851.10,1382
07-09-2026 08:30,79851.10,79963.00,79747.00,79768.70,1392
07-09-2026 08:45,79768.70,79817.00,79701.10,79702.80,1093
07-09-2026 09:00,79702.80,79748.60,79567.10,79611.20,1177
07-09-2026 09:15,79611.20,79667.50,79542.50,79569.20,1337
07-09-2026 09:30,79569.20,79669.50,79529.20,79669.00,1240
07-09-2026 09:45,79669.00,79676.70,79580.30,79580.30,1073
07-09-2026 10:00,79580.30,79662.90,79518.20,79652.10,1130
07-09-2026 10:15,79652.10,79709.80,79620.30,79698.00,1022
07-09-2026 10:30,79698.00,79755.40,79638.20,79748.60,1033
07-09-2026 10:45,79748.80,79899.00,79738.20,79831.10,1247
07-09-2026 11:00,79831.10,79841.40,79784.00,79835.00,965
07-09-2026 11:15,79835.00,79839.70,79728.60,79728.60,874
07-09-2026 11:30,79728.60,79801.20,79717.60,79786.70,920
07-09-2026 11:45,79786.70,79790.40,79668.70,79690.50,955
07-09-2026 12:00,79690.50,79718.80,79629.50,79644.60,809
07-09-2026 12:15,79644.60,79661.90,79630.40,79633.50,757
07-09-2026 12:30,79633.50,79670.30,79563.10,79593.40,1062
07-09-2026 12:45,79593.40,79610.90,79386.60,79403.60,1213
07-09-2026 13:00,79403.60,79496.20,78985.60,79257.60,2373
07-09-2026 13:15,79258.80,79391.00,79258.80,79371.90,1484
07-09-2026 13:30,79372.80,79486.50,79369.20,79438.80,1150
07-09-2026 13:45,79438.80,79503.80,79426.30,79443.40,1030
07-09-2026 14:00,79441.50,79514.50,79405.60,79457.80,1214
07-09-2026 14:15,79457.80,79478.90,79393.20,79409.50,865
07-09-2026 14:30,79409.50,79528.20,79391.80,79512.10,970
07-09-2026 14:45,79502.10,79518.60,79399.40,79462.70,1028
07-09-2026 15:00,79462.70,79462.70,79300.20,79367.20,910
07-09-2026 15:15,79365.00,79439.50,79270.30,79290.60,925
07-09-2026 15:30,79290.70,79387.60,79290.70,79359.70,1221
07-09-2026 15:45,79359.70,79413.00,79344.30,79402.80,893
07-09-2026 16:00,79402.80,79433.00,79367.80,79432.60,628
07-09-2026 16:15,79432.60,79436.50,79327.40,79338.50,973
07-09-2026 16:30,79339.80,79394.70,79257.00,79394.00,938
07-09-2026 16:45,79394.00,79452.60,79377.90,79422.90,562
07-09-2026 17:00,79422.90,79465.60,79387.70,79393.00,740
07-09-2026 17:15,79393.00,79416.30,79351.40,79398.70,902
07-09-2026 17:30,79398.70,79481.60,79383.60,79403.70,820
07-09-2026 17:45,79403.70,79516.40,79391.60,79507.20,657
07-09-2026 18:00,79507.20,79511.70,79434.40,79454.80,590
07-09-2026 18:15,79454.80,79611.20,79451.50,79583.00,1069
07-09-2026 18:30,79583.00,79625.30,79503.10,79606.00,1079
07-09-2026 18:45,79606.00,79624.80,79549.60,79622.50,930
07-09-2026 19:00,79622.40,79622.60,79284.70,79353.50,1503
07-09-2026 19:15,79353.50,79403.30,79296.90,79331.00,1059
07-09-2026 19:30,79331.00,79379.60,79091.20,79154.80,1805
07-09-2026 19:45,79156.80,79204.90,79015.00,79030.70,1683
07-09-2026 20:00,79030.70,79079.90,78931.90,79009.70,1848
07-09-2026 20:15,79009.70,79256.70,78999.10,79164.30,1715
07-09-2026 20:30,79164.30,79167.10,79005.30,79014.20,1240
07-09-2026 20:45,79014.20,79120.90,78832.20,79003.60,1694
07-09-2026 21:00,79003.20,79012.40,78660.20,78745.20,2253
07-09-2026 21:15,78745.20,78837.10,78668.20,78793.20,1872
07-09-2026 21:30,78795.20,78894.80,78785.70,78874.80,1597
07-09-2026 21:45,78875.80,78876.90,78767.80,78796.90,1461
07-09-2026 22:00,78796.90,78919.80,78794.60,78910.60,546
