time,open,high,low,close,volume
04-08-2026 00:00,4037.75,4041.37,4036.45,4041.33,2280
04-08-2026 00:15,4041.17,4044.89,4040.37,4043.39,2488
04-08-2026 00:30,4043.40,4049.37,4043.40,4046.18,2678
04-08-2026 00:45,4046.19,4054.20,4046.11,4052.84,2617
04-08-2026 01:00,4052.98,4055.67,4051.93,4053.91,2356
04-08-2026 01:15,4053.92,4055.54,4051.55,4051.95,2424
04-08-2026 01:30,4051.88,4052.81,4050.02,4052.49,1452
04-08-2026 01:45,4052.48,4055.85,4051.39,4054.18,1129
04-08-2026 02:00,4054.33,4057.98,4053.76,4056.22,1362
04-08-2026 02:15,4056.34,4056.76,4053.88,4054.73,1056
04-08-2026 03:30,4053.58,4053.66,4048.58,4050.97,1360
04-08-2026 03:45,4050.94,4052.14,4050.39,4051.69,1343
04-08-2026 04:00,4051.64,4053.33,4051.33,4052.71,1278
04-08-2026 04:15,4052.71,4053.26,4051.08,4052.65,1462
04-08-2026 04:30,4052.60,4054.99,4050.11,4051.39,1709
04-08-2026 04:45,4051.40,4054.60,4050.52,4051.62,1802
04-08-2026 05:00,4051.62,4052.82,4050.95,4052.28,1485
04-08-2026 05:15,4052.30,4053.81,4051.19,4053.79,1979
04-08-2026 05:30,4053.79,4069.28,4053.21,4063.69,3148
04-08-2026 05:45,4063.58,4064.42,4058.20,4059.00,2561
04-08-2026 06:00,4059.00,4060.64,4055.62,4056.30,2351
04-08-2026 06:15,4056.31,4058.01,4048.58,4049.41,2839
04-08-2026 06:30,4049.24,4050.63,4042.48,4046.93,3424
04-08-2026 06:45,4046.95,4052.22,4046.84,4049.13,2922
04-08-2026 07:00,4049.17,4060.13,4048.25,4059.11,3322
04-08-2026 07:15,4059.07,4061.80,4056.62,4058.62,3077
04-08-2026 07:30,4058.73,4061.04,4055.51,4058.13,3031
04-08-2026 07:45,4058.13,4059.76,4055.63,4056.70,2499
04-08-2026 08:00,4056.70,4065.00,4055.60,4061.73,2966
04-08-2026 08:15,4061.71,4062.29,4058.05,4058.77,2621
04-08-2026 08:30,4058.68,4060.53,4056.47,4058.04,2471
04-08-2026 08:45,4058.06,4061.60,4057.74,4057.97,2507
04-08-2026 09:00,4057.95,4058.77,4052.62,4052.80,2323
04-08-2026 09:15,4052.81,4055.42,4052.03,4052.42,1737
04-08-2026 09:30,4052.42,4056.83,4051.07,4056.69,1793
04-08-2026 09:45,4056.68,4061.60,4055.71,4061.38,1984
04-08-2026 10:00,4061.40,4064.16,4060.50,4062.69,1690
04-08-2026 10:15,4062.68,4065.99,4062.27,4063.68,1910
04-08-2026 10:30,4063.96,4064.46,4057.25,4057.92,1936
04-08-2026 10:45,4057.92,4063.96,4057.34,4063.20,1808
04-08-2026 11:00,4063.20,4067.67,4059.17,4062.81,2727
04-08-2026 11:15,4062.98,4064.22,4058.60,4061.75,2662
04-08-2026 11:30,4061.65,4066.09,4061.65,4064.20,2751
04-08-2026 11:45,4063.87,4064.83,4059.45,4059.74,2527
04-08-2026 12:00,4059.76,4060.02,4055.60,4059.93,2463
04-08-2026 12:15,4059.98,4063.69,4058.86,4063.28,2497
04-08-2026 12:30,4063.28,4065.75,4060.76,4060.92,2629
04-08-2026 12:45,4060.91,4065.49,4060.84,4062.89,2493
04-08-2026 13:00,4062.93,4066.66,4061.39,4062.80,2583
04-08-2026 13:15,4062.79,4066.07,4062.18,4065.41,2064
04-08-2026 13:30,4065.41,4072.82,4064.41,4068.12,2926
04-08-2026 13:45,4068.12,4068.61,4060.27,4063.31,2475
04-08-2026 14:00,4063.31,4064.47,4058.43,4059.37,2722
04-08-2026 14:15,4059.40,4059.57,4054.60,4054.99,2646
04-08-2026 14:30,4055.00,4055.29,4048.53,4050.64,2738
04-08-2026 14:45,4050.45,4052.08,4048.53,4050.26,2708
04-08-2026 15:00,4050.27,4051.33,4046.20,4050.23,2425
04-08-2026 15:15,4050.23,4050.85,4047.46,4049.68,2168
04-08-2026 15:30,4049.69,4049.83,4046.86,4048.94,2164
04-08-2026 15:45,4048.90,4049.87,4045.52,4048.95,1907
04-08-2026 16:00,4048.98,4053.96,4046.47,4052.66,2378
04-08-2026 16:15,4052.59,4060.50,4052.44,4053.72,3526
04-08-2026 16:30,4053.74,4058.86,4052.31,4056.61,3016
04-08-2026 16:45,4056.65,4060.92,4055.39,4060.70,2677
04-08-2026 17:00,4060.80,4070.27,4059.81,4069.48,3206
04-08-2026 17:15,4069.39,4084.09,4066.74,4075.10,3934
04-08-2026 17:30,4075.03,4075.78,4061.01,4062.00,3552
04-08-2026 17:45,4062.11,4070.26,4060.98,4067.97,3036
04-08-2026 18:00,4067.97,4084.29,4067.97,4077.83,3401
04-08-2026 18:15,4077.96,4079.14,4069.37,4070.81,3290
04-08-2026 18:30,4070.81,4071.72,4061.09,4063.84,3505
04-08-2026 18:45,4063.80,4091.20,4062.31,4078.42,3644
04-08-2026 19:00,4078.41,4091.38,4075.91,4083.29,4042
04-08-2026 19:15,4083.17,4093.62,4081.72,4084.14,3757
04-08-2026 19:30,4084.02,4091.34,4083.03,4089.99,3676
04-08-2026 19:45,4090.06,4091.79,4080.60,4083.95,3683
04-08-2026 20:00,4083.83,4086.46,4074.30,4079.61,3817
04-08-2026 20:15,4079.74,4084.57,4077.80,4083.46,3404
04-08-2026 20:30,4083.44,4085.57,4079.55,4083.94,3172
04-08-2026 20:45,4083.97,4084.24,4074.73,4078.37,3359
04-08-2026 21:00,4078.27,4087.26,4076.50,4083.89,3295
04-08-2026 21:15,4083.98,4088.79,4082.71,4087.11,3065
04-08-2026 21:30,4087.11,4088.31,4084.29,4085.01,3021
04-08-2026 21:45,4085.01,4089.84,4083.03,4087.54,2671
04-08-2026 22:00,4087.53,4089.31,4084.95,4089.01,2559
04-08-2026 22:15,4089.01,4093.60,4088.59,4093.26,2616
04-08-2026 22:30,4093.09,4106.32,4092.39,4099.94,3295
04-08-2026 22:45,4100.04,4101.16,4094.25,4094.68,3007
04-08-2026 23:00,4094.56,4096.06,4091.62,4095.26,2412
04-08-2026 23:15,4095.30,4096.51,4086.02,4086.02,2745
04-08-2026 23:30,4086.02,4088.81,4084.87,4088.52,2951
04-08-2026 23:45,4088.40,4088.80,4084.43,4084.61,2600
05-08-2026 00:00,4084.63,4085.69,4076.23,4076.53,2839
05-08-2026 00:15,4076.53,4081.11,4075.11,4079.79,2445
05-08-2026 00:30,4079.72,4084.15,4078.66,4081.67,2363
05-08-2026 00:45,4081.69,4084.81,4079.34,4080.22,2305
05-08-2026 01:00,4080.09,4082.42,4078.87,4081.28,2385
05-08-2026 01:15,4081.28,4082.15,4076.25,4078.44,2628
05-08-2026 01:30,4078.39,4080.23,4078.21,4078.95,2001
05-08-2026 01:45,4078.38,4078.79,4074.58,4075.31,2082
05-08-2026 02:00,4075.20,4078.43,4075.16,4077.57,1801
05-08-2026 02:15,4077.49,4077.84,4075.68,4076.96,1463
05-08-2026 03:30,4077.76,4078.14,4075.98,4076.48,1219
05-08-2026 03:45,4076.43,4079.54,4075.33,4079.28,1839
05-08-2026 04:00,4079.28,4085.62,4078.94,4083.75,1804
05-08-2026 04:15,4083.78,4084.26,4075.49,4075.49,2043
05-08-2026 04:30,4075.66,4077.10,4068.36,4073.39,2527
05-08-2026 04:45,4073.39,4074.61,4065.27,4067.11,2078
05-08-2026 05:00,4067.11,4069.95,4065.90,4069.13,1692
05-08-2026 05:15,4069.13,4073.51,4069.00,4072.40,2298
05-08-2026 05:30,4072.55,4074.07,4070.34,4071.70,2710
05-08-2026 05:45,4071.72,4078.87,4071.28,4078.58,2644
05-08-2026 06:00,4078.62,4082.99,4077.96,4078.17,2385
05-08-2026 06:15,4078.19,4083.41,4077.68,4082.33,2709
05-08-2026 06:30,4082.33,4086.81,4077.51,4085.79,3541
05-08-2026 06:45,4085.83,4088.53,4082.59,4084.56,3251
05-08-2026 07:00,4084.46,4093.06,4080.12,4093.01,3166
05-08-2026 07:15,4092.93,4102.52,4092.53,4101.37,3050
05-08-2026 07:30,4101.34,4102.83,4096.40,4099.65,3023
05-08-2026 07:45,4099.65,4108.48,4095.51,4103.43,2878
05-08-2026 08:00,4103.48,4128.86,4101.36,4128.03,3848
05-08-2026 08:15,4127.96,4135.37,4124.74,4129.20,3745
05-08-2026 08:30,4129.11,4135.97,4126.87,4135.76,3310
05-08-2026 08:45,4135.87,4136.52,4129.80,4130.29,2930
05-08-2026 09:00,4130.48,4130.83,4127.35,4128.55,2556
05-08-2026 09:15,4128.52,4130.19,4127.46,4128.25,1947
05-08-2026 09:30,4128.16,4141.41,4128.16,4138.54,2896
05-08-2026 09:45,4138.54,4141.08,4137.75,4138.55,2186
05-08-2026 10:00,4138.55,4138.76,4133.38,4134.55,2025
05-08-2026 10:15,4134.42,4135.97,4132.25,4135.45,1944
05-08-2026 10:30,4135.45,4138.14,4134.66,4137.20,2171
05-08-2026 10:45,4137.19,4142.06,4135.57,4139.45,2244
05-08-2026 11:00,4139.46,4159.55,4139.46,4156.99,3745
05-08-2026 11:15,4157.52,4172.92,4157.09,4161.37,3788
05-08-2026 11:30,4161.64,4174.05,4160.17,4172.99,3588
05-08-2026 11:45,4173.03,4173.33,4160.96,4168.60,3160
05-08-2026 12:00,4168.72,4178.18,4167.05,4175.75,3295
05-08-2026 12:15,4175.60,4178.27,4172.09,4177.43,3135
05-08-2026 12:30,4177.47,4179.52,4166.13,4166.15,3314
05-08-2026 12:45,4166.19,4169.23,4163.10,4164.27,3201
05-08-2026 13:00,4164.32,4166.74,4162.25,4166.58,3032
05-08-2026 13:15,4166.57,4172.00,4164.19,4170.69,2765
05-08-2026 13:30,4170.70,4172.58,4164.81,4165.40,2875
05-08-2026 13:45,4165.38,4168.04,4162.13,4164.39,2930
05-08-2026 14:00,4164.37,4166.83,4161.47,4165.99,3129
05-08-2026 14:15,4166.01,4166.09,4158.84,4160.47,3228
05-08-2026 14:30,4160.66,4167.03,4160.46,4162.76,3203
05-08-2026 14:45,4162.76,4162.87,4155.15,4157.56,2970
05-08-2026 15:00,4157.56,4159.00,4154.24,4158.01,3057
05-08-2026 15:15,4158.01,4159.08,4153.03,4157.99,2415
05-08-2026 15:30,4157.95,4157.98,4150.19,4150.99,2706
05-08-2026 15:45,4151.01,4158.42,4150.03,4156.56,2605
05-08-2026 16:00,4156.57,4157.75,4153.82,4155.05,2200
05-08-2026 16:15,4155.38,4161.38,4153.90,4161.25,2577
05-08-2026 16:30,4161.25,4170.93,4160.74,4170.88,2949
05-08-2026 16:45,4170.77,4180.55,4169.25,4175.81,3083
05-08-2026 17:00,4175.96,4188.29,4174.04,4184.81,3581
05-08-2026 17:15,4184.79,4192.54,4182.77,4188.87,3287
05-08-2026 17:30,4188.97,4199.92,4188.93,4197.71,3394
05-08-2026 17:45,4197.88,4213.38,4197.88,4205.30,3641
05-08-2026 18:00,4205.38,4208.87,4192.67,4194.53,3440
05-08-2026 18:15,4194.57,4195.56,4183.14,4183.84,3392
05-08-2026 18:30,4183.79,4197.09,4183.79,4187.80,3705
05-08-2026 18:45,4187.84,4197.92,4185.61,4196.85,3484
05-08-2026 19:00,4197.01,4204.56,4192.48,4197.57,4100
05-08-2026 19:15,4197.54,4206.90,4189.55,4205.73,4027
05-08-2026 19:30,4205.82,4234.95,4203.63,4229.74,4130
05-08-2026 19:45,4229.73,4238.93,4226.60,4237.66,3403
05-08-2026 20:00,4237.57,4243.34,4228.73,4243.11,3496
05-08-2026 20:15,4243.11,4247.57,4233.24,4244.10,3989
05-08-2026 20:30,4244.09,4260.92,4242.61,4257.86,3891
05-08-2026 20:45,4257.86,4264.96,4250.13,4257.42,3731
05-08-2026 21:00,4257.36,4259.70,4252.39,4255.87,3581
05-08-2026 21:15,4255.78,4255.84,4232.29,4232.69,3793
05-08-2026 21:30,4232.81,4236.10,4224.66,4234.20,3758
05-08-2026 21:45,4234.20,4241.59,4232.62,4241.23,3452
05-08-2026 22:00,4241.28,4246.83,4238.94,4244.54,3194
05-08-2026 22:15,4244.54,4247.08,4238.15,4242.18,3312
05-08-2026 22:30,4242.19,4244.14,4239.20,4241.94,3156
05-08-2026 22:45,4241.89,4246.40,4236.79,4244.45,3263
05-08-2026 23:00,4244.59,4250.66,4240.74,4248.07,3196
05-08-2026 23:15,4248.00,4252.34,4247.42,4250.12,2825
05-08-2026 23:30,4249.68,4257.47,4249.10,4253.13,3129
05-08-2026 23:45,4253.13,4267.64,4252.91,4262.98,3142
06-08-2026 00:00,4263.00,4263.56,4254.45,4259.25,2980
06-08-2026 00:15,4259.24,4263.61,4257.91,4260.77,2882
06-08-2026 00:30,4260.85,4262.06,4256.08,4257.95,3006
06-08-2026 00:45,4258.07,4258.09,4250.49,4252.83,2893
06-08-2026 01:00,4252.85,4253.99,4248.38,4253.08,2982
06-08-2026 01:15,4253.03,4253.17,4246.32,4246.87,3055
06-08-2026 01:30,4246.84,4249.56,4246.53,4249.11,1991
06-08-2026 01:45,4249.20,4249.64,4245.39,4246.24,1499
06-08-2026 02:00,4246.25,4249.43,4244.94,4245.32,1320
06-08-2026 02:15,4245.32,4246.58,4242.59,4246.50,1455
06-08-2026 03:30,4249.05,4253.23,4245.01,4247.12,1519
06-08-2026 03:45,4246.97,4248.36,4246.49,4247.53,1184
06-08-2026 04:00,4247.53,4250.15,4247.35,4248.09,1493
06-08-2026 04:15,4248.12,4250.23,4247.64,4249.93,1397
06-08-2026 04:30,4249.91,4258.15,4249.10,4256.13,1797
06-08-2026 04:45,4256.07,4264.15,4255.90,4263.41,2059
06-08-2026 05:00,4263.42,4281.81,4260.80,4280.56,2689
06-08-2026 05:15,4280.56,4280.61,4272.06,4278.04,2755
06-08-2026 05:30,4278.08,4278.08,4264.44,4270.53,3411
06-08-2026 05:45,4270.68,4284.60,4270.67,4274.06,3345
06-08-2026 06:00,4273.91,4291.11,4273.91,4286.38,3191
06-08-2026 06:15,4286.35,4300.26,4286.04,4294.75,3351
06-08-2026 06:30,4294.72,4302.70,4280.14,4284.71,3908
06-08-2026 06:45,4284.71,4287.86,4272.99,4275.95,3722
06-08-2026 07:00,4276.05,4297.17,4275.76,4287.73,3678
06-08-2026 07:15,4287.66,4297.34,4282.96,4286.54,3477
06-08-2026 07:30,4286.43,4304.03,4283.56,4295.06,3483
06-08-2026 07:45,4295.07,4300.01,4291.69,4292.26,2639
06-08-2026 08:00,4292.20,4292.26,4280.81,4285.71,3379
06-08-2026 08:15,4285.72,4286.98,4274.93,4278.49,3177
06-08-2026 08:30,4278.50,4280.83,4273.81,4274.10,3177
06-08-2026 08:45,4273.96,4274.05,4260.91,4266.11,3430
06-08-2026 09:00,4266.16,4266.72,4261.43,4262.70,2723
06-08-2026 09:15,4262.72,4265.72,4260.39,4265.54,2615
06-08-2026 09:30,4265.64,4267.26,4262.14,4263.29,2506
06-08-2026 09:45,4263.29,4263.83,4252.89,4255.15,2614
06-08-2026 10:00,4255.39,4261.05,4255.28,4258.94,2467
06-08-2026 10:15,4258.95,4262.81,4258.26,4262.09,2237
06-08-2026 10:30,4262.10,4265.07,4256.43,4259.38,2843
06-08-2026 10:45,4259.43,4259.49,4253.13,4253.77,2798
06-08-2026 11:00,4253.82,4265.89,4247.20,4263.33,3503
06-08-2026 11:15,4263.33,4268.40,4261.98,4267.06,2935
06-08-2026 11:30,4267.06,4268.44,4256.58,4260.44,3116
06-08-2026 11:45,4260.29,4261.14,4254.50,4257.47,2978
06-08-2026 12:00,4257.49,4257.87,4249.39,4256.65,2858
06-08-2026 12:15,4256.35,4258.20,4251.06,4256.01,2869
06-08-2026 12:30,4256.01,4263.59,4253.18,4263.14,2994
06-08-2026 12:45,4263.16,4265.14,4258.24,4261.71,2736
06-08-2026 13:00,4261.73,4261.96,4254.74,4254.91,2597
06-08-2026 13:15,4254.91,4262.78,4252.39,4262.59,2906
06-08-2026 13:30,4262.60,4269.30,4260.06,4268.80,2950
06-08-2026 13:45,4268.82,4270.34,4263.53,4267.63,2832
06-08-2026 14:00,4267.66,4274.86,4266.37,4273.04,2859
06-08-2026 14:15,4273.05,4278.74,4270.33,4278.18,3126
06-08-2026 14:30,4278.32,4283.47,4275.89,4279.63,3214
06-08-2026 14:45,4279.67,4284.71,4278.47,4283.16,2923
06-08-2026 15:00,4283.20,4284.12,4271.77,4271.78,2869
06-08-2026 15:15,4271.78,4276.12,4271.26,4272.97,2435
06-08-2026 15:30,4272.97,4273.66,4268.49,4269.50,2792
06-08-2026 15:45,4269.47,4270.93,4267.22,4269.20,2599
06-08-2026 16:00,4269.20,4269.72,4264.56,4265.48,2572
06-08-2026 16:15,4265.34,4271.63,4264.73,4270.93,2537
06-08-2026 16:30,4270.94,4273.33,4266.46,4268.94,2959
06-08-2026 16:45,4268.90,4271.42,4260.58,4264.17,2852
06-08-2026 17:00,4264.29,4266.96,4259.71,4260.55,2726
06-08-2026 17:15,4260.59,4263.42,4254.06,4263.03,3142
06-08-2026 17:30,4263.14,4265.75,4255.44,4256.18,3096
06-08-2026 17:45,4256.18,4262.85,4253.18,4261.33,3107
06-08-2026 18:00,4261.36,4270.69,4258.00,4266.99,3181
06-08-2026 18:15,4266.90,4267.48,4249.01,4250.21,3437
06-08-2026 18:30,4250.11,4255.64,4230.57,4238.29,3887
06-08-2026 18:45,4238.34,4248.17,4235.89,4247.51,3475
06-08-2026 19:00,4247.54,4274.21,4245.85,4270.06,3983
06-08-2026 19:15,4270.13,4270.38,4262.25,4267.08,3847
06-08-2026 19:30,4267.10,4275.21,4264.07,4268.23,3871
06-08-2026 19:45,4268.23,4268.90,4260.08,4265.23,3817
06-08-2026 20:00,4265.31,4274.92,4265.31,4273.51,3794
06-08-2026 20:15,4273.54,4274.82,4262.80,4272.95,3743
06-08-2026 20:30,4272.95,4274.30,4261.99,4263.65,3638
06-08-2026 20:45,4263.79,4263.88,4250.59,4254.73,3776
06-08-2026 21:00,4254.75,4255.49,4246.42,4251.42,3560
06-08-2026 21:15,4251.43,4251.69,4229.53,4233.52,3915
06-08-2026 21:30,4233.93,4243.12,4230.90,4232.69,3790
06-08-2026 21:45,4232.68,4232.91,4223.17,4230.01,3747
06-08-2026 22:00,4229.97,4235.98,4229.97,4233.42,3330
06-08-2026 22:15,4233.43,4242.44,4231.65,4241.37,3036
06-08-2026 22:30,4241.62,4244.63,4239.33,4240.94,3141
06-08-2026 22:45,4240.96,4242.67,4238.29,4241.68,3043
06-08-2026 23:00,4241.66,4243.49,4238.41,4241.93,2891
06-08-2026 23:15,4241.98,4248.06,4240.39,4247.11,2815
06-08-2026 23:30,4247.37,4248.97,4244.05,4246.63,2817
06-08-2026 23:45,4246.68,4249.48,4246.07,4246.64,2776
07-08-2026 00:00,4246.64,4247.62,4240.64,4241.71,2438
07-08-2026 00:15,4241.71,4245.67,4240.65,4243.36,2428
07-08-2026 00:30,4243.45,4251.25,4242.90,4247.29,2693
07-08-2026 00:45,4247.35,4248.46,4235.24,4237.27,2828
07-08-2026 01:00,4237.25,4239.56,4232.99,4234.57,3091
07-08-2026 01:15,4234.62,4250.61,4234.62,4248.88,3255
07-08-2026 01:30,4248.88,4250.18,4242.69,4244.46,2001
07-08-2026 01:45,4244.79,4245.55,4239.79,4241.84,1694
07-08-2026 02:00,4241.88,4242.41,4235.07,4235.31,1745
07-08-2026 02:15,4235.33,4241.65,4234.29,4240.17,1619
07-08-2026 03:30,4238.32,4239.65,4235.38,4238.39,1115
07-08-2026 03:45,4238.37,4243.11,4238.34,4241.97,1528
07-08-2026 04:00,4241.97,4243.08,4238.74,4239.23,1446
07-08-2026 04:15,4239.21,4242.65,4238.67,4240.60,1321
07-08-2026 04:30,4240.25,4245.68,4240.19,4245.39,1569
07-08-2026 04:45,4245.28,4246.30,4243.06,4245.04,1244
07-08-2026 05:00,4245.04,4248.67,4244.90,4246.67,1613
07-08-2026 05:15,4246.69,4253.18,4245.80,4252.29,2637
07-08-2026 05:30,4251.81,4252.93,4243.35,4244.77,2966
07-08-2026 05:45,4244.77,4246.12,4239.06,4243.70,3047
07-08-2026 06:00,4243.71,4243.87,4230.16,4234.69,3223
07-08-2026 06:15,4234.69,4236.88,4229.61,4232.49,3299
07-08-2026 06:30,4232.51,4246.58,4231.61,4244.11,3742
07-08-2026 06:45,4244.24,4250.14,4240.08,4243.29,3515
07-08-2026 07:00,4243.30,4258.61,4239.05,4256.55,3620
07-08-2026 07:15,4256.59,4259.28,4252.03,4256.59,3435
07-08-2026 07:30,4256.71,4261.60,4256.06,4258.60,3167
07-08-2026 07:45,4258.60,4261.08,4257.42,4260.63,2153
07-08-2026 08:00,4260.73,4261.55,4249.57,4249.57,3312
07-08-2026 08:15,4249.62,4255.99,4247.06,4250.21,3145
07-08-2026 08:30,4250.26,4259.27,4249.55,4254.72,2970
07-08-2026 08:45,4254.65,4258.74,4252.04,4258.59,2854
07-08-2026 09:00,4258.41,4261.26,4257.63,4260.68,2124
07-08-2026 09:15,4260.67,4266.29,4259.17,4266.11,2185
07-08-2026 09:30,4266.08,4269.02,4262.07,4265.85,2839
07-08-2026 09:45,4265.84,4268.28,4261.86,4264.96,2823
07-08-2026 10:00,4264.96,4268.37,4260.69,4263.82,2687
07-08-2026 10:15,4263.80,4267.13,4262.14,4264.82,1884
07-08-2026 10:30,4264.82,4270.86,4261.75,4269.25,2803
07-08-2026 10:45,4269.25,4270.57,4264.62,4266.33,2449
07-08-2026 11:00,4266.37,4277.22,4265.93,4271.41,3331
07-08-2026 11:15,4271.41,4280.42,4271.37,4278.57,3246
07-08-2026 11:30,4278.96,4291.17,4278.14,4286.65,3299
07-08-2026 11:45,4286.59,4291.16,4283.06,4283.20,3450
07-08-2026 12:00,4283.23,4294.97,4280.03,4291.97,3320
07-08-2026 12:15,4291.81,4298.71,4288.70,4297.12,3351
07-08-2026 12:30,4297.12,4297.78,4290.20,4291.17,3091
07-08-2026 12:45,4291.18,4292.65,4284.55,4285.36,3071
07-08-2026 13:00,4285.36,4288.72,4283.87,4285.00,2809
07-08-2026 13:15,4284.99,4291.07,4282.80,4290.03,2783
07-08-2026 13:30,4290.01,4300.49,4289.03,4299.69,3148
07-08-2026 13:45,4299.72,4300.81,4293.29,4294.77,3114
07-08-2026 14:00,4294.91,4316.70,4294.10,4309.00,3452
07-08-2026 14:15,4309.00,4311.26,4303.28,4305.97,3085
07-08-2026 14:30,4306.07,4307.26,4304.44,4305.99,2809
07-08-2026 14:45,4305.93,4310.86,4304.72,4306.58,2839
07-08-2026 15:00,4306.65,4318.46,4302.31,4317.29,3100
07-08-2026 15:15,4317.28,4320.44,4314.37,4316.03,3094
07-08-2026 15:30,4316.03,4319.29,4307.99,4308.26,2817
07-08-2026 15:45,4308.26,4314.46,4308.21,4313.80,2823
07-08-2026 16:00,4313.81,4318.29,4313.13,4316.85,2522
07-08-2026 16:15,4316.87,4320.76,4316.28,4316.76,2785
07-08-2026 16:30,4317.05,4326.19,4316.70,4320.17,3164
07-08-2026 16:45,4320.19,4327.33,4317.10,4325.00,3205
07-08-2026 17:00,4325.11,4327.56,4320.81,4322.76,3039
07-08-2026 17:15,4322.71,4326.93,4320.82,4321.36,2888
07-08-2026 17:30,4321.07,4325.40,4314.91,4315.07,3240
07-08-2026 17:45,4315.06,4317.06,4301.52,4309.44,3472
07-08-2026 18:00,4309.44,4370.57,4309.44,4366.94,4277
07-08-2026 18:15,4366.89,4371.79,4355.71,4361.36,4159
07-08-2026 18:30,4361.33,4363.97,4345.91,4347.81,4059
07-08-2026 18:45,4347.68,4358.02,4339.05,4356.61,3939
07-08-2026 19:00,4356.28,4367.82,4350.62,4358.39,4159
07-08-2026 19:15,4358.41,4359.79,4342.26,4347.94,4124
07-08-2026 19:30,4348.16,4348.85,4327.45,4334.44,4230
07-08-2026 19:45,4334.49,4352.57,4330.63,4348.81,4060
07-08-2026 20:00,4348.84,4350.50,4342.36,4344.10,3997
07-08-2026 20:15,4344.11,4348.75,4340.18,4341.38,3917
07-08-2026 20:30,4341.26,4356.00,4340.14,4355.30,3950
07-08-2026 20:45,4355.30,4358.37,4351.08,4351.26,3725
07-08-2026 21:00,4351.38,4353.91,4346.99,4349.42,3573
07-08-2026 21:15,4349.39,4351.80,4339.75,4340.90,3518
07-08-2026 21:30,4340.93,4349.53,4338.27,4347.16,3521
07-08-2026 21:45,4347.31,4349.40,4334.26,4337.47,3755
07-08-2026 22:00,4337.53,4342.08,4332.82,4338.61,3569
07-08-2026 22:15,4338.64,4342.20,4329.17,4329.29,3540
07-08-2026 22:30,4329.23,4338.29,4327.82,4335.59,3372
07-08-2026 22:45,4335.41,4341.98,4333.83,4339.70,3250
07-08-2026 23:00,4339.65,4339.98,4329.65,4336.27,3313
07-08-2026 23:15,4336.21,4342.98,4334.90,4340.16,3031
07-08-2026 23:30,4340.25,4342.98,4334.76,4334.95,2982
07-08-2026 23:45,4334.94,4337.92,4332.10,4334.40,3077
08-08-2026 00:00,4334.40,4338.92,4333.41,4334.24,2716
08-08-2026 00:15,4334.24,4337.67,4333.17,4335.70,2493
08-08-2026 00:30,4335.58,4345.64,4335.51,4343.44,3358
08-08-2026 00:45,4343.44,4350.29,4342.93,4348.44,3358
08-08-2026 01:00,4348.34,4348.48,4343.97,4347.46,3236
08-08-2026 01:15,4347.46,4349.00,4339.67,4343.53,3251
08-08-2026 01:30,4343.52,4344.84,4337.63,4341.94,1988
08-08-2026 01:45,4341.93,4342.53,4336.77,4337.46,1654
08-08-2026 02:00,4337.46,4341.97,4335.54,4341.06,1663
08-08-2026 02:15,4341.04,4342.38,4338.43,4341.42,1857
10-08-2026 03:30,4340.23,4350.73,4333.73,4343.27,2835
10-08-2026 03:45,4343.27,4344.62,4338.08,4343.39,2405
10-08-2026 04:00,4343.38,4345.15,4340.12,4340.30,2107
10-08-2026 04:15,4340.19,4344.11,4339.97,4341.48,1801
10-08-2026 04:30,4341.47,4347.63,4341.28,4346.55,1966
10-08-2026 04:45,4346.59,4349.15,4344.12,4346.67,1662
10-08-2026 05:00,4346.64,4347.41,4340.00,4342.15,2099
10-08-2026 05:15,4342.13,4343.11,4332.04,4332.89,2571
10-08-2026 05:30,4332.73,4347.10,4332.47,4344.41,3367
10-08-2026 05:45,4344.44,4345.64,4337.17,4337.63,3078
10-08-2026 06:00,4337.60,4339.27,4333.42,4334.43,2940
10-08-2026 06:15,4334.43,4337.42,4330.73,4332.21,3041
10-08-2026 06:30,4332.08,4340.75,4322.05,4323.17,3922
10-08-2026 06:45,4323.17,4328.15,4316.43,4316.43,3378
10-08-2026 07:00,4316.49,4320.86,4313.08,4317.23,3516
10-08-2026 07:15,4317.23,4324.13,4315.96,4322.36,3342
10-08-2026 07:30,4322.36,4325.76,4318.61,4324.49,3159
10-08-2026 07:45,4324.49,4332.12,4323.41,4330.83,2748
10-08-2026 08:00,4330.83,4332.34,4322.98,4326.38,3278
10-08-2026 08:15,4326.43,4327.08,4318.67,4319.35,3015
10-08-2026 08:30,4319.38,4321.15,4317.63,4320.07,2919
10-08-2026 08:45,4319.96,4328.20,4319.60,4327.06,2992
10-08-2026 09:00,4327.06,4329.73,4324.61,4325.04,2422
10-08-2026 09:15,4325.00,4327.71,4324.15,4326.71,1749
10-08-2026 09:30,4326.72,4332.64,4322.90,4332.27,2576
10-08-2026 09:45,4332.13,4337.40,4330.74,4334.52,2431
10-08-2026 10:00,4334.52,4336.28,4329.68,4332.07,2325
10-08-2026 10:15,4332.07,4339.51,4331.82,4339.41,2479
10-08-2026 10:30,4339.41,4339.73,4333.43,4334.93,2240
10-08-2026 10:45,4335.01,4336.33,4332.62,4333.71,2031
10-08-2026 11:00,4333.71,4344.32,4331.71,4343.40,3581
10-08-2026 11:15,4343.37,4352.19,4340.59,4347.24,3349
10-08-2026 11:30,4347.31,4350.10,4341.76,4347.17,3135
10-08-2026 11:45,4347.17,4349.73,4342.50,4348.13,2921
10-08-2026 12:00,4348.07,4355.56,4345.91,4355.11,2841
10-08-2026 12:15,4355.18,4359.72,4354.95,4358.05,2902
10-08-2026 12:30,4357.99,4358.75,4349.80,4350.96,3056
10-08-2026 12:45,4350.96,4358.86,4350.36,4354.99,2953
10-08-2026 13:00,4354.97,4360.05,4352.53,4359.23,2793
10-08-2026 13:15,4359.18,4361.94,4354.85,4355.37,2887
10-08-2026 13:30,4355.40,4356.18,4351.46,4354.19,2709
10-08-2026 13:45,4354.41,4356.24,4352.25,4355.61,2514
10-08-2026 14:00,4355.56,4356.63,4345.71,4346.25,2625
10-08-2026 14:15,4346.19,4349.06,4343.76,4346.53,2845
10-08-2026 14:30,4346.63,4349.98,4345.49,4349.67,2726
10-08-2026 14:45,4349.69,4349.69,4344.84,4346.99,2578
10-08-2026 15:00,4346.92,4347.01,4340.76,4344.10,2724
10-08-2026 15:15,4344.10,4345.47,4340.69,4341.17,2359
10-08-2026 15:30,4341.14,4341.53,4339.16,4340.68,2514
10-08-2026 15:45,4340.68,4344.18,4339.36,4343.73,2449
10-08-2026 16:00,4343.70,4343.95,4337.73,4337.82,2575
10-08-2026 16:15,4337.88,4340.60,4335.44,4335.70,2536
10-08-2026 16:30,4335.75,4336.60,4329.88,4331.43,2808
10-08-2026 16:45,4331.17,4336.32,4328.91,4335.47,2693
10-08-2026 17:00,4334.72,4339.29,4334.42,4337.28,2584
10-08-2026 17:15,4337.25,4337.83,4332.03,4334.92,2559
10-08-2026 17:30,4334.75,4337.36,4331.10,4331.72,2838
10-08-2026 17:45,4331.72,4332.45,4324.12,4327.60,3086
10-08-2026 18:00,4327.60,4332.32,4326.17,4329.01,3064
10-08-2026 18:15,4329.02,4335.68,4328.67,4332.43,2880
10-08-2026 18:30,4332.38,4337.68,4325.92,4337.13,3533
10-08-2026 18:45,4337.23,4337.58,4329.13,4335.21,3247
10-08-2026 19:00,4335.16,4339.80,4329.87,4330.75,3973
10-08-2026 19:15,4330.77,4331.74,4316.60,4317.79,3946
10-08-2026 19:30,4317.92,4330.92,4317.92,4329.90,3593
10-08-2026 19:45,4330.05,4348.16,4328.29,4345.48,3831
10-08-2026 20:00,4345.36,4351.75,4344.79,4349.46,3636
10-08-2026 20:15,4349.47,4350.85,4342.69,4345.46,3533
10-08-2026 20:30,4345.70,4352.04,4343.26,4346.98,3612
10-08-2026 20:45,4346.92,4352.09,4346.01,4349.14,3302
10-08-2026 21:00,4349.14,4351.90,4347.76,4350.23,3211
10-08-2026 21:15,4350.23,4359.63,4348.57,4358.32,3374
10-08-2026 21:30,4358.41,4364.65,4356.61,4361.26,3495
10-08-2026 21:45,4361.26,4364.52,4360.84,4362.57,3064
10-08-2026 22:00,4362.73,4362.94,4349.80,4351.61,3415
10-08-2026 22:15,4351.62,4356.83,4351.58,4356.74,3051
10-08-2026 22:30,4356.68,4358.06,4351.65,4357.02,2817
10-08-2026 22:45,4356.98,4361.13,4356.33,4361.08,2947
10-08-2026 23:00,4361.06,4365.23,4359.44,4360.22,2910
10-08-2026 23:15,4360.24,4361.01,4357.57,4360.07,2776
10-08-2026 23:30,4360.08,4365.42,4359.78,4362.95,2827
10-08-2026 23:45,4362.94,4367.04,4361.46,4365.79,2895
11-08-2026 00:00,4365.75,4383.04,4365.10,4379.67,3441
11-08-2026 00:15,4379.66,4379.78,4373.35,4378.55,3034
11-08-2026 00:30,4378.81,4382.74,4378.61,4381.95,2928
11-08-2026 00:45,4381.96,4391.60,4381.23,4390.70,2999
11-08-2026 01:00,4390.70,4394.00,4384.41,4388.06,3187
11-08-2026 01:15,4388.10,4395.15,4387.33,4388.20,3296
11-08-2026 01:30,4388.26,4390.73,4385.72,4389.28,1836
11-08-2026 01:45,4389.29,4391.98,4386.63,4390.99,1436
11-08-2026 02:00,4391.02,4391.95,4389.71,4389.81,1138
11-08-2026 02:15,4389.74,4390.33,4388.26,4389.74,1282
11-08-2026 03:30,4389.63,4392.59,4388.44,4390.91,1299
11-08-2026 03:45,4390.87,4393.29,4390.71,4391.83,1261
11-08-2026 04:00,4391.84,4396.25,4391.84,4395.33,1564
11-08-2026 04:15,4395.27,4400.45,4395.26,4399.64,1934
11-08-2026 04:30,4399.12,4401.81,4395.71,4397.39,2048
11-08-2026 04:45,4397.32,4397.46,4394.49,4395.27,1698
11-08-2026 05:00,4395.29,4399.00,4395.21,4398.64,1712
11-08-2026 05:15,4398.62,4402.46,4396.43,4402.28,2641
11-08-2026 05:30,4402.27,4408.87,4396.35,4405.36,3183
11-08-2026 05:45,4405.38,4416.05,4404.33,4413.92,2847
11-08-2026 06:00,4413.92,4414.09,4407.45,4414.07,2769
11-08-2026 06:15,4414.02,4419.26,4408.33,4409.36,2716
11-08-2026 06:30,4409.30,4415.16,4393.65,4414.46,3857
11-08-2026 06:45,4414.46,4420.04,4412.58,4419.11,3506
11-08-2026 07:00,4419.11,4422.56,4414.99,4415.01,3420
11-08-2026 07:15,4415.07,4434.07,4414.53,4429.46,3364
11-08-2026 07:30,4429.28,4434.41,4421.93,4433.64,3255
11-08-2026 07:45,4433.73,4435.16,4425.91,4428.43,2700
11-08-2026 08:00,4428.41,4429.09,4413.88,4418.43,3402
11-08-2026 08:15,4418.39,4418.92,4407.83,4410.80,3260
11-08-2026 08:30,4410.73,4415.17,4409.75,4413.34,3009
11-08-2026 08:45,4413.30,4420.62,4412.79,4420.26,2834
11-08-2026 09:00,4420.23,4421.46,4415.47,4415.85,2156
11-08-2026 09:15,4416.24,4418.73,4414.04,4416.72,2128
11-08-2026 09:30,4416.70,4419.51,4412.05,4413.81,2354
11-08-2026 09:45,4413.82,4415.63,4409.91,4415.27,2193
11-08-2026 10:00,4415.21,4420.09,4408.22,4409.95,2984
11-08-2026 10:15,4409.95,4411.26,4403.08,4408.82,2690
11-08-2026 10:30,4408.81,4408.91,4399.23,4402.08,2398
11-08-2026 10:45,4402.08,4402.14,4390.76,4392.35,2733
11-08-2026 11:00,4392.34,4392.34,4372.47,4377.01,3882
11-08-2026 11:15,4377.01,4378.27,4367.56,4375.30,3589
11-08-2026 11:30,4375.22,4382.36,4371.52,4372.77,3453
11-08-2026 11:45,4372.69,4375.98,4362.02,4363.45,3432
11-08-2026 12:00,4363.53,4369.14,4359.87,4363.57,3476
11-08-2026 12:15,4363.57,4367.42,4359.59,4366.18,3215
11-08-2026 12:30,4366.17,4367.54,4361.21,4363.34,3155
11-08-2026 12:45,4363.31,4365.76,4357.52,4363.00,2952
11-08-2026 13:00,4363.01,4364.78,4356.76,4358.27,3100
11-08-2026 13:15,4358.55,4361.62,4356.68,4357.45,2707
11-08-2026 13:30,4357.66,4366.62,4356.95,4364.99,3050
11-08-2026 13:45,4365.01,4369.67,4359.09,4369.10,3003
11-08-2026 14:00,4369.06,4375.86,4368.61,4374.74,2798
11-08-2026 14:15,4374.77,4376.52,4368.94,4368.96,2874
11-08-2026 14:30,4368.94,4372.85,4367.35,4372.33,2724
11-08-2026 14:45,4372.42,4375.38,4370.55,4371.74,3044
11-08-2026 15:00,4371.61,4374.86,4369.92,4370.40,2768
11-08-2026 15:15,4370.40,4374.40,4370.21,4372.29,2351
11-08-2026 15:30,4372.28,4375.89,4371.13,4373.08,2527
11-08-2026 15:45,4373.07,4381.73,4372.28,4378.19,2764
11-08-2026 16:00,4378.09,4380.97,4376.90,4377.63,2549
11-08-2026 16:15,4377.63,4382.47,4377.43,4382.30,2527
11-08-2026 16:30,4382.27,4392.87,4380.31,4391.25,3706
11-08-2026 16:45,4391.18,4392.24,4385.16,4387.25,3021
11-08-2026 17:00,4387.57,4387.97,4382.92,4386.28,2860
11-08-2026 17:15,4385.94,4389.85,4384.94,4387.65,2838
11-08-2026 17:30,4387.65,4397.46,4383.65,4396.89,3271
11-08-2026 17:45,4396.95,4399.44,4387.43,4391.15,3424
11-08-2026 18:00,4391.24,4398.41,4388.61,4398.41,3177
11-08-2026 18:15,4398.47,4400.03,4391.95,4392.43,3133
11-08-2026 18:30,4392.56,4400.98,4391.82,4393.76,3499
11-08-2026 18:45,4393.77,4400.81,4389.45,4397.85,3458
11-08-2026 19:00,4397.83,4401.84,4388.92,4399.76,3902
11-08-2026 19:15,4399.73,4404.22,4384.43,4389.18,3947
11-08-2026 19:30,4389.16,4389.93,4381.25,4386.98,3798
11-08-2026 19:45,4386.97,4390.10,4381.60,4383.99,3694
11-08-2026 20:00,4383.97,4395.28,4383.97,4393.46,3526
11-08-2026 20:15,4393.48,4398.02,4391.80,4394.01,3367
11-08-2026 20:30,4394.02,4398.74,4389.15,4392.13,3388
11-08-2026 20:45,4392.09,4392.09,4381.89,4386.63,3574
11-08-2026 21:00,4386.61,4386.87,4369.18,4375.83,3745
11-08-2026 21:15,4375.77,4383.60,4374.99,4383.50,3283
11-08-2026 21:30,4383.55,4384.64,4378.48,4379.40,2978
11-08-2026 21:45,4379.41,4383.34,4378.40,4382.94,2852
11-08-2026 22:00,4382.95,4385.69,4379.20,4384.67,2581
11-08-2026 22:15,4384.71,4385.37,4381.01,4383.37,2669
11-08-2026 22:30,4383.36,4385.68,4380.99,4380.99,2693
11-08-2026 22:45,4381.01,4384.28,4378.81,4381.31,3002
11-08-2026 23:00,4381.34,4381.92,4374.23,4376.20,2884
11-08-2026 23:15,4376.16,4377.55,4368.91,4369.11,2626
11-08-2026 23:30,4369.07,4369.10,4360.25,4363.72,3403
11-08-2026 23:45,4363.71,4367.33,4360.44,4361.21,3225
12-08-2026 00:00,4361.28,4371.73,4361.03,4371.00,2761
12-08-2026 00:15,4371.03,4372.52,4369.95,4371.43,2324
12-08-2026 00:30,4371.41,4372.13,4363.29,4363.70,2660
12-08-2026 00:45,4363.68,4370.77,4361.08,4370.31,2639
12-08-2026 01:00,4370.45,4374.28,4366.32,4367.55,2710
12-08-2026 01:15,4367.59,4373.25,4366.16,4370.57,2773
12-08-2026 01:30,4370.54,4370.99,4368.37,4370.26,1546
12-08-2026 01:45,4370.31,4370.94,4367.60,4370.11,1049
12-08-2026 02:00,4370.11,4370.33,4367.23,4367.48,1028
12-08-2026 02:15,4367.44,4368.46,4366.64,4367.63,1171
12-08-2026 03:30,4371.17,4375.05,4369.82,4373.69,1337
12-08-2026 03:45,4373.67,4376.64,4372.85,4376.28,1661
12-08-2026 04:00,4376.31,4377.66,4374.72,4375.98,1634
12-08-2026 04:15,4375.99,4378.16,4367.06,4368.79,2424
12-08-2026 04:30,4368.86,4369.58,4362.39,4366.36,2644
12-08-2026 04:45,4366.37,4374.46,4365.27,4372.77,2256
12-08-2026 05:00,4372.78,4372.78,4366.69,4367.87,1692
12-08-2026 05:15,4367.87,4371.69,4367.86,4371.50,1919
12-08-2026 05:30,4371.44,4379.23,4366.44,4378.45,3077
12-08-2026 05:45,4377.93,4381.05,4374.04,4380.68,2969
12-08-2026 06:00,4380.67,4383.59,4379.21,4382.83,2612
12-08-2026 06:15,4382.80,4383.05,4377.61,4380.50,2632
12-08-2026 06:30,4380.84,4390.56,4378.28,4390.18,3412
12-08-2026 06:45,4390.21,4393.87,4386.74,4390.48,2874
12-08-2026 07:00,4390.44,4393.11,4384.96,4392.97,3086
12-08-2026 07:15,4392.99,4397.27,4391.01,4396.34,2918
12-08-2026 07:30,4396.34,4404.62,4394.14,4401.84,2796
12-08-2026 07:45,4401.69,4403.63,4399.29,4402.12,2599
12-08-2026 08:00,4402.12,4408.16,4397.87,4405.44,3056
12-08-2026 08:15,4405.44,4414.36,4405.26,4411.47,3090
12-08-2026 08:30,4411.46,4416.02,4408.59,4410.62,2999
12-08-2026 08:45,4410.62,4410.73,4404.51,4407.28,2739
12-08-2026 09:00,4407.27,4408.77,4401.33,4401.39,2254
12-08-2026 09:15,4401.41,4403.62,4400.74,4402.24,1963
12-08-2026 09:30,4402.24,4403.18,4396.57,4397.35,1879
12-08-2026 09:45,4397.35,4399.21,4395.40,4398.90,1862
12-08-2026 10:00,4398.91,4400.18,4395.24,4399.94,1790
12-08-2026 10:15,4399.92,4402.22,4399.13,4400.94,1776
12-08-2026 10:30,4400.92,4404.74,4400.14,4400.79,2114
12-08-2026 10:45,4400.71,4400.73,4392.35,4392.60,2413
12-08-2026 11:00,4392.49,4396.82,4387.97,4388.12,3147
12-08-2026 11:15,4388.01,4393.82,4384.00,4391.02,2960
12-08-2026 11:30,4390.82,4393.00,4385.07,4387.03,2873
12-08-2026 11:45,4386.97,4390.45,4385.56,4389.73,2592
12-08-2026 12:00,4389.62,4397.45,4388.28,4394.41,2793
12-08-2026 12:15,4394.42,4406.22,4394.42,4403.27,2904
12-08-2026 12:30,4403.27,4406.04,4400.91,4401.38,2655
12-08-2026 12:45,4401.38,4402.64,4398.09,4402.24,2323
12-08-2026 13:00,4402.24,4408.52,4401.31,4407.73,2475
12-08-2026 13:15,4407.73,4409.92,4404.75,4406.11,2531
12-08-2026 13:30,4405.96,4410.35,4405.83,4408.48,2524
12-08-2026 13:45,4408.32,4409.32,4405.53,4406.67,2410
12-08-2026 14:00,4406.62,4407.47,4404.37,4405.95,2462
12-08-2026 14:15,4405.94,4405.94,4401.44,4401.70,2372
12-08-2026 14:30,4401.72,4412.97,4401.72,4412.91,2629
12-08-2026 14:45,4412.81,4424.09,4412.28,4413.16,3420
12-08-2026 15:00,4413.12,4417.02,4412.06,4413.68,3005
12-08-2026 15:15,4413.72,4416.36,4410.75,4415.73,2944
12-08-2026 15:30,4416.17,4419.21,4414.49,4417.85,2686
12-08-2026 15:45,4417.85,4420.84,4417.25,4419.46,2605
12-08-2026 16:00,4419.48,4419.72,4412.81,4414.65,2457
12-08-2026 16:15,4414.63,4415.69,4407.35,4412.61,2925
12-08-2026 16:30,4412.67,4415.10,4407.77,4407.78,2514
12-08-2026 16:45,4407.79,4416.65,4407.79,4414.96,2436
12-08-2026 17:00,4414.96,4415.78,4410.19,4413.26,2343
12-08-2026 17:15,4413.26,4415.38,4412.45,4412.61,2317
12-08-2026 17:30,4412.69,4412.93,4406.19,4408.57,2978
12-08-2026 17:45,4408.57,4426.24,4404.63,4426.24,3405
12-08-2026 18:00,4427.13,4438.30,4382.28,4428.58,4235
12-08-2026 18:15,4428.45,4437.56,4417.01,4437.21,3947
12-08-2026 18:30,4437.01,4440.92,4420.79,4421.86,3989
12-08-2026 18:45,4421.79,4428.88,4414.55,4418.59,3819
12-08-2026 19:00,4418.41,4420.67,4408.42,4416.49,4161
12-08-2026 19:15,4416.59,4433.88,4415.39,4427.52,4029
12-08-2026 19:30,4427.52,4434.89,4420.94,4431.77,3832
12-08-2026 19:45,4431.85,4439.62,4429.90,4431.44,3697
12-08-2026 20:00,4431.45,4436.04,4416.12,4424.86,3885
12-08-2026 20:15,4424.93,4432.35,4416.39,4421.73,3908
12-08-2026 20:30,4421.84,4430.01,4414.83,4426.69,3815
12-08-2026 20:45,4426.49,4428.08,4419.82,4421.51,3455
12-08-2026 21:00,4421.35,4425.41,4416.62,4418.09,3331
12-08-2026 21:15,4418.26,4421.99,4410.97,4420.91,3264
12-08-2026 21:30,4420.96,4425.83,4416.76,4423.38,3249
12-08-2026 21:45,4423.50,4426.43,4422.32,4423.17,2954
12-08-2026 22:00,4423.05,4423.86,4409.17,4410.88,3337
12-08-2026 22:15,4410.88,4411.34,4396.58,4401.64,3528
12-08-2026 22:30,4401.58,4407.48,4399.93,4403.59,3169
12-08-2026 22:45,4403.56,4409.73,4401.88,4406.37,3253
12-08-2026 23:00,4406.57,4411.43,4401.27,4401.93,3029
12-08-2026 23:15,4401.94,4405.53,4398.93,4399.29,2836
12-08-2026 23:30,4399.29,4406.57,4396.36,4405.68,2885
12-08-2026 23:45,4405.86,4411.10,4404.47,4408.48,2815
13-08-2026 00:00,4408.68,4413.74,4407.98,4413.58,2596
13-08-2026 00:15,4413.54,4417.87,4412.67,4412.96,2789
13-08-2026 00:30,4412.97,4418.25,4412.77,4416.30,2640
13-08-2026 00:45,4416.30,4417.88,4415.60,4416.57,2585
13-08-2026 01:00,4416.55,4416.61,4411.25,4413.10,2813
13-08-2026 01:15,4413.08,4413.87,4408.14,4413.63,2938
13-08-2026 01:30,4413.68,4414.22,4408.63,4408.92,1686
13-08-2026 01:45,4408.91,4409.83,4406.52,4407.67,1307
13-08-2026 02:00,4407.67,4408.64,4406.62,4407.88,1192
13-08-2026 02:15,4407.87,4408.53,4406.24,4408.07,1291
13-08-2026 03:30,4408.66,4409.54,4402.06,4402.90,1415
13-08-2026 03:45,4402.90,4402.94,4397.69,4398.90,1618
13-08-2026 04:00,4398.91,4401.57,4398.44,4399.78,1622
13-08-2026 04:15,4399.75,4402.88,4399.61,4401.95,1331
13-08-2026 04:30,4401.58,4405.92,4401.58,4405.56,1420
13-08-2026 04:45,4405.56,4409.67,4405.54,4408.23,1328
13-08-2026 05:00,4408.24,4410.19,4407.26,4408.40,1411
13-08-2026 05:15,4408.43,4414.32,4407.85,4414.28,2059
13-08-2026 05:30,4414.40,4422.21,4412.95,4419.06,3076
13-08-2026 05:45,4419.04,4437.28,4419.03,4428.30,3283
13-08-2026 06:00,4428.28,4449.63,4424.55,4440.11,3388
13-08-2026 06:15,4440.12,4440.15,4424.85,4428.03,3140
13-08-2026 06:30,4427.62,4435.23,4422.88,4429.99,3723
13-08-2026 06:45,4430.00,4435.25,4419.04,4419.28,3442
13-08-2026 07:00,4419.22,4430.01,4417.84,4419.22,3536
13-08-2026 07:15,4419.22,4419.22,4406.28,4408.32,3614
13-08-2026 07:30,4408.34,4413.89,4405.35,4410.51,3439
13-08-2026 07:45,4410.56,4412.37,4405.99,4406.51,2468
13-08-2026 08:00,4406.43,4410.24,4398.87,4410.24,3522
13-08-2026 08:15,4410.28,4410.46,4405.44,4407.04,2863
13-08-2026 08:30,4407.04,4412.08,4403.90,4406.98,3107
13-08-2026 08:45,4406.99,4410.09,4405.48,4409.13,2859
13-08-2026 09:00,4409.22,4410.52,4405.38,4405.81,1921
13-08-2026 09:15,4405.85,4407.55,4398.57,4400.15,2285
13-08-2026 09:30,4400.15,4400.32,4391.61,4394.38,2836
13-08-2026 09:45,4394.39,4399.12,4392.33,4398.08,2441
13-08-2026 10:00,4398.08,4399.47,4394.98,4395.69,1997
13-08-2026 10:15,4395.86,4398.78,4395.24,4397.73,2467
13-08-2026 10:30,4397.72,4404.72,4393.04,4404.50,2876
13-08-2026 10:45,4404.45,4407.26,4400.62,4406.24,2596
13-08-2026 11:00,4406.19,4406.91,4386.43,4387.62,3574
13-08-2026 11:15,4387.67,4389.20,4380.43,4382.88,3559
13-08-2026 11:30,4382.84,4385.48,4375.11,4375.78,3492
13-08-2026 11:45,4375.67,4378.69,4373.96,4375.87,3050
13-08-2026 12:00,4375.90,4378.57,4368.86,4373.99,3349
13-08-2026 12:15,4373.96,4381.41,4373.94,4380.78,3172
13-08-2026 12:30,4380.53,4381.60,4374.98,4376.79,3038
13-08-2026 12:45,4376.81,4377.61,4373.67,4376.40,2777
13-08-2026 13:00,4376.32,4378.74,4371.99,4378.42,2948
13-08-2026 13:15,4378.55,4378.74,4369.16,4369.83,2988
13-08-2026 13:30,4369.67,4370.59,4364.02,4365.92,3241
13-08-2026 13:45,4365.90,4373.40,4364.81,4372.51,2958
13-08-2026 14:00,4372.65,4375.69,4371.88,4373.50,2580
13-08-2026 14:15,4373.52,4379.02,4373.36,4375.77,2387
13-08-2026 14:30,4375.77,4378.26,4372.41,4376.95,2620
13-08-2026 14:45,4376.73,4382.25,4376.19,4379.92,2998
13-08-2026 15:00,4379.89,4381.69,4378.95,4379.92,2478
13-08-2026 15:15,4379.91,4384.81,4378.32,4384.43,2398
13-08-2026 15:30,4384.43,4385.29,4381.40,4381.62,2376
13-08-2026 15:45,4381.62,4387.63,4381.62,4387.11,2423
13-08-2026 16:00,4387.11,4390.41,4384.50,4390.26,2273
13-08-2026 16:15,4390.34,4393.68,4388.14,4392.00,2345
13-08-2026 16:30,4392.01,4394.35,4388.37,4394.26,2567
13-08-2026 16:45,4394.24,4396.60,4387.87,4387.97,2684
13-08-2026 17:00,4387.97,4389.74,4383.61,4383.95,2590
13-08-2026 17:15,4383.94,4388.07,4382.80,4387.58,2417
13-08-2026 17:30,4387.60,4391.55,4385.62,4388.98,2949
13-08-2026 17:45,4388.89,4392.83,4384.00,4391.02,2987
13-08-2026 18:00,4390.91,4400.99,4380.85,4391.98,3752
13-08-2026 18:15,4391.96,4402.02,4391.57,4401.85,3476
13-08-2026 18:30,4402.22,4402.22,4390.96,4393.82,3737
13-08-2026 18:45,4393.78,4395.29,4384.24,4385.31,3596
13-08-2026 19:00,4385.14,4389.74,4375.21,4379.66,4012
13-08-2026 19:15,4379.43,4382.79,4370.63,4372.71,4022
13-08-2026 19:30,4372.76,4378.71,4366.61,4370.77,3992
13-08-2026 19:45,4370.68,4378.11,4367.55,4367.57,3967
13-08-2026 20:00,4367.65,4381.70,4357.56,4381.18,3819
13-08-2026 20:15,4381.20,4386.99,4380.97,4383.51,3619
13-08-2026 20:30,4383.86,4385.68,4368.16,4369.62,3671
13-08-2026 20:45,4369.44,4373.92,4363.54,4365.17,3730
13-08-2026 21:00,4365.14,4371.43,4357.40,4368.34,3708
13-08-2026 21:15,4368.32,4370.79,4363.10,4365.06,3274
13-08-2026 21:30,4365.13,4367.33,4353.94,4355.07,3334
13-08-2026 21:45,4355.26,4362.98,4351.21,4362.42,3612
13-08-2026 22:00,4362.42,4367.10,4362.42,4365.54,3071
13-08-2026 22:15,4365.67,4368.32,4363.82,4366.94,2752
13-08-2026 22:30,4367.09,4373.24,4365.06,4371.37,3050
13-08-2026 22:45,4371.47,4371.87,4362.48,4363.05,3227
13-08-2026 23:00,4363.07,4364.34,4355.57,4357.08,3136
13-08-2026 23:15,4357.09,4359.95,4355.70,4355.89,2874
13-08-2026 23:30,4355.91,4362.85,4355.89,4361.80,3123
13-08-2026 23:45,4361.80,4363.59,4354.63,4357.45,2974
14-08-2026 00:00,4357.45,4360.46,4356.29,4357.83,2823
14-08-2026 00:15,4357.82,4358.16,4354.61,4356.92,2531
14-08-2026 00:30,4357.04,4358.82,4346.20,4346.73,2708
14-08-2026 00:45,4346.74,4351.49,4343.73,4351.28,3302
14-08-2026 01:00,4351.29,4353.84,4349.55,4351.28,2749
14-08-2026 01:15,4351.26,4351.32,4347.59,4350.10,2931
14-08-2026 01:30,4350.06,4350.50,4346.79,4350.22,1682
14-08-2026 01:45,4350.22,4352.16,4349.19,4351.52,1224
14-08-2026 02:00,4351.52,4351.64,4347.85,4349.45,1256
14-08-2026 02:15,4349.45,4350.65,4348.21,4350.55,1315
14-08-2026 03:30,4352.90,4356.50,4351.60,4353.52,1295
14-08-2026 03:45,4353.54,4357.42,4352.40,4356.80,1688
14-08-2026 04:00,4356.79,4362.60,4355.55,4360.30,1907
14-08-2026 04:15,4360.30,4360.93,4352.39,4354.72,2241
14-08-2026 04:30,4354.70,4360.36,4349.11,4360.36,2301
14-08-2026 04:45,4360.42,4363.04,4356.95,4363.01,2284
14-08-2026 05:00,4363.01,4363.40,4358.63,4360.31,2172
14-08-2026 05:15,4360.35,4364.12,4356.53,4356.64,2401
14-08-2026 05:30,4356.38,4361.99,4350.49,4352.14,3053
14-08-2026 05:45,4352.09,4352.18,4339.35,4339.46,3054
14-08-2026 06:00,4339.55,4346.82,4334.49,4339.56,3226
14-08-2026 06:15,4339.46,4342.61,4329.36,4340.90,3298
14-08-2026 06:30,4340.87,4341.37,4322.16,4324.18,3773
14-08-2026 06:45,4324.21,4325.98,4315.11,4319.47,3582
14-08-2026 07:00,4319.47,4321.44,4313.17,4319.47,3315
14-08-2026 07:15,4319.49,4323.19,4312.04,4318.09,3496
14-08-2026 07:30,4318.42,4322.71,4310.98,4312.39,3258
14-08-2026 07:45,4312.38,4318.20,4312.38,4313.02,2729
14-08-2026 08:00,4312.91,4322.58,4311.62,4321.04,3335
14-08-2026 08:15,4320.96,4321.88,4312.71,4315.64,3012
14-08-2026 08:30,4315.71,4323.69,4313.70,4319.99,2905
14-08-2026 08:45,4320.04,4326.07,4319.93,4325.70,2509
14-08-2026 09:00,4325.68,4328.07,4324.99,4325.78,2049
14-08-2026 09:15,4325.86,4326.87,4323.46,4323.48,1696
14-08-2026 09:30,4323.64,4327.16,4322.71,4325.96,2001
14-08-2026 09:45,4325.91,4327.78,4324.87,4325.11,1819
14-08-2026 10:00,4325.10,4326.35,4323.17,4325.18,1966
14-08-2026 10:15,4325.14,4326.82,4323.75,4326.82,1585
14-08-2026 10:30,4327.01,4327.01,4319.30,4320.21,2250
14-08-2026 10:45,4320.21,4320.39,4316.96,4318.36,2089
14-08-2026 11:00,4318.30,4324.85,4310.92,4317.66,3247
14-08-2026 11:15,4317.69,4333.38,4317.37,4333.36,3136
14-08-2026 11:30,4333.36,4336.58,4329.67,4332.43,3214
14-08-2026 11:45,4332.42,4333.51,4328.38,4329.26,2748
14-08-2026 12:00,4329.09,4333.01,4327.85,4333.01,2523
14-08-2026 12:15,4333.01,4335.76,4332.58,4335.54,2583
14-08-2026 12:30,4335.46,4337.11,4331.00,4331.06,2593
14-08-2026 12:45,4331.04,4336.35,4329.64,4331.85,2586
14-08-2026 13:00,4331.86,4340.05,4331.38,4339.61,2535
14-08-2026 13:15,4339.60,4345.13,4339.36,4343.56,2639
14-08-2026 13:30,4343.42,4347.82,4341.82,4347.64,2866
14-08-2026 13:45,4347.65,4348.99,4343.41,4345.63,2601
14-08-2026 14:00,4345.73,4349.20,4343.51,4343.73,2502
14-08-2026 14:15,4343.61,4349.65,4342.66,4348.56,2138
14-08-2026 14:30,4348.50,4350.90,4345.96,4350.65,2188
14-08-2026 14:45,4350.66,4354.20,4348.63,4351.59,2401
14-08-2026 15:00,4351.57,4354.34,4350.09,4353.44,2558
14-08-2026 15:15,4353.45,4357.40,4352.44,4357.06,2221
14-08-2026 15:30,4357.14,4358.56,4353.72,4354.27,2523
14-08-2026 15:45,4354.29,4355.16,4349.75,4351.22,2282
14-08-2026 16:00,4351.21,4351.94,4348.19,4351.89,2032
14-08-2026 16:15,4351.88,4353.51,4348.40,4349.24,2174
14-08-2026 16:30,4349.57,4351.57,4348.46,4350.62,2190
14-08-2026 16:45,4350.60,4356.95,4350.60,4356.68,2499
14-08-2026 17:00,4356.63,4363.38,4356.39,4362.37,2719
14-08-2026 17:15,4362.38,4369.30,4360.69,4369.15,2756
14-08-2026 17:30,4369.08,4376.68,4365.85,4371.66,3223
14-08-2026 17:45,4371.73,4380.80,4369.46,4380.14,3219
14-08-2026 18:00,4380.09,4386.92,4372.02,4372.49,3450
14-08-2026 18:15,4372.58,4377.70,4370.86,4373.54,3153
14-08-2026 18:30,4373.63,4380.95,4369.92,4374.97,3485
14-08-2026 18:45,4374.97,4386.37,4374.97,4384.30,3333
14-08-2026 19:00,4384.62,4396.80,4383.66,4393.78,3864
14-08-2026 19:15,4393.78,4394.64,4382.69,4384.37,3663
14-08-2026 19:30,4384.45,4393.06,4384.38,4390.42,3553
14-08-2026 19:45,4390.42,4394.34,4385.13,4390.62,3552
14-08-2026 20:00,4390.60,4391.61,4381.40,4384.14,3382
14-08-2026 20:15,4384.15,4384.32,4378.85,4381.35,3348
14-08-2026 20:30,4381.34,4394.09,4381.06,4392.14,3537
14-08-2026 20:45,4392.15,4393.62,4378.96,4384.59,3540
14-08-2026 21:00,4384.67,4389.83,4383.98,4389.43,3335
14-08-2026 21:15,4389.42,4394.69,4389.26,4391.45,3174
14-08-2026 21:30,4391.46,4396.58,4388.65,4389.69,3013
14-08-2026 21:45,4389.65,4392.91,4386.84,4387.43,2645
14-08-2026 22:00,4387.42,4388.92,4380.22,4385.68,3023
14-08-2026 22:15,4385.66,4387.36,4384.73,4385.80,2622
14-08-2026 22:30,4386.09,4386.35,4380.30,4382.27,2757
14-08-2026 22:45,4382.26,4384.73,4379.23,4379.47,2814
14-08-2026 23:00,4379.47,4382.69,4376.97,4377.64,2832
14-08-2026 23:15,4377.60,4379.00,4376.25,4378.39,2404
14-08-2026 23:30,4378.44,4381.69,4376.39,4377.25,2700
14-08-2026 23:45,4377.27,4380.41,4376.95,4379.28,2392
15-08-2026 00:00,4379.27,4382.72,4376.13,4376.35,2448
15-08-2026 00:15,4376.35,4376.91,4370.79,4373.39,2441
15-08-2026 00:30,4373.41,4377.02,4372.05,4375.81,2311
15-08-2026 00:45,4375.60,4377.71,4374.21,4377.20,2287
15-08-2026 01:00,4377.21,4377.94,4375.49,4375.50,2292
15-08-2026 01:15,4375.51,4379.63,4373.21,4375.99,2782
15-08-2026 01:30,4375.95,4375.95,4370.80,4372.31,1615
15-08-2026 01:45,4372.32,4374.36,4372.23,4374.24,1084
15-08-2026 02:00,4374.10,4376.58,4373.28,4375.17,1262
15-08-2026 02:15,4375.20,4376.10,4374.53,4376.07,1283
17-08-2026 03:30,4381.95,4382.03,4371.33,4375.34,2070
17-08-2026 03:45,4375.34,4375.49,4372.51,4374.09,1692
17-08-2026 04:00,4374.06,4378.74,4374.06,4377.54,1699
17-08-2026 04:15,4377.49,4386.46,4377.32,4385.66,2148
17-08-2026 04:30,4385.62,4386.21,4379.55,4379.72,2089
17-08-2026 04:45,4379.81,4381.15,4372.60,4374.69,2103
17-08-2026 05:00,4374.69,4375.14,4367.20,4368.19,2503
17-08-2026 05:15,4368.19,4373.72,4368.10,4370.22,2456
17-08-2026 05:30,4370.22,4379.49,4368.11,4378.85,3069
17-08-2026 05:45,4378.77,4390.85,4378.37,4389.73,2914
17-08-2026 06:00,4389.69,4397.73,4387.42,4395.80,2672
17-08-2026 06:15,4395.80,4402.02,4394.23,4400.77,2717
17-08-2026 06:30,4400.80,4411.64,4399.27,4409.20,3695
17-08-2026 06:45,4409.23,4416.43,4406.15,4407.09,3596
17-08-2026 07:00,4407.10,4408.09,4397.55,4403.80,3350
17-08-2026 07:15,4403.71,4403.99,4391.52,4395.54,3135
17-08-2026 07:30,4395.53,4398.15,4392.61,4394.06,2918
17-08-2026 07:45,4394.13,4397.41,4389.84,4395.36,2415
17-08-2026 08:00,4395.42,4398.13,4389.82,4393.13,3120
17-08-2026 08:15,4392.88,4393.35,4388.27,4393.12,2709
17-08-2026 08:30,4393.16,4394.85,4388.61,4390.21,2611
17-08-2026 08:45,4390.22,4393.32,4388.10,4392.86,2484
17-08-2026 09:00,4392.86,4397.22,4391.04,4395.08,2233
17-08-2026 09:15,4395.07,4397.58,4392.78,4396.96,1947
17-08-2026 09:30,4396.98,4399.56,4396.35,4398.23,2078
17-08-2026 09:45,4398.25,4398.74,4390.24,4390.83,1898
17-08-2026 10:00,4390.87,4396.56,4388.95,4395.62,1972
17-08-2026 10:15,4395.63,4397.80,4389.77,4390.63,2002
17-08-2026 10:30,4390.59,4393.09,4386.92,4387.63,2185
17-08-2026 10:45,4387.68,4399.37,4386.90,4399.37,2326
17-08-2026 11:00,4399.39,4401.11,4391.58,4395.55,3186
17-08-2026 11:15,4395.55,4397.33,4392.20,4394.67,2890
17-08-2026 11:30,4394.93,4398.01,4392.64,4396.64,2968
17-08-2026 11:45,4396.59,4399.82,4392.65,4398.43,3060
17-08-2026 12:00,4398.23,4398.59,4393.46,4395.92,2692
17-08-2026 12:15,4395.93,4404.45,4395.93,4402.96,2907
17-08-2026 12:30,4402.97,4404.02,4395.96,4396.40,2858
17-08-2026 12:45,4396.37,4404.90,4395.84,4404.87,2647
17-08-2026 13:00,4404.87,4411.27,4404.57,4409.19,2987
17-08-2026 13:15,4409.24,4409.79,4403.43,4405.08,2388
17-08-2026 13:30,4405.09,4405.09,4397.48,4402.72,2755
17-08-2026 13:45,4402.75,4403.69,4400.34,4401.65,2300
17-08-2026 14:00,4401.68,4402.23,4395.93,4396.19,2412
17-08-2026 14:15,4396.22,4396.74,4392.44,4394.91,2531
17-08-2026 14:30,4394.84,4400.52,4393.22,4398.97,2494
17-08-2026 14:45,4399.08,4399.87,4395.54,4396.71,2412
17-08-2026 15:00,4396.79,4397.37,4393.63,4394.24,2462
17-08-2026 15:15,4394.19,4395.75,4392.54,4395.45,2443
17-08-2026 15:30,4395.63,4396.33,4393.13,4395.87,2150
17-08-2026 15:45,4395.86,4405.49,4391.78,4405.25,2370
17-08-2026 16:00,4405.02,4406.08,4395.15,4398.31,2956
17-08-2026 16:15,4398.12,4399.41,4396.25,4398.91,2214
17-08-2026 16:30,4399.15,4403.76,4397.72,4399.59,2667
17-08-2026 16:45,4399.77,4404.68,4396.93,4403.43,2526
17-08-2026 17:00,4403.51,4404.83,4399.28,4399.59,2479
17-08-2026 17:15,4399.60,4400.64,4395.35,4396.70,2361
17-08-2026 17:30,4396.67,4397.49,4391.56,4393.86,3016
17-08-2026 17:45,4393.83,4398.61,4382.45,4385.65,3131
17-08-2026 18:00,4385.54,4390.19,4378.30,4378.30,3328
17-08-2026 18:15,4378.27,4386.33,4377.24,4384.87,3188
17-08-2026 18:30,4385.17,4389.54,4381.67,4386.31,3512
17-08-2026 18:45,4386.32,4388.72,4382.32,4386.19,3187
17-08-2026 19:00,4386.48,4391.81,4384.81,4385.74,3791
17-08-2026 19:15,4385.65,4416.17,4384.67,4408.66,3867
17-08-2026 19:30,4408.76,4412.85,4403.75,4412.34,3703
17-08-2026 19:45,4412.33,4427.72,4411.63,4418.15,3867
17-08-2026 20:00,4418.29,4424.59,4416.40,4417.31,3540
17-08-2026 20:15,4417.33,4420.89,4413.87,4417.12,3511
17-08-2026 20:30,4417.13,4422.24,4414.95,4421.14,3366
17-08-2026 20:45,4421.10,4425.80,4419.33,4425.39,3405
17-08-2026 21:00,4425.40,4426.27,4418.78,4419.14,3233
17-08-2026 21:15,4419.14,4427.72,4417.59,4427.35,2978
17-08-2026 21:30,4427.79,4428.78,4423.72,4425.84,2938
17-08-2026 21:45,4425.86,4427.65,4422.85,4424.70,2863
17-08-2026 22:00,4424.88,4426.97,4422.59,4424.53,2572
17-08-2026 22:15,4424.50,4425.54,4422.51,4424.09,2453
17-08-2026 22:30,4424.08,4426.02,4421.11,4422.81,2883
17-08-2026 22:45,4422.90,4423.14,4413.31,4416.63,3184
17-08-2026 23:00,4416.45,4418.29,4411.19,4417.41,3116
17-08-2026 23:15,4417.38,4420.46,4413.18,4413.61,2717
17-08-2026 23:30,4413.61,4414.46,4410.15,4413.74,2934
17-08-2026 23:45,4413.73,4416.07,4404.78,4406.17,2914
18-08-2026 00:00,4406.13,4406.72,4397.96,4401.29,3103
18-08-2026 00:15,4401.27,4407.30,4400.09,4406.64,2661
18-08-2026 00:30,4406.52,4408.47,4400.10,4408.43,2632
18-08-2026 00:45,4408.45,4417.26,4408.45,4414.33,2882
18-08-2026 01:00,4414.35,4420.37,4414.02,4419.23,2601
18-08-2026 01:15,4419.21,4420.85,4416.45,4419.72,2823
18-08-2026 01:30,4419.72,4421.21,4416.57,4417.74,1144
18-08-2026 01:45,4417.73,4418.04,4415.02,4415.20,755
18-08-2026 02:00,4415.16,4415.95,4414.66,4415.47,976
18-08-2026 02:15,4415.42,4416.36,4414.64,4416.23,1042
18-08-2026 03:30,4417.56,4417.64,4414.41,4416.42,1331
18-08-2026 03:45,4416.39,4416.92,4411.65,4412.04,1460
18-08-2026 04:00,4412.06,4415.44,4411.48,4414.38,1563
18-08-2026 04:15,4414.39,4416.20,4410.31,4411.54,1441
18-08-2026 04:30,4411.70,4414.83,4409.73,4414.64,1562
18-08-2026 04:45,4414.63,4421.64,4414.63,4420.20,1819
18-08-2026 05:00,4419.97,4422.72,4419.91,4422.53,1955
18-08-2026 05:15,4422.58,4425.91,4421.54,4425.78,2257
18-08-2026 05:30,4425.80,4429.87,4418.97,4421.66,2979
18-08-2026 05:45,4421.66,4431.53,4420.80,4431.35,3144
18-08-2026 06:00,4431.59,4433.44,4428.35,4429.45,2629
18-08-2026 06:15,4429.44,4434.94,4428.47,4434.65,2404
18-08-2026 06:30,4434.67,4436.07,4428.49,4429.22,3594
18-08-2026 06:45,4429.22,4430.76,4420.31,4424.97,3307
18-08-2026 07:00,4425.00,4426.10,4411.85,4412.04,3176
18-08-2026 07:15,4411.88,4412.31,4404.13,4407.94,3592
18-08-2026 07:30,4407.96,4408.14,4398.33,4400.94,3403
18-08-2026 07:45,4400.95,4405.38,4400.35,4402.25,2743
18-08-2026 08:00,4402.25,4402.67,4394.12,4394.94,3316
18-08-2026 08:15,4394.93,4400.35,4394.22,4399.82,3016
18-08-2026 08:30,4399.80,4404.10,4398.69,4401.46,3024
18-08-2026 08:45,4401.46,4402.06,4393.69,4397.38,2938
18-08-2026 09:00,4397.29,4397.29,4394.38,4394.70,2618
18-08-2026 09:15,4394.68,4395.00,4390.63,4391.76,2371
18-08-2026 09:30,4391.77,4392.70,4389.86,4392.29,2326
18-08-2026 09:45,4392.24,4393.57,4390.61,4392.35,2140
18-08-2026 10:00,4392.35,4394.40,4388.79,4393.47,2292
18-08-2026 10:15,4393.47,4395.43,4392.13,4393.46,1996
18-08-2026 10:30,4393.45,4394.13,4390.81,4391.28,2187
18-08-2026 10:45,4391.27,4395.83,4391.11,4391.32,2162
18-08-2026 11:00,4391.31,4393.84,4385.65,4393.46,3327
18-08-2026 11:15,4393.46,4397.39,4392.88,4394.09,2813
18-08-2026 11:30,4393.89,4395.27,4387.47,4395.20,3142
18-08-2026 11:45,4395.18,4399.67,4393.55,4399.47,2860
18-08-2026 12:00,4399.39,4400.03,4395.09,4397.16,2410
18-08-2026 12:15,4397.22,4399.24,4397.10,4398.85,2421
18-08-2026 12:30,4398.87,4400.61,4396.81,4397.61,2833
18-08-2026 12:45,4397.57,4403.33,4397.38,4403.05,2602
18-08-2026 13:00,4403.08,4403.57,4396.31,4401.49,2736
18-08-2026 13:15,4401.48,4402.63,4395.43,4395.62,2568
18-08-2026 13:30,4395.77,4396.06,4387.93,4392.43,3056
18-08-2026 13:45,4392.38,4393.31,4386.82,4389.33,2795
18-08-2026 14:00,4389.11,4398.44,4389.00,4396.67,2814
18-08-2026 14:15,4396.50,4396.81,4390.98,4393.26,2521
18-08-2026 14:30,4393.23,4393.79,4391.03,4392.64,2720
18-08-2026 14:45,4392.65,4392.76,4388.56,4389.20,2662
18-08-2026 15:00,4389.04,4394.90,4387.00,4388.41,2922
18-08-2026 15:15,4388.39,4394.75,4386.88,4393.21,2751
18-08-2026 15:30,4393.20,4395.59,4392.18,4394.49,2454
18-08-2026 15:45,4394.63,4396.20,4389.66,4391.99,2369
18-08-2026 16:00,4391.99,4398.58,4391.59,4398.57,2224
18-08-2026 16:15,4398.56,4399.50,4396.30,4397.55,2184
18-08-2026 16:30,4397.65,4398.95,4391.90,4393.46,2476
18-08-2026 16:45,4393.46,4394.59,4389.56,4389.91,2438
18-08-2026 17:00,4389.93,4392.33,4388.64,4390.88,2504
18-08-2026 17:15,4390.89,4396.77,4389.80,4395.92,2422
18-08-2026 17:30,4396.08,4396.99,4389.71,4393.05,3016
18-08-2026 17:45,4393.02,4400.80,4391.37,4395.15,2947
18-08-2026 18:00,4395.19,4397.92,4391.03,4392.00,3088
18-08-2026 18:15,4392.05,4396.92,4390.79,4394.33,2837
18-08-2026 18:30,4393.96,4397.23,4388.07,4395.69,3396
18-08-2026 18:45,4395.67,4395.98,4388.07,4388.73,3439
18-08-2026 19:00,4389.00,4406.75,4376.53,4401.05,4097
18-08-2026 19:15,4401.26,4402.09,4389.40,4394.61,4038
18-08-2026 19:30,4394.83,4406.43,4390.99,4393.10,3927
18-08-2026 19:45,4393.24,4404.98,4392.19,4394.08,3831
18-08-2026 20:00,4394.15,4396.15,4377.74,4379.54,3896
18-08-2026 20:15,4379.66,4388.84,4363.69,4366.30,3957
18-08-2026 20:30,4366.36,4377.46,4358.92,4359.96,4057
18-08-2026 20:45,4359.85,4365.13,4351.51,4354.96,3967
18-08-2026 21:00,4354.63,4362.10,4354.53,4358.62,3781
18-08-2026 21:15,4359.00,4366.58,4358.80,4364.77,3382
18-08-2026 21:30,4364.97,4371.62,4364.95,4367.69,3196
18-08-2026 21:45,4368.00,4369.55,4362.90,4364.21,3224
18-08-2026 22:00,4364.13,4368.55,4363.09,4367.25,3091
18-08-2026 22:15,4367.38,4368.75,4363.00,4363.85,3001
18-08-2026 22:30,4363.75,4367.08,4363.55,4366.89,2997
18-08-2026 22:45,4366.97,4368.21,4363.11,4365.41,2959
18-08-2026 23:00,4365.39,4366.12,4358.69,4358.85,2993
18-08-2026 23:15,4358.81,4360.35,4356.67,4357.54,2818
18-08-2026 23:30,4357.61,4358.02,4352.67,4357.76,3058
18-08-2026 23:45,4357.75,4361.12,4355.64,4360.18,2878
19-08-2026 00:00,4360.29,4360.53,4353.43,4354.14,2524
19-08-2026 00:15,4354.15,4356.26,4352.74,4354.19,2372
19-08-2026 00:30,4354.52,4358.40,4354.06,4356.95,2270
19-08-2026 00:45,4356.95,4358.64,4352.27,4354.77,2346
19-08-2026 01:00,4354.82,4357.59,4349.66,4349.88,2602
19-08-2026 01:15,4349.85,4353.23,4338.33,4345.55,3545
19-08-2026 01:30,4345.54,4346.41,4340.72,4341.94,2053
19-08-2026 01:45,4341.94,4342.31,4333.57,4337.84,1771
19-08-2026 02:00,4337.94,4339.58,4331.62,4332.16,1650
19-08-2026 02:15,4332.14,4335.41,4328.72,4334.05,2147
19-08-2026 03:30,4335.79,4342.70,4334.82,4339.88,1770
19-08-2026 03:45,4339.88,4341.27,4333.29,4335.86,2430
19-08-2026 04:00,4335.89,4336.26,4332.61,4333.46,1810
19-08-2026 04:15,4333.56,4335.31,4332.92,4333.57,1561
19-08-2026 04:30,4333.88,4338.25,4332.60,4334.05,2143
19-08-2026 04:45,4334.02,4337.16,4329.92,4330.46,2164
19-08-2026 05:00,4330.46,4332.56,4327.08,4329.72,2521
19-08-2026 05:15,4329.88,4334.14,4329.48,4332.92,2472
19-08-2026 05:30,4332.98,4344.95,4331.43,4342.89,3503
19-08-2026 05:45,4342.87,4346.30,4339.91,4342.88,3271
19-08-2026 06:00,4342.87,4347.13,4339.69,4343.58,3263
19-08-2026 06:15,4343.61,4344.77,4337.06,4338.09,3550
19-08-2026 06:30,4337.75,4343.94,4323.89,4343.79,3789
19-08-2026 06:45,4343.79,4346.16,4332.88,4342.24,3695
19-08-2026 07:00,4342.22,4357.27,4342.22,4355.41,3428
19-08-2026 07:15,4355.37,4356.57,4350.65,4356.40,3226
19-08-2026 07:30,4356.52,4357.14,4351.57,4353.45,2850
19-08-2026 07:45,4353.47,4362.00,4352.40,4359.63,3120
19-08-2026 08:00,4359.63,4360.14,4354.13,4355.31,3184
19-08-2026 08:15,4355.24,4357.14,4351.53,4354.88,3082
19-08-2026 08:30,4354.89,4355.99,4351.87,4354.44,3004
19-08-2026 08:45,4354.46,4357.84,4351.79,4356.99,2738
19-08-2026 09:00,4356.97,4360.44,4355.88,4358.40,2120
19-08-2026 09:15,4358.49,4358.93,4354.64,4354.88,2066
19-08-2026 09:30,4355.08,4356.16,4353.02,4354.57,2026
19-08-2026 09:45,4354.56,4355.05,4350.02,4351.08,2502
19-08-2026 10:00,4351.08,4351.97,4345.03,4346.44,2654
19-08-2026 10:15,4346.46,4348.47,4343.82,4348.44,2428
19-08-2026 10:30,4348.46,4350.62,4338.94,4339.00,2928
19-08-2026 10:45,4339.00,4345.21,4336.62,4345.19,2739
19-08-2026 11:00,4345.19,4345.33,4336.73,4342.11,3393
19-08-2026 11:15,4342.10,4342.10,4334.58,4335.65,3103
19-08-2026 11:30,4335.65,4341.67,4335.24,4337.52,3372
19-08-2026 11:45,4337.52,4348.54,4336.91,4343.16,3224
19-08-2026 12:00,4343.20,4345.65,4337.15,4341.77,3232
19-08-2026 12:15,4341.77,4349.38,4340.67,4349.09,3267
19-08-2026 12:30,4348.96,4353.43,4347.48,4350.39,3039
19-08-2026 12:45,4350.41,4356.92,4347.40,4356.50,3047
19-08-2026 13:00,4356.60,4363.03,4352.70,4354.40,2976
19-08-2026 13:15,4354.39,4357.58,4354.19,4354.78,2852
19-08-2026 13:30,4355.04,4362.74,4351.05,4361.54,3254
19-08-2026 13:45,4361.56,4362.39,4357.36,4360.96,3021
19-08-2026 14:00,4360.87,4362.87,4356.35,4362.50,2999
19-08-2026 14:15,4362.50,4363.06,4354.72,4355.57,2848
19-08-2026 14:30,4355.58,4359.73,4354.86,4356.20,2824
19-08-2026 14:45,4356.11,4357.39,4353.32,4356.53,2839
19-08-2026 15:00,4356.45,4360.94,4355.31,4358.72,2646
19-08-2026 15:15,4358.70,4361.89,4358.04,4361.81,2724
19-08-2026 15:30,4361.84,4364.17,4359.36,4363.73,2888
19-08-2026 15:45,4363.70,4369.01,4363.05,4368.68,2813
19-08-2026 16:00,4368.67,4369.37,4365.32,4367.96,2495
19-08-2026 16:15,4367.97,4369.43,4366.17,4367.18,2396
19-08-2026 16:30,4367.38,4374.10,4367.35,4373.25,3012
19-08-2026 16:45,4373.23,4374.09,4368.77,4370.75,2911
19-08-2026 17:00,4370.87,4371.65,4363.07,4363.45,2947
19-08-2026 17:15,4363.44,4367.41,4363.31,4364.60,2766
19-08-2026 17:30,4364.79,4370.54,4361.96,4368.19,3279
19-08-2026 17:45,4368.40,4373.30,4365.88,4369.27,3294
19-08-2026 18:00,4369.23,4420.55,4368.47,4417.35,4112
19-08-2026 18:15,4417.33,4442.16,4411.20,4438.75,4145
19-08-2026 18:30,4438.67,4460.61,4424.43,4455.99,4211
19-08-2026 18:45,4456.05,4464.20,4454.91,4457.99,4042
19-08-2026 19:00,4458.12,4466.05,4442.11,4460.82,4263
19-08-2026 19:15,4460.75,4463.17,4445.06,4459.64,4191
19-08-2026 19:30,4459.26,4475.31,4455.06,4473.76,4157
19-08-2026 19:45,4473.76,4487.86,4470.20,4485.91,4114
19-08-2026 20:00,4486.05,4498.60,4483.88,4489.35,4037
19-08-2026 20:15,4489.42,4489.56,4478.06,4488.14,3931
19-08-2026 20:30,4488.12,4488.26,4479.77,4485.01,3866
19-08-2026 20:45,4485.42,4487.84,4477.31,4483.44,3935
19-08-2026 21:00,4483.60,4492.46,4480.16,4490.16,3910
19-08-2026 21:15,4490.07,4494.02,4488.51,4493.78,3671
19-08-2026 21:30,4493.99,4499.22,4490.96,4497.60,3583
19-08-2026 21:45,4497.60,4499.26,4490.49,4491.03,3496
19-08-2026 22:00,4491.09,4496.22,4490.37,4494.99,3337
19-08-2026 22:15,4495.01,4497.74,4493.17,4493.17,3295
19-08-2026 22:30,4493.50,4499.14,4488.90,4492.42,3596
19-08-2026 22:45,4492.54,4492.63,4486.17,4487.91,3434
19-08-2026 23:00,4488.18,4491.49,4484.29,4488.61,3467
19-08-2026 23:15,4488.54,4489.49,4484.34,4486.66,3099
19-08-2026 23:30,4486.83,4496.47,4485.44,4487.84,3618
19-08-2026 23:45,4487.84,4487.84,4472.80,4475.24,3563
20-08-2026 00:00,4475.29,4491.58,4472.10,4490.27,3622
20-08-2026 00:15,4490.30,4496.74,4489.37,4494.96,3211
20-08-2026 00:30,4494.94,4505.51,4494.31,4503.20,3439
20-08-2026 00:45,4503.18,4507.87,4502.54,4507.53,3274
20-08-2026 01:00,4507.14,4510.48,4502.42,4506.91,3345
20-08-2026 01:15,4506.91,4512.11,4505.16,4511.10,3404
20-08-2026 01:30,4511.01,4511.97,4505.11,4506.75,2001
20-08-2026 01:45,4506.80,4521.97,4506.38,4518.40,2164
20-08-2026 02:00,4518.29,4523.52,4517.93,4519.36,2089
20-08-2026 02:15,4519.39,4523.87,4519.00,4522.51,2211
20-08-2026 03:30,4524.39,4527.08,4518.53,4519.79,2044
20-08-2026 03:45,4519.79,4521.05,4518.74,4520.50,2038
20-08-2026 04:00,4520.51,4521.86,4517.52,4518.33,2152
20-08-2026 04:15,4518.27,4521.57,4516.72,4518.66,1991
20-08-2026 04:30,4518.70,4523.60,4517.28,4519.35,2448
20-08-2026 04:45,4519.35,4520.14,4515.19,4517.56,1990
20-08-2026 05:00,4517.56,4518.15,4513.43,4514.22,2000
20-08-2026 05:15,4514.47,4517.22,4511.30,4511.67,2446
20-08-2026 05:30,4511.67,4518.60,4510.27,4516.26,3623
20-08-2026 05:45,4516.22,4521.09,4508.56,4510.24,3464
20-08-2026 06:00,4510.07,4513.14,4503.90,4506.24,2869
20-08-2026 06:15,4505.93,4510.42,4503.92,4504.63,3187
20-08-2026 06:30,4504.63,4510.01,4491.76,4493.22,3896
20-08-2026 06:45,4493.45,4503.23,4493.21,4500.49,3675
20-08-2026 07:00,4500.39,4501.14,4493.28,4493.80,3765
20-08-2026 07:15,4493.80,4495.57,4484.42,4489.59,3422
20-08-2026 07:30,4489.59,4499.62,4488.41,4497.60,3594
20-08-2026 07:45,4497.58,4497.63,4489.42,4492.68,2934
20-08-2026 08:00,4492.34,4494.36,4490.14,4490.40,3385
20-08-2026 08:15,4490.38,4494.51,4488.76,4490.61,3021
20-08-2026 08:30,4490.67,4496.90,4487.95,4492.58,3123
20-08-2026 08:45,4492.58,4496.46,4490.39,4493.37,2831
20-08-2026 09:00,4493.37,4498.53,4492.28,4497.80,2462
20-08-2026 09:15,4497.59,4500.88,4496.86,4498.79,2463
20-08-2026 09:30,4498.77,4499.18,4494.87,4496.40,2450
20-08-2026 09:45,4496.41,4497.13,4489.72,4489.86,2373
20-08-2026 10:00,4489.81,4490.77,4486.32,4487.04,2516
20-08-2026 10:15,4487.10,4491.41,4486.83,4488.44,2308
20-08-2026 10:30,4488.44,4494.05,4484.01,4485.55,2516
20-08-2026 10:45,4485.61,4486.96,4483.07,4483.12,2622
20-08-2026 11:00,4482.84,4485.91,4478.02,4480.58,3415
20-08-2026 11:15,4480.62,4483.05,4477.79,4481.17,3017
20-08-2026 11:30,4481.21,4493.32,4479.91,4492.63,3073
20-08-2026 11:45,4492.71,4495.83,4491.75,4494.00,2844
20-08-2026 12:00,4493.99,4495.45,4491.67,4492.30,2713
20-08-2026 12:15,4492.36,4495.24,4491.10,4493.68,2745
20-08-2026 12:30,4493.52,4493.57,4486.99,4487.69,3141
20-08-2026 12:45,4487.69,4490.25,4483.51,4483.91,2848
20-08-2026 13:00,4483.91,4493.19,4483.32,4491.01,3178
20-08-2026 13:15,4490.96,4494.19,4488.27,4490.79,2790
20-08-2026 13:30,4490.79,4495.37,4490.50,4494.15,3275
20-08-2026 13:45,4494.19,4498.61,4489.87,4491.37,3090
20-08-2026 14:00,4491.30,4495.24,4487.07,4490.63,3266
20-08-2026 14:15,4490.61,4491.95,4487.54,4489.20,2925
20-08-2026 14:30,4489.22,4493.95,4488.30,4492.14,2956
20-08-2026 14:45,4492.15,4493.71,4488.22,4489.87,2880
20-08-2026 15:00,4489.83,4490.49,4484.35,4489.19,2891
20-08-2026 15:15,4488.92,4489.08,4481.73,4482.58,2884
20-08-2026 15:30,4482.46,4491.23,4480.65,4490.41,2899
20-08-2026 15:45,4490.41,4494.09,4486.28,4493.74,2785
20-08-2026 16:00,4493.81,4494.71,4489.94,4491.03,2623
20-08-2026 16:15,4491.13,4491.18,4487.43,4490.05,2621
20-08-2026 16:30,4490.14,4491.24,4482.65,4485.19,3094
20-08-2026 16:45,4485.20,4489.71,4480.95,4484.25,2944
20-08-2026 17:00,4484.30,4486.74,4474.13,4474.56,3157
20-08-2026 17:15,4474.74,4475.62,4465.40,4466.56,3553
20-08-2026 17:30,4466.75,4467.14,4450.58,4462.35,3884
20-08-2026 17:45,4462.36,4467.76,4456.98,4459.17,3677
20-08-2026 18:00,4459.26,4466.88,4451.06,4466.60,3696
20-08-2026 18:15,4466.50,4477.02,4464.05,4474.76,3429
20-08-2026 18:30,4474.89,4484.55,4471.89,4472.81,3830
20-08-2026 18:45,4472.81,4476.65,4470.28,4471.58,3646
20-08-2026 19:00,4471.78,4488.07,4469.27,4486.59,4157
20-08-2026 19:15,4486.74,4489.25,4479.29,4481.56,3942
20-08-2026 19:30,4481.62,4490.61,4480.76,4485.04,4014
20-08-2026 19:45,4485.07,4493.77,4481.72,4491.56,3947
20-08-2026 20:00,4491.69,4501.09,4491.62,4499.23,3826
20-08-2026 20:15,4499.17,4516.18,4498.74,4515.78,3839
20-08-2026 20:30,4516.06,4537.22,4514.98,4534.45,4286
20-08-2026 20:45,4534.82,4540.75,4523.32,4532.35,4099
20-08-2026 21:00,4532.24,4533.76,4509.67,4511.39,3970
20-08-2026 21:15,4511.44,4523.98,4510.77,4521.50,3766
20-08-2026 21:30,4521.77,4524.67,4510.50,4511.11,3619
20-08-2026 21:45,4511.18,4513.03,4505.41,4509.25,3612
20-08-2026 22:00,4509.17,4512.61,4502.69,4509.15,3589
20-08-2026 22:15,4509.15,4513.45,4507.28,4509.92,3311
20-08-2026 22:30,4509.92,4513.61,4507.65,4509.33,3226
20-08-2026 22:45,4509.28,4516.50,4507.80,4512.82,3265
20-08-2026 23:00,4512.82,4518.66,4510.78,4518.20,3104
20-08-2026 23:15,4518.20,4520.38,4517.05,4519.80,2991
20-08-2026 23:30,4519.55,4522.31,4509.34,4510.81,3393
20-08-2026 23:45,4510.59,4520.11,4508.26,4518.89,3192
21-08-2026 00:00,4518.92,4523.31,4518.39,4520.09,3107
21-08-2026 00:15,4520.15,4525.19,4517.85,4521.98,3097
21-08-2026 00:30,4521.91,4527.95,4518.09,4527.47,2929
21-08-2026 00:45,4527.54,4529.29,4522.58,4522.71,3041
21-08-2026 01:00,4522.69,4529.45,4521.94,4526.17,3065
21-08-2026 01:15,4526.07,4532.07,4524.83,4528.58,3325
21-08-2026 01:30,4528.48,4528.97,4522.31,4522.35,1942
21-08-2026 01:45,4522.31,4522.60,4520.30,4520.72,1440
21-08-2026 02:00,4520.72,4520.88,4516.76,4518.08,1530
21-08-2026 02:15,4518.15,4520.74,4517.47,4518.81,1390
21-08-2026 03:30,4520.45,4520.45,4516.70,4517.95,1377
21-08-2026 03:45,4517.96,4520.37,4517.68,4519.18,1461
21-08-2026 04:00,4519.20,4523.52,4518.21,4522.59,1699
21-08-2026 04:15,4522.60,4524.26,4519.18,4524.07,1653
21-08-2026 04:30,4523.87,4532.68,4523.49,4531.80,2434
21-08-2026 04:45,4531.80,4532.18,4522.75,4527.17,2140
21-08-2026 05:00,4527.14,4528.54,4520.91,4524.47,2357
21-08-2026 05:15,4524.47,4527.92,4523.20,4526.21,2472
21-08-2026 05:30,4525.96,4527.34,4517.45,4518.56,3265
21-08-2026 05:45,4518.53,4520.61,4513.85,4514.98,3194
21-08-2026 06:00,4514.96,4517.16,4510.71,4513.66,3045
21-08-2026 06:15,4513.67,4513.94,4509.62,4510.37,2997
21-08-2026 06:30,4510.37,4521.14,4508.77,4520.70,3944
21-08-2026 06:45,4520.74,4530.55,4520.26,4529.41,3531
21-08-2026 07:00,4529.33,4543.78,4523.85,4525.81,3586
21-08-2026 07:15,4525.88,4533.18,4525.35,4530.55,3343
21-08-2026 07:30,4530.47,4531.02,4518.22,4520.95,3419
21-08-2026 07:45,4520.99,4529.29,4520.05,4527.18,2771
21-08-2026 08:00,4527.22,4538.05,4525.28,4537.80,3296
21-08-2026 08:15,4537.93,4542.88,4532.33,4533.73,3208
21-08-2026 08:30,4533.69,4538.21,4531.88,4532.46,2923
21-08-2026 08:45,4532.47,4534.77,4529.59,4529.59,2742
21-08-2026 09:00,4529.59,4535.65,4526.63,4529.09,2549
21-08-2026 09:15,4529.09,4535.69,4528.09,4535.33,2299
21-08-2026 09:30,4535.32,4541.34,4535.32,4540.07,2456
21-08-2026 09:45,4540.08,4547.24,4537.28,4546.82,2666
21-08-2026 10:00,4546.79,4547.93,4540.70,4541.66,2297
21-08-2026 10:15,4541.62,4542.34,4539.93,4540.55,2045
21-08-2026 10:30,4540.48,4540.63,4534.20,4537.19,2406
21-08-2026 10:45,4537.02,4538.65,4530.36,4530.36,2487
21-08-2026 11:00,4530.37,4543.36,4529.23,4543.08,3316
21-08-2026 11:15,4543.12,4556.25,4541.62,4553.51,3309
21-08-2026 11:30,4553.71,4555.28,4545.50,4548.91,3330
21-08-2026 11:45,4548.93,4558.18,4548.93,4555.48,3177
21-08-2026 12:00,4555.38,4565.77,4554.52,4562.44,3356
21-08-2026 12:15,4562.48,4567.64,4560.94,4561.12,3081
21-08-2026 12:30,4560.97,4566.04,4557.80,4561.45,3056
21-08-2026 12:45,4561.45,4568.04,4559.68,4561.57,2917
21-08-2026 13:00,4561.57,4566.02,4560.01,4564.33,2999
21-08-2026 13:15,4564.33,4567.84,4560.61,4564.22,2978
21-08-2026 13:30,4564.23,4567.96,4559.17,4565.43,3167
21-08-2026 13:45,4565.44,4581.82,4563.82,4579.38,3429
21-08-2026 14:00,4579.33,4584.05,4576.40,4582.37,3327
21-08-2026 14:15,4582.36,4584.96,4580.21,4583.77,2958
21-08-2026 14:30,4583.85,4600.41,4581.98,4598.93,3477
21-08-2026 14:45,4599.11,4601.81,4581.21,4582.11,3536
21-08-2026 15:00,4582.11,4586.72,4580.54,4582.99,3023
21-08-2026 15:15,4582.95,4585.33,4580.25,4582.46,2876
21-08-2026 15:30,4582.44,4588.96,4577.82,4578.53,3257
21-08-2026 15:45,4578.55,4589.44,4578.38,4588.49,3053
21-08-2026 16:00,4588.53,4593.95,4585.50,4593.05,2764
21-08-2026 16:15,4593.05,4593.52,4587.77,4588.39,2966
21-08-2026 16:30,4588.39,4595.46,4587.09,4590.52,3189
21-08-2026 16:45,4590.52,4600.65,4590.51,4598.39,3440
21-08-2026 17:00,4598.36,4604.41,4593.33,4597.07,3541
21-08-2026 17:15,4596.93,4600.38,4595.68,4597.04,3132
21-08-2026 17:30,4597.04,4601.59,4589.20,4592.80,3511
21-08-2026 17:45,4592.77,4595.81,4581.93,4584.64,3402
21-08-2026 18:00,4584.63,4584.63,4563.48,4573.61,3767
21-08-2026 18:15,4573.41,4580.87,4573.06,4577.89,3395
21-08-2026 18:30,4577.90,4586.90,4575.65,4584.75,3758
21-08-2026 18:45,4584.92,4587.68,4579.20,4584.05,3552
21-08-2026 19:00,4584.05,4590.80,4573.35,4587.45,4108
21-08-2026 19:15,4587.64,4592.55,4576.64,4580.99,3958
21-08-2026 19:30,4580.95,4590.76,4579.93,4589.35,3841
21-08-2026 19:45,4589.52,4603.10,4586.28,4603.02,3765
21-08-2026 20:00,4603.02,4603.60,4580.55,4582.34,4063
21-08-2026 20:15,4582.37,4595.24,4580.63,4591.55,3887
21-08-2026 20:30,4591.69,4598.21,4587.32,4595.12,3784
21-08-2026 20:45,4595.34,4607.50,4595.05,4602.86,3681
21-08-2026 21:00,4602.99,4610.65,4599.48,4609.56,3763
21-08-2026 21:15,4609.52,4615.24,4606.99,4614.45,3741
21-08-2026 21:30,4614.46,4617.55,4609.13,4614.45,3656
21-08-2026 21:45,4614.43,4620.93,4610.39,4614.01,3583
21-08-2026 22:00,4614.01,4622.09,4612.04,4621.33,3381
21-08-2026 22:15,4621.36,4629.00,4620.95,4628.77,3328
21-08-2026 22:30,4628.86,4632.09,4621.63,4623.10,3614
21-08-2026 22:45,4623.01,4625.81,4615.21,4621.91,3627
21-08-2026 23:00,4621.88,4624.69,4618.43,4619.36,3010
21-08-2026 23:15,4619.37,4622.45,4616.82,4620.29,2965
21-08-2026 23:30,4620.32,4627.46,4620.26,4623.90,2950
21-08-2026 23:45,4623.89,4627.54,4623.86,4625.05,2819
22-08-2026 00:00,4625.06,4625.06,4619.37,4620.68,2954
22-08-2026 00:15,4620.68,4625.65,4620.62,4624.24,2645
22-08-2026 00:30,4624.31,4625.35,4618.41,4622.59,2941
22-08-2026 00:45,4622.59,4623.21,4617.87,4617.99,2781
22-08-2026 01:00,4617.99,4619.57,4615.62,4617.96,2966
22-08-2026 01:15,4617.96,4623.52,4615.86,4616.93,3290
22-08-2026 01:30,4616.96,4617.26,4614.64,4616.40,1757
22-08-2026 01:45,4616.40,4617.17,4609.78,4610.40,2108
22-08-2026 02:00,4610.40,4611.59,4607.07,4607.58,2041
22-08-2026 02:15,4607.61,4608.35,4602.12,4603.57,2167
24-08-2026 03:30,4611.35,4622.65,4606.62,4616.98,2694
24-08-2026 03:45,4616.98,4620.53,4612.47,4613.69,2588
24-08-2026 04:00,4613.42,4616.91,4606.90,4610.55,2452
24-08-2026 04:15,4610.60,4610.75,4605.63,4605.95,2161
24-08-2026 04:30,4605.96,4609.34,4604.66,4607.46,2107
24-08-2026 04:45,4607.51,4616.09,4606.76,4615.06,2147
24-08-2026 05:00,4615.05,4619.13,4607.54,4608.30,2512
24-08-2026 05:15,4608.30,4624.59,4608.15,4624.10,3281
24-08-2026 05:30,4624.17,4640.85,4620.24,4637.38,3727
24-08-2026 05:45,4637.36,4640.48,4594.75,4604.75,3891
24-08-2026 06:00,4604.73,4608.80,4600.95,4607.01,3604
24-08-2026 06:15,4606.89,4623.10,4603.80,4621.73,3471
24-08-2026 06:30,4621.70,4635.30,4618.79,4622.04,3981
24-08-2026 06:45,4622.04,4625.68,4611.08,4614.39,3945
24-08-2026 07:00,4614.39,4620.93,4608.00,4618.13,3817
24-08-2026 07:15,4617.96,4637.56,4615.03,4632.17,3729
24-08-2026 07:30,4632.11,4652.16,4628.10,4650.37,3814
24-08-2026 07:45,4650.36,4655.39,4649.17,4655.18,3329
24-08-2026 08:00,4655.29,4656.64,4637.46,4637.59,3756
24-08-2026 08:15,4637.58,4644.78,4627.41,4643.56,3718
24-08-2026 08:30,4643.55,4643.87,4633.30,4637.19,3568
24-08-2026 08:45,4637.16,4648.34,4635.36,4643.77,3501
24-08-2026 09:00,4643.77,4650.18,4642.63,4642.91,3013
24-08-2026 09:15,4642.91,4644.80,4639.92,4641.53,2694
24-08-2026 09:30,4641.53,4642.51,4632.51,4638.48,2983
24-08-2026 09:45,4638.47,4641.88,4634.47,4640.42,2953
24-08-2026 10:00,4640.38,4640.76,4632.93,4638.15,2782
24-08-2026 10:15,4638.14,4640.46,4635.78,4638.80,2549
24-08-2026 10:30,4638.78,4643.58,4638.49,4643.51,2943
24-08-2026 10:45,4643.30,4646.63,4635.86,4635.95,2827
24-08-2026 11:00,4635.20,4639.50,4629.62,4633.63,3808
24-08-2026 11:15,4633.14,4643.23,4630.26,4640.71,3516
24-08-2026 11:30,4640.76,4652.48,4639.33,4652.21,3649
24-08-2026 11:45,4651.77,4659.79,4640.65,4642.42,3674
24-08-2026 12:00,4642.58,4653.52,4641.82,4642.92,3462
24-08-2026 12:15,4642.92,4653.91,4642.74,4649.96,3335
24-08-2026 12:30,4649.48,4654.65,4644.13,4648.37,3535
24-08-2026 12:45,4648.30,4650.10,4642.12,4642.61,3413
24-08-2026 13:00,4642.59,4647.89,4634.73,4634.73,3404
24-08-2026 13:15,4634.76,4643.84,4629.85,4641.59,3500
24-08-2026 13:30,4642.21,4646.00,4635.77,4637.40,3690
24-08-2026 13:45,4637.40,4639.88,4629.18,4629.18,3429
24-08-2026 14:00,4629.14,4645.99,4628.67,4645.36,3146
24-08-2026 14:15,4645.36,4646.10,4635.93,4637.93,3070
24-08-2026 14:30,4637.87,4644.70,4637.13,4641.79,3012
24-08-2026 14:45,4641.80,4641.91,4634.81,4635.89,2779
24-08-2026 15:00,4635.89,4640.76,4632.92,4639.12,3043
24-08-2026 15:15,4638.97,4645.98,4638.80,4645.82,2672
24-08-2026 15:30,4645.81,4650.00,4645.22,4648.04,2904
24-08-2026 15:45,4648.20,4648.48,4642.33,4643.06,2931
24-08-2026 16:00,4642.99,4648.95,4642.69,4644.21,2813
24-08-2026 16:15,4644.05,4647.04,4641.60,4643.24,2874
24-08-2026 16:30,4643.23,4646.82,4639.01,4642.19,3075
24-08-2026 16:45,4642.19,4647.32,4640.38,4646.44,2740
24-08-2026 17:00,4646.68,4670.13,4643.39,4658.59,3911
24-08-2026 17:15,4658.90,4661.31,4648.10,4657.88,3535
24-08-2026 17:30,4657.54,4660.01,4650.06,4657.29,3527
24-08-2026 17:45,4657.37,4662.69,4651.50,4661.79,3426
24-08-2026 18:00,4661.75,4668.55,4645.56,4657.38,3666
24-08-2026 18:15,4657.33,4667.30,4654.41,4662.75,3458
24-08-2026 18:30,4662.65,4677.71,4661.53,4677.10,3896
24-08-2026 18:45,4677.10,4677.96,4667.66,4672.27,3734
24-08-2026 19:00,4672.32,4680.78,4658.46,4658.79,4225
24-08-2026 19:15,4658.61,4677.95,4656.11,4664.58,4181
24-08-2026 19:30,4664.61,4672.07,4659.83,4665.62,4075
24-08-2026 19:45,4665.62,4674.95,4655.46,4671.58,4042
24-08-2026 20:00,4671.66,4678.70,4669.53,4671.78,3813
24-08-2026 20:15,4671.82,4675.51,4656.78,4670.25,3774
24-08-2026 20:30,4670.45,4676.53,4665.34,4672.81,3715
24-08-2026 20:45,4672.83,4679.27,4668.04,4675.83,3571
24-08-2026 21:00,4675.74,4677.24,4659.79,4660.68,3801
24-08-2026 21:15,4660.61,4663.27,4639.89,4649.01,3917
24-08-2026 21:30,4649.43,4661.59,4646.48,4657.33,3734
24-08-2026 21:45,4657.39,4660.49,4656.01,4658.83,3381
24-08-2026 22:00,4658.86,4662.16,4658.40,4659.62,3059
24-08-2026 22:15,4659.53,4660.00,4642.03,4644.80,3412
24-08-2026 22:30,4644.70,4655.14,4641.67,4651.77,3795
24-08-2026 22:45,4651.77,4654.07,4630.12,4638.47,3926
24-08-2026 23:00,4638.46,4642.79,4635.57,4638.62,3495
24-08-2026 23:15,4638.65,4639.13,4632.86,4636.50,3383
24-08-2026 23:30,4636.51,4640.64,4624.99,4632.00,3509
24-08-2026 23:45,4632.02,4642.21,4627.15,4640.26,3586
25-08-2026 00:00,4640.41,4641.90,4625.19,4634.88,3423
25-08-2026 00:15,4634.86,4637.55,4631.36,4636.46,3101
25-08-2026 00:30,4636.39,4640.62,4635.93,4636.29,2877
25-08-2026 00:45,4636.33,4644.74,4635.82,4641.33,2901
25-08-2026 01:00,4641.33,4650.70,4640.15,4649.93,3142
25-08-2026 01:15,4649.93,4655.75,4649.82,4651.69,3253
25-08-2026 01:30,4651.81,4655.19,4650.26,4650.44,1892
25-08-2026 01:45,4650.44,4653.79,4648.89,4649.27,1379
25-08-2026 02:00,4649.28,4650.13,4647.17,4647.80,1070
25-08-2026 02:15,4647.81,4652.11,4646.78,4650.86,1613
25-08-2026 03:30,4654.60,4660.11,4652.78,4658.37,1640
25-08-2026 03:45,4658.41,4659.17,4656.51,4657.41,1596
25-08-2026 04:00,4657.39,4661.46,4657.03,4661.41,1668
25-08-2026 04:15,4661.35,4668.26,4660.60,4667.46,1837
25-08-2026 04:30,4667.44,4672.36,4666.82,4672.11,1941
25-08-2026 04:45,4672.12,4676.78,4669.12,4669.19,2216
25-08-2026 05:00,4669.19,4676.84,4667.60,4676.46,2440
25-08-2026 05:15,4676.45,4682.98,4674.93,4680.04,3006
25-08-2026 05:30,4679.89,4691.36,4675.31,4690.49,3736
25-08-2026 05:45,4690.49,4691.34,4676.58,4682.36,3536
25-08-2026 06:00,4682.37,4696.81,4681.77,4693.51,3357
25-08-2026 06:15,4693.63,4694.79,4684.04,4684.53,3063
25-08-2026 06:30,4684.41,4686.73,4670.89,4678.01,3868
25-08-2026 06:45,4678.04,4680.00,4664.24,4669.39,3726
25-08-2026 07:00,4669.42,4674.61,4666.60,4670.60,3773
25-08-2026 07:15,4670.58,4675.63,4656.44,4657.90,3697
25-08-2026 07:30,4657.87,4661.38,4638.15,4641.74,4029
25-08-2026 07:45,4641.68,4656.73,4640.91,4656.37,3384
25-08-2026 08:00,4656.10,4656.48,4631.01,4631.40,3810
25-08-2026 08:15,4630.70,4637.43,4618.15,4629.53,3942
25-08-2026 08:30,4629.63,4637.98,4622.30,4633.70,3793
25-08-2026 08:45,4633.70,4638.35,4631.96,4637.76,3495
25-08-2026 09:00,4637.80,4641.28,4633.96,4634.37,2892
25-08-2026 09:15,4634.41,4635.85,4631.68,4633.62,2821
25-08-2026 09:30,4633.60,4637.76,4630.88,4637.05,2698
25-08-2026 09:45,4637.06,4637.13,4628.85,4630.77,2577
25-08-2026 10:00,4630.79,4632.71,4623.78,4625.78,2955
25-08-2026 10:15,4625.78,4628.74,4624.08,4625.78,3028
25-08-2026 10:30,4625.77,4639.07,4624.03,4637.88,3160
25-08-2026 10:45,4637.83,4647.87,4637.83,4646.36,2830
25-08-2026 11:00,4646.51,4646.85,4637.82,4638.98,3591
25-08-2026 11:15,4639.01,4645.87,4635.92,4643.00,3427
25-08-2026 11:30,4642.98,4650.42,4641.12,4649.58,3399
25-08-2026 11:45,4649.57,4653.35,4645.45,4649.98,3130
25-08-2026 12:00,4649.99,4653.37,4647.79,4647.95,3227
25-08-2026 12:15,4647.64,4649.15,4637.01,4638.29,3065
25-08-2026 12:30,4638.33,4641.95,4636.41,4639.73,3345
25-08-2026 12:45,4639.73,4643.69,4634.11,4634.45,3089
25-08-2026 13:00,4634.45,4640.07,4633.68,4639.41,3057
25-08-2026 13:15,4639.72,4640.50,4629.64,4629.96,3047
25-08-2026 13:30,4629.96,4631.13,4620.06,4626.60,3488
25-08-2026 13:45,4626.61,4645.40,4625.96,4632.91,3499
25-08-2026 14:00,4632.80,4635.14,4625.77,4631.97,3457
25-08-2026 14:15,4631.87,4633.68,4625.04,4630.09,3211
25-08-2026 14:30,4630.18,4633.22,4624.75,4630.33,3313
25-08-2026 14:45,4630.32,4633.46,4625.59,4626.44,3212
25-08-2026 15:00,4626.49,4639.19,4623.94,4637.13,3614
25-08-2026 15:15,4637.13,4642.52,4635.85,4636.34,3407
25-08-2026 15:30,4636.33,4638.47,4633.12,4635.36,3086
25-08-2026 15:45,4635.35,4638.92,4633.08,4633.72,2786
25-08-2026 16:00,4633.80,4641.00,4632.57,4637.56,2765
25-08-2026 16:15,4637.72,4642.28,4636.96,4639.24,2704
25-08-2026 16:30,4639.15,4643.30,4636.81,4642.76,2847
25-08-2026 16:45,4642.84,4645.09,4639.02,4641.46,2739
25-08-2026 17:00,4641.54,4645.17,4640.23,4640.58,2885
25-08-2026 17:15,4640.60,4647.30,4640.53,4642.35,3017
25-08-2026 17:30,4642.48,4642.56,4634.89,4639.06,3219
25-08-2026 17:45,4638.97,4639.30,4631.76,4637.25,3121
25-08-2026 18:00,4637.24,4640.71,4630.05,4638.18,3213
25-08-2026 18:15,4638.36,4644.13,4637.24,4640.74,3049
25-08-2026 18:30,4640.72,4641.27,4622.82,4623.06,3881
25-08-2026 18:45,4623.13,4628.25,4608.55,4609.72,3894
25-08-2026 19:00,4609.86,4623.50,4609.27,4612.69,4173
25-08-2026 19:15,4612.69,4617.67,4605.16,4616.57,4049
25-08-2026 19:30,4616.59,4626.47,4613.58,4622.89,4030
25-08-2026 19:45,4622.94,4628.36,4618.42,4623.81,3922
25-08-2026 20:00,4623.80,4638.03,4613.75,4637.10,3851
25-08-2026 20:15,4637.06,4639.96,4632.55,4635.50,3682
25-08-2026 20:30,4635.77,4637.20,4630.34,4633.26,3693
25-08-2026 20:45,4633.16,4644.62,4629.42,4639.98,3616
25-08-2026 21:00,4639.91,4659.38,4639.91,4656.11,3946
25-08-2026 21:15,4656.02,4657.19,4648.78,4652.54,3604
25-08-2026 21:30,4652.59,4653.26,4642.65,4644.61,3486
25-08-2026 21:45,4644.61,4647.14,4637.81,4640.64,3253
25-08-2026 22:00,4640.65,4645.44,4637.10,4643.98,3217
25-08-2026 22:15,4643.97,4646.51,4640.43,4643.47,2966
25-08-2026 22:30,4643.51,4643.76,4634.17,4637.83,3282
25-08-2026 22:45,4637.83,4645.03,4634.42,4637.00,3195
25-08-2026 23:00,4636.98,4644.45,4636.18,4642.80,2942
25-08-2026 23:15,4642.79,4648.27,4642.57,4648.27,2705
25-08-2026 23:30,4648.25,4650.27,4644.16,4646.97,2756
25-08-2026 23:45,4646.85,4650.50,4646.00,4649.86,2527
26-08-2026 00:00,4649.91,4650.27,4645.93,4649.16,2511
26-08-2026 00:15,4649.14,4654.89,4649.07,4654.42,2436
26-08-2026 00:30,4654.42,4663.18,4653.12,4662.12,2974
26-08-2026 00:45,4662.10,4668.06,4659.90,4660.88,3083
26-08-2026 01:00,4660.89,4664.42,4657.89,4662.01,2903
26-08-2026 01:15,4662.21,4667.45,4660.32,4666.82,3213
26-08-2026 01:30,4666.82,4668.99,4662.80,4665.73,2438
26-08-2026 01:45,4665.72,4667.65,4661.94,4662.32,1990
26-08-2026 02:00,4662.30,4664.06,4660.15,4661.50,1936
26-08-2026 02:15,4661.50,4661.97,4657.20,4658.35,1874
26-08-2026 03:30,4660.43,4664.45,4657.70,4664.29,1193
26-08-2026 03:45,4664.19,4666.52,4664.07,4666.37,1352
26-08-2026 04:00,4666.37,4670.90,4666.37,4669.87,1960
26-08-2026 04:15,4669.81,4673.52,4669.58,4672.59,1869
26-08-2026 04:30,4672.59,4673.46,4667.05,4668.00,1892
26-08-2026 04:45,4667.31,4668.06,4660.18,4660.98,1862
26-08-2026 05:00,4661.00,4661.31,4655.54,4656.04,1905
26-08-2026 05:15,4656.04,4658.70,4653.17,4654.78,2598
26-08-2026 05:30,4654.75,4657.86,4650.96,4651.18,3253
26-08-2026 05:45,4651.12,4654.88,4642.99,4646.55,2925
26-08-2026 06:00,4646.58,4650.01,4636.24,4637.02,3103
26-08-2026 06:15,4637.01,4638.83,4634.30,4637.45,3113
26-08-2026 06:30,4637.44,4647.70,4629.73,4643.99,3712
26-08-2026 06:45,4643.97,4650.33,4643.30,4643.52,3392
26-08-2026 07:00,4643.54,4647.02,4638.92,4644.62,3633
26-08-2026 07:15,4644.65,4660.83,4642.97,4656.94,3593
26-08-2026 07:30,4656.88,4661.67,4654.89,4660.07,3516
26-08-2026 07:45,4660.14,4661.66,4656.07,4658.91,2632
26-08-2026 08:00,4658.91,4670.69,4657.43,4667.20,3477
26-08-2026 08:15,4667.18,4668.98,4657.89,4658.39,3102
26-08-2026 08:30,4658.41,4658.47,4647.16,4648.20,3116
26-08-2026 08:45,4648.17,4650.70,4645.84,4650.11,2915
26-08-2026 09:00,4649.98,4651.25,4645.18,4645.20,2362
26-08-2026 09:15,4645.31,4645.41,4642.47,4642.59,2194
26-08-2026 09:30,4642.60,4644.34,4641.80,4642.45,1846
26-08-2026 09:45,4642.45,4643.24,4640.25,4642.16,1788
26-08-2026 10:00,4642.15,4643.25,4639.74,4640.77,1844
26-08-2026 10:15,4640.77,4641.75,4638.75,4640.59,2166
26-08-2026 10:30,4640.55,4645.78,4640.06,4643.33,2466
26-08-2026 10:45,4643.33,4645.32,4641.33,4643.35,2259
26-08-2026 11:00,4643.39,4649.41,4637.86,4638.06,3363
26-08-2026 11:15,4637.98,4640.67,4635.33,4639.57,3132
26-08-2026 11:30,4639.58,4641.23,4635.95,4637.43,3184
26-08-2026 11:45,4637.42,4637.77,4624.63,4626.66,3275
26-08-2026 12:00,4626.70,4634.01,4625.68,4633.21,3092
26-08-2026 12:15,4633.21,4636.80,4630.39,4634.18,2908
26-08-2026 12:30,4634.11,4639.22,4633.08,4636.40,3045
26-08-2026 12:45,4636.25,4637.53,4630.77,4631.29,2884
26-08-2026 13:00,4631.29,4636.45,4628.84,4631.66,2874
26-08-2026 13:15,4631.66,4634.76,4626.29,4628.86,2904
26-08-2026 13:30,4628.60,4630.21,4625.57,4625.61,3033
26-08-2026 13:45,4625.62,4629.46,4622.09,4629.45,2985
26-08-2026 14:00,4629.59,4630.54,4624.93,4629.29,2763
26-08-2026 14:15,4629.33,4629.62,4625.93,4628.19,2656
26-08-2026 14:30,4628.20,4630.79,4623.23,4624.89,2751
26-08-2026 14:45,4624.92,4625.15,4615.95,4616.76,2875
26-08-2026 15:00,4616.75,4622.47,4616.73,4622.01,2595
26-08-2026 15:15,4621.92,4625.50,4621.88,4623.22,2474
26-08-2026 15:30,4623.06,4623.97,4617.63,4618.87,2314
26-08-2026 15:45,4618.89,4620.34,4613.31,4614.93,2600
26-08-2026 16:00,4615.09,4624.03,4614.53,4622.28,2557
26-08-2026 16:15,4622.27,4623.94,4618.63,4620.13,2268
26-08-2026 16:30,4620.27,4621.72,4616.28,4618.33,2609
26-08-2026 16:45,4618.35,4622.88,4616.32,4620.49,2710
26-08-2026 17:00,4620.51,4622.77,4617.13,4618.96,2709
26-08-2026 17:15,4618.99,4625.12,4616.77,4624.57,2790
26-08-2026 17:30,4624.57,4629.69,4623.75,4625.40,3107
26-08-2026 17:45,4625.38,4630.78,4624.45,4630.78,3100
26-08-2026 18:00,4630.78,4632.96,4612.30,4622.21,4016
26-08-2026 18:15,4622.21,4626.16,4610.49,4614.50,3777
26-08-2026 18:30,4614.28,4621.42,4608.32,4611.08,4001
26-08-2026 18:45,4611.12,4614.17,4597.70,4611.31,3896
26-08-2026 19:00,4611.18,4622.99,4610.25,4619.70,4142
26-08-2026 19:15,4619.65,4631.88,4618.17,4631.50,3993
26-08-2026 19:30,4631.52,4633.58,4619.32,4620.22,3906
26-08-2026 19:45,4620.32,4626.70,4616.21,4616.56,3792
26-08-2026 20:00,4616.25,4622.89,4612.92,4621.93,3702
26-08-2026 20:15,4621.90,4622.75,4602.74,4602.91,3745
26-08-2026 20:30,4602.97,4605.38,4587.81,4588.94,4005
26-08-2026 20:45,4588.91,4598.08,4582.98,4594.69,3824
26-08-2026 21:00,4594.68,4604.71,4594.39,4604.71,3536
26-08-2026 21:15,4604.80,4609.26,4595.93,4596.01,3589
26-08-2026 21:30,4596.00,4601.40,4590.59,4600.06,3462
26-08-2026 21:45,4600.18,4600.73,4594.03,4594.88,3227
26-08-2026 22:00,4594.88,4596.27,4585.67,4588.19,3239
26-08-2026 22:15,4588.20,4596.77,4587.96,4591.53,3184
26-08-2026 22:30,4591.53,4596.06,4590.57,4594.73,3048
26-08-2026 22:45,4594.73,4598.89,4593.33,4597.74,3071
26-08-2026 23:00,4597.95,4602.15,4595.68,4597.13,2851
26-08-2026 23:15,4597.11,4599.30,4594.13,4597.77,2609
26-08-2026 23:30,4597.84,4604.53,4596.71,4600.17,2921
26-08-2026 23:45,4600.19,4600.48,4592.78,4594.73,2986
27-08-2026 00:00,4594.70,4597.31,4592.25,4596.69,2637
27-08-2026 00:15,4596.38,4597.82,4593.25,4593.67,2729
27-08-2026 00:30,4593.62,4595.54,4590.99,4594.32,2834
27-08-2026 00:45,4594.31,4599.01,4591.29,4598.41,2745
27-08-2026 01:00,4598.45,4601.64,4594.22,4595.60,2775
27-08-2026 01:15,4595.61,4596.42,4592.26,4594.17,2959
27-08-2026 01:30,4594.22,4596.65,4591.56,4591.60,2228
27-08-2026 01:45,4591.57,4591.99,4583.99,4591.21,2584
27-08-2026 02:00,4591.21,4593.48,4590.14,4591.96,1990
27-08-2026 02:15,4591.68,4594.23,4591.10,4594.16,1773
27-08-2026 03:30,4603.74,4605.69,4601.59,4602.27,2021
27-08-2026 03:45,4602.25,4612.87,4601.98,4610.23,2482
27-08-2026 04:00,4610.17,4611.38,4608.25,4610.66,2260
27-08-2026 04:15,4610.66,4612.14,4606.65,4609.08,1964
27-08-2026 04:30,4608.93,4615.56,4606.99,4615.40,2200
27-08-2026 04:45,4615.33,4622.26,4614.28,4620.04,2212
27-08-2026 05:00,4620.07,4624.78,4617.91,4622.67,2163
27-08-2026 05:15,4622.62,4624.79,4620.77,4623.55,2560
27-08-2026 05:30,4623.58,4627.03,4616.23,4617.98,3127
27-08-2026 05:45,4617.97,4621.41,4613.27,4619.07,2932
27-08-2026 06:00,4619.05,4619.05,4605.18,4606.02,2989
27-08-2026 06:15,4606.17,4611.07,4600.47,4604.98,3308
27-08-2026 06:30,4605.03,4624.80,4602.16,4624.68,3841
27-08-2026 06:45,4624.69,4625.03,4616.92,4618.60,3392
27-08-2026 07:00,4618.52,4631.29,4617.89,4623.88,3451
27-08-2026 07:15,4623.89,4640.71,4623.60,4639.98,3351
27-08-2026 07:30,4639.98,4642.98,4637.97,4640.37,3158
27-08-2026 07:45,4640.37,4640.53,4632.71,4633.04,2715
27-08-2026 08:00,4633.04,4633.78,4623.23,4627.18,3375
27-08-2026 08:15,4627.18,4631.22,4624.15,4629.52,3012
27-08-2026 08:30,4629.60,4635.01,4628.26,4634.08,3044
27-08-2026 08:45,4634.18,4638.57,4632.84,4635.32,2885
27-08-2026 09:00,4635.32,4635.50,4628.64,4629.10,2543
27-08-2026 09:15,4629.13,4629.51,4624.12,4625.41,2322
27-08-2026 09:30,4625.42,4627.27,4624.01,4625.31,2364
27-08-2026 09:45,4625.32,4626.90,4620.33,4620.64,2363
27-08-2026 10:00,4620.61,4620.80,4617.11,4619.04,2410
27-08-2026 10:15,4619.04,4620.62,4617.59,4618.68,2573
27-08-2026 10:30,4618.84,4621.30,4615.98,4619.88,2657
27-08-2026 10:45,4619.86,4621.48,4616.96,4617.08,2455
27-08-2026 11:00,4617.08,4619.69,4604.74,4605.34,3424
27-08-2026 11:15,4605.30,4609.66,4600.84,4606.94,3275
27-08-2026 11:30,4606.89,4607.42,4599.51,4605.92,3317
27-08-2026 11:45,4605.93,4610.37,4603.81,4610.25,3052
27-08-2026 12:00,4610.25,4611.75,4604.68,4607.58,2884
27-08-2026 12:15,4607.36,4609.67,4597.89,4600.19,3228
27-08-2026 12:30,4600.22,4605.72,4598.44,4603.79,3221
27-08-2026 12:45,4603.78,4603.78,4593.40,4599.22,2951
27-08-2026 13:00,4599.22,4601.25,4594.86,4597.80,2976
27-08-2026 13:15,4597.79,4602.47,4595.65,4600.07,2908
27-08-2026 13:30,4600.14,4606.72,4599.82,4603.14,3118
27-08-2026 13:45,4603.28,4606.23,4599.88,4600.84,2765
27-08-2026 14:00,4600.86,4601.76,4594.50,4595.86,2929
27-08-2026 14:15,4595.86,4602.14,4595.52,4598.94,2798
27-08-2026 14:30,4598.96,4600.66,4593.66,4595.99,2969
27-08-2026 14:45,4595.99,4599.24,4593.63,4597.64,2872
27-08-2026 15:00,4597.71,4599.18,4578.48,4582.22,3168
27-08-2026 15:15,4582.34,4585.75,4579.01,4579.95,2768
27-08-2026 15:30,4580.09,4581.90,4568.92,4581.58,3171
27-08-2026 15:45,4581.58,4583.35,4577.37,4580.31,2660
27-08-2026 16:00,4580.28,4585.90,4576.02,4585.60,2929
27-08-2026 16:15,4585.56,4590.31,4585.47,4590.06,2819
27-08-2026 16:30,4590.08,4592.50,4587.17,4592.46,2770
27-08-2026 16:45,4592.40,4596.78,4591.03,4594.38,2716
27-08-2026 17:00,4594.45,4599.64,4593.75,4597.70,3109
27-08-2026 17:15,4597.54,4600.25,4594.43,4598.28,3163
27-08-2026 17:30,4598.29,4600.98,4592.44,4592.68,3196
27-08-2026 17:45,4592.67,4600.39,4591.66,4595.68,3265
27-08-2026 18:00,4595.66,4596.80,4586.90,4587.77,3304
27-08-2026 18:15,4587.60,4587.95,4580.36,4585.80,3380
27-08-2026 18:30,4585.81,4590.91,4579.74,4585.15,3890
27-08-2026 18:45,4585.17,4593.23,4582.91,4590.14,3656
27-08-2026 19:00,4590.08,4592.97,4572.25,4578.62,4140
27-08-2026 19:15,4578.63,4582.85,4565.12,4572.29,4074
27-08-2026 19:30,4572.48,4579.18,4568.38,4573.60,3953
27-08-2026 19:45,4573.70,4583.96,4573.70,4581.18,3878
27-08-2026 20:00,4581.21,4597.25,4581.15,4595.21,3857
27-08-2026 20:15,4595.22,4598.08,4588.09,4591.23,3786
27-08-2026 20:30,4591.25,4595.41,4591.03,4592.53,3710
27-08-2026 20:45,4592.52,4597.90,4588.78,4592.98,3577
27-08-2026 21:00,4592.98,4605.79,4591.97,4601.14,3570
27-08-2026 21:15,4601.14,4611.14,4600.12,4610.38,3658
27-08-2026 21:30,4610.32,4612.83,4604.34,4604.47,3506
27-08-2026 21:45,4604.45,4608.45,4602.20,4607.46,3263
27-08-2026 22:00,4607.47,4612.72,4605.75,4611.46,3262
27-08-2026 22:15,4611.47,4616.60,4610.04,4614.82,3359
27-08-2026 22:30,4615.38,4616.38,4608.47,4610.13,3269
27-08-2026 22:45,4610.13,4611.91,4608.30,4610.16,3020
27-08-2026 23:00,4610.16,4614.21,4608.25,4611.01,3028
27-08-2026 23:15,4611.08,4611.74,4605.02,4606.35,3299
27-08-2026 23:30,4606.35,4607.95,4602.15,4605.43,3426
27-08-2026 23:45,4605.42,4607.86,4600.90,4601.37,3273
28-08-2026 00:00,4601.31,4604.94,4600.80,4604.42,3006
28-08-2026 00:15,4604.43,4611.09,4604.15,4610.33,2943
28-08-2026 00:30,4610.43,4617.87,4610.43,4615.51,3192
28-08-2026 00:45,4615.51,4616.06,4604.17,4605.70,2977
28-08-2026 01:00,4605.69,4610.20,4604.72,4609.71,2917
28-08-2026 01:15,4609.62,4612.72,4605.18,4609.18,3060
28-08-2026 01:30,4609.09,4609.45,4603.54,4604.81,1900
28-08-2026 01:45,4604.76,4605.32,4602.60,4603.57,1330
28-08-2026 02:00,4603.59,4604.42,4601.91,4603.69,1084
28-08-2026 02:15,4603.77,4604.32,4599.59,4601.43,1462
28-08-2026 03:30,4606.73,4606.83,4600.47,4604.50,1437
28-08-2026 03:45,4604.49,4608.20,4604.10,4607.27,1759
28-08-2026 04:00,4607.30,4609.90,4606.64,4607.69,1596
28-08-2026 04:15,4607.68,4610.61,4606.52,4610.45,1497
28-08-2026 04:30,4610.43,4611.38,4602.87,4603.12,1688
28-08-2026 04:45,4603.03,4603.65,4599.85,4600.91,1690
28-08-2026 05:00,4600.89,4602.30,4598.57,4599.62,1838
28-08-2026 05:15,4599.62,4599.62,4594.18,4594.41,2274
28-08-2026 05:30,4594.41,4602.43,4593.20,4600.51,2847
28-08-2026 05:45,4600.52,4600.71,4590.51,4593.94,2884
28-08-2026 06:00,4593.96,4594.21,4588.06,4591.00,2676
28-08-2026 06:15,4591.07,4591.12,4585.62,4588.68,2775
28-08-2026 06:30,4588.73,4602.17,4586.37,4593.69,3698
28-08-2026 06:45,4593.83,4597.94,4583.74,4585.55,3628
28-08-2026 07:00,4585.73,4589.00,4578.17,4582.09,3618
28-08-2026 07:15,4582.05,4583.18,4575.35,4575.83,3356
28-08-2026 07:30,4575.89,4582.63,4574.97,4581.30,3038
28-08-2026 07:45,4581.31,4584.92,4578.58,4583.40,2213
28-08-2026 08:00,4583.40,4589.57,4583.15,4584.95,2983
28-08-2026 08:15,4584.95,4587.19,4582.27,4586.27,2822
28-08-2026 08:30,4586.19,4588.24,4582.69,4584.10,2810
28-08-2026 08:45,4584.08,4589.94,4583.90,4587.93,2767
28-08-2026 09:00,4587.92,4588.28,4581.04,4581.76,2166
28-08-2026 09:15,4581.90,4582.01,4578.51,4579.88,1967
28-08-2026 09:30,4579.88,4580.57,4577.91,4579.30,2020
28-08-2026 09:45,4579.35,4585.42,4578.55,4584.63,1916
28-08-2026 10:00,4584.63,4584.67,4578.01,4579.82,1939
28-08-2026 10:15,4579.80,4585.15,4578.19,4584.26,1767
28-08-2026 10:30,4584.36,4585.40,4578.17,4579.89,2246
28-08-2026 10:45,4579.90,4586.18,4578.97,4584.02,2170
28-08-2026 11:00,4583.93,4583.97,4571.56,4572.67,3464
28-08-2026 11:15,4572.75,4577.32,4571.62,4573.33,2957
28-08-2026 11:30,4573.32,4583.44,4572.40,4581.81,3200
28-08-2026 11:45,4581.82,4585.65,4580.51,4584.96,2991
28-08-2026 12:00,4585.01,4588.40,4582.91,4588.16,3102
28-08-2026 12:15,4588.16,4613.18,4588.10,4612.69,3824
28-08-2026 12:30,4612.50,4613.25,4596.60,4600.66,3585
28-08-2026 12:45,4600.64,4610.16,4599.47,4607.51,3198
28-08-2026 13:00,4607.50,4614.40,4607.14,4609.11,3048
28-08-2026 13:15,4609.11,4613.44,4607.38,4611.73,2594
28-08-2026 13:30,4611.73,4614.49,4609.97,4611.62,2948
28-08-2026 13:45,4611.64,4612.30,4607.98,4608.95,2622
28-08-2026 14:00,4609.10,4611.43,4603.17,4603.48,2708
28-08-2026 14:15,4603.48,4606.10,4600.83,4602.64,2536
28-08-2026 14:30,4602.46,4604.24,4600.72,4601.55,2583
28-08-2026 14:45,4601.55,4604.11,4600.36,4601.74,2661
28-08-2026 15:00,4601.72,4604.96,4600.91,4603.88,2573
28-08-2026 15:15,4603.91,4607.29,4602.95,4605.04,2379
28-08-2026 15:30,4605.06,4608.96,4603.52,4608.53,2540
28-08-2026 15:45,4608.53,4609.76,4601.94,4605.23,2462
28-08-2026 16:00,4605.21,4607.79,4601.76,4602.72,2518
28-08-2026 16:15,4602.74,4603.16,4597.45,4599.94,2592
28-08-2026 16:30,4599.94,4601.21,4595.00,4598.72,2934
28-08-2026 16:45,4598.69,4600.94,4597.50,4598.79,2702
28-08-2026 17:00,4598.93,4600.79,4591.21,4594.55,2829
28-08-2026 17:15,4594.56,4595.97,4591.46,4593.21,2832
28-08-2026 17:30,4593.23,4597.07,4590.78,4594.32,3190
28-08-2026 17:45,4594.36,4603.88,4592.43,4601.34,3086
28-08-2026 18:00,4601.34,4602.07,4588.88,4591.87,3447
28-08-2026 18:15,4591.82,4602.52,4590.12,4601.57,3252
28-08-2026 18:30,4601.85,4605.35,4596.15,4598.82,3738
28-08-2026 18:45,4598.86,4604.43,4593.66,4603.88,3609
28-08-2026 19:00,4603.92,4607.79,4598.84,4604.82,3888
28-08-2026 19:15,4604.81,4627.09,4604.35,4605.18,3937
28-08-2026 19:30,4603.86,4631.29,4543.82,4546.68,4407
28-08-2026 19:45,4546.33,4568.44,4529.95,4552.01,4345
28-08-2026 20:00,4552.02,4576.79,4551.76,4561.19,4286
28-08-2026 20:15,4561.20,4580.67,4550.60,4576.71,4200
28-08-2026 20:30,4577.54,4582.86,4556.87,4559.21,4195
28-08-2026 20:45,4559.23,4569.22,4551.29,4566.65,4112
28-08-2026 21:00,4567.13,4567.53,4534.16,4539.06,4127
28-08-2026 21:15,4539.25,4545.91,4523.94,4524.54,4210
28-08-2026 21:30,4524.44,4529.39,4497.22,4497.90,4226
28-08-2026 21:45,4497.85,4503.68,4464.38,4480.70,4267
28-08-2026 22:00,4480.58,4487.10,4465.94,4468.94,4200
28-08-2026 22:15,4469.04,4484.96,4469.04,4479.28,4040
28-08-2026 22:30,4479.84,4482.70,4471.12,4480.65,4000
28-08-2026 22:45,4481.06,4486.64,4474.90,4477.91,3902
28-08-2026 23:00,4478.14,4481.67,4460.41,4467.11,3779
28-08-2026 23:15,4467.18,4475.61,4466.19,4469.28,3548
28-08-2026 23:30,4469.27,4471.59,4459.58,4461.05,3805
28-08-2026 23:45,4461.12,4463.44,4452.41,4456.02,3872
29-08-2026 00:00,4455.85,4458.65,4445.41,4451.21,3636
29-08-2026 00:15,4451.21,4458.21,4448.36,4456.79,3577
29-08-2026 00:30,4456.77,4462.58,4452.97,4457.00,3671
29-08-2026 00:45,4456.87,4463.53,4455.00,4461.95,3336
29-08-2026 01:00,4461.98,4466.91,4460.84,4464.86,3203
29-08-2026 01:15,4464.87,4464.87,4452.95,4458.03,3634
29-08-2026 01:30,4458.20,4462.32,4454.90,4457.38,2332
29-08-2026 01:45,4457.37,4460.16,4453.26,4457.64,1735
29-08-2026 02:00,4457.74,4457.90,4453.38,4456.70,1848
29-08-2026 02:15,4456.70,4459.61,4452.78,4454.50,2108
31-08-2026 03:30,4433.05,4459.29,4424.80,4458.57,2830
31-08-2026 03:45,4458.52,4465.71,4455.79,4459.26,2484
31-08-2026 04:00,4459.31,4462.35,4452.97,4457.65,2610
31-08-2026 04:15,4457.65,4462.34,4456.83,4461.32,2036
31-08-2026 04:30,4461.11,4466.87,4459.70,4460.58,2426
31-08-2026 04:45,4460.58,4465.22,4455.18,4457.56,2467
31-08-2026 05:00,4457.58,4457.82,4446.55,4447.66,2853
31-08-2026 05:15,4447.63,4460.27,4436.06,4458.42,3417
31-08-2026 05:30,4458.55,4463.45,4453.32,4461.92,3598
31-08-2026 05:45,4461.92,4464.97,4452.21,4456.71,3197
31-08-2026 06:00,4456.67,4472.09,4456.65,4465.23,3245
31-08-2026 06:15,4465.19,4468.95,4456.16,4456.22,3142
31-08-2026 06:30,4456.41,4463.26,4435.94,4443.70,4144
31-08-2026 06:45,4443.67,4454.29,4442.14,4443.78,3839
31-08-2026 07:00,4443.80,4453.63,4436.37,4450.86,3906
31-08-2026 07:15,4450.93,4452.72,4436.13,4440.13,3765
31-08-2026 07:30,4440.10,4441.35,4418.56,4424.21,3869
31-08-2026 07:45,4424.20,4428.00,4418.37,4422.93,3470
31-08-2026 08:00,4422.90,4426.37,4401.88,4402.97,3891
31-08-2026 08:15,4403.05,4422.88,4396.39,4422.83,3709
31-08-2026 08:30,4422.92,4428.30,4421.67,4428.23,3268
31-08-2026 08:45,4428.23,4433.84,4426.29,4427.68,3143
31-08-2026 09:00,4427.40,4427.65,4419.77,4422.84,2733
31-08-2026 09:15,4422.73,4426.89,4421.51,4422.42,2358
31-08-2026 09:30,4422.43,4422.72,4416.90,4421.15,2477
31-08-2026 09:45,4421.16,4421.54,4415.72,4415.85,2400
31-08-2026 10:00,4415.85,4421.93,4412.65,4420.10,2641
31-08-2026 10:15,4420.09,4424.93,4418.71,4424.46,2449
31-08-2026 10:30,4424.46,4426.97,4419.15,4422.70,2760
31-08-2026 10:45,4422.64,4440.79,4421.99,4440.22,2916
31-08-2026 11:00,4440.68,4442.26,4430.54,4437.58,3628
31-08-2026 11:15,4437.54,4443.77,4434.13,4442.87,3292
31-08-2026 11:30,4443.04,4443.04,4429.17,4432.13,3317
31-08-2026 11:45,4432.32,4439.16,4431.37,4435.83,3108
31-08-2026 12:00,4435.85,4440.99,4431.20,4439.28,2964
31-08-2026 12:15,4439.53,4442.46,4436.57,4439.27,3023
31-08-2026 12:30,4439.42,4441.75,4435.48,4436.01,2994
31-08-2026 12:45,4436.01,4448.31,4435.03,4443.94,3006
31-08-2026 13:00,4443.86,4447.03,4441.13,4446.39,2845
31-08-2026 13:15,4446.39,4447.72,4440.73,4443.22,2747
31-08-2026 13:30,4443.20,4449.39,4436.85,4438.73,3021
31-08-2026 13:45,4438.73,4441.47,4436.04,4440.32,2946
31-08-2026 14:00,4440.08,4440.21,4434.35,4435.32,2724
31-08-2026 14:15,4435.29,4436.95,4433.71,4435.53,2598
31-08-2026 14:30,4435.69,4442.94,4435.52,4442.83,2779
31-08-2026 14:45,4442.83,4444.09,4437.87,4439.10,2590
31-08-2026 15:00,4439.13,4444.59,4438.92,4442.97,2277
31-08-2026 15:15,4442.99,4445.42,4440.88,4445.15,2397
31-08-2026 15:30,4445.27,4453.67,4444.72,4451.46,2988
31-08-2026 15:45,4451.45,4452.00,4446.57,4448.38,2570
31-08-2026 16:00,4448.20,4451.52,4447.67,4450.82,2507
31-08-2026 16:15,4450.75,4455.49,4449.37,4453.81,2482
31-08-2026 16:30,4453.54,4457.52,4452.98,4453.58,2702
31-08-2026 16:45,4453.47,4463.95,4452.46,4463.18,2614
31-08-2026 17:00,4462.91,4463.77,4453.48,4454.72,2947
31-08-2026 17:15,4454.46,4456.21,4452.43,4455.35,2663
31-08-2026 17:30,4455.19,4460.79,4450.68,4457.09,3101
31-08-2026 17:45,4457.09,4458.64,4447.25,4447.67,3277
31-08-2026 18:00,4447.60,4449.93,4438.99,4440.37,3452
31-08-2026 18:15,4440.51,4441.37,4435.40,4435.49,3238
31-08-2026 18:30,4435.63,4446.56,4433.74,4445.80,3655
31-08-2026 18:45,4445.84,4448.18,4439.23,4445.72,3479
31-08-2026 19:00,4445.87,4447.25,4431.75,4433.60,3989
31-08-2026 19:15,4433.61,4433.61,4415.57,4418.63,3971
31-08-2026 19:30,4418.68,4427.79,4416.14,4427.11,3939
31-08-2026 19:45,4427.21,4430.89,4416.48,4420.18,3823
31-08-2026 20:00,4420.18,4435.74,4419.24,4432.91,3792
31-08-2026 20:15,4432.84,4436.12,4425.98,4431.51,3731
31-08-2026 20:30,4431.57,4437.52,4428.08,4435.22,3770
31-08-2026 20:45,4435.22,4437.98,4429.00,4432.91,3620
31-08-2026 21:00,4432.82,4434.00,4426.27,4427.31,3550
31-08-2026 21:15,4427.32,4433.56,4424.48,4426.10,3478
31-08-2026 21:30,4426.35,4437.04,4423.45,4434.68,3475
31-08-2026 21:45,4434.69,4438.55,4433.04,4438.30,3104
31-08-2026 22:00,4438.30,4440.30,4431.28,4435.63,3359
31-08-2026 22:15,4435.62,4437.44,4432.26,4433.13,3035
31-08-2026 22:30,4433.18,4435.24,4430.66,4433.76,3031
31-08-2026 22:45,4433.73,4436.86,4428.65,4430.35,3050
31-08-2026 23:00,4430.76,4436.68,4429.76,4436.52,3036
31-08-2026 23:15,4436.52,4439.98,4435.61,4436.45,2949
31-08-2026 23:30,4436.49,4436.70,4430.48,4433.66,2910
31-08-2026 23:45,4433.67,4434.39,4429.57,4429.93,2687
01-09-2026 00:00,4429.70,4430.16,4426.16,4429.07,2990
01-09-2026 00:15,4429.07,4434.55,4428.95,4430.84,2690
01-09-2026 00:30,4430.85,4435.35,4429.06,4433.71,2732
01-09-2026 00:45,4433.69,4442.32,4432.88,4440.39,2606
01-09-2026 01:00,4440.54,4445.28,4438.99,4442.92,3140
01-09-2026 01:15,4442.83,4453.62,4441.44,4453.14,3524
01-09-2026 01:30,4453.34,4455.86,4449.85,4450.06,2131
01-09-2026 01:45,4449.99,4450.37,4446.85,4447.22,1224
01-09-2026 02:00,4447.15,4449.28,4446.69,4448.12,1003
01-09-2026 02:15,4448.18,4448.75,4446.14,4448.67,1208
01-09-2026 03:30,4449.45,4455.56,4447.18,4451.44,1682
01-09-2026 03:45,4451.46,4451.79,4447.47,4449.42,1249
01-09-2026 04:00,4449.42,4450.99,4446.98,4447.73,1305
01-09-2026 04:15,4447.69,4447.98,4445.44,4446.82,1233
01-09-2026 04:30,4447.02,4447.16,4443.83,4444.10,1449
01-09-2026 04:45,4444.16,4444.51,4441.78,4443.35,1283
01-09-2026 05:00,4443.33,4448.01,4443.14,4445.66,1660
01-09-2026 05:15,4445.61,4452.47,4445.50,4452.27,2402
01-09-2026 05:30,4452.29,4458.00,4446.29,4455.20,3411
01-09-2026 05:45,4455.20,4461.36,4452.65,4460.32,3081
01-09-2026 06:00,4460.34,4460.93,4451.99,4453.20,2669
01-09-2026 06:15,4453.17,4461.37,4450.95,4453.57,2984
01-09-2026 06:30,4453.60,4456.95,4445.38,4446.37,3720
01-09-2026 06:45,4446.33,4447.73,4437.82,4439.73,3352
01-09-2026 07:00,4439.94,4445.69,4436.25,4445.64,3370
01-09-2026 07:15,4445.47,4446.53,4439.69,4444.33,3187
01-09-2026 07:30,4444.33,4448.93,4441.79,4444.93,3308
01-09-2026 07:45,4444.91,4448.31,4440.36,4440.58,2552
01-09-2026 08:00,4440.05,4440.83,4431.49,4431.70,3400
01-09-2026 08:15,4431.52,4443.05,4427.70,4442.98,3107
01-09-2026 08:30,4442.98,4444.07,4438.41,4439.76,3066
01-09-2026 08:45,4439.76,4440.31,4431.74,4433.97,3000
01-09-2026 09:00,4433.97,4438.79,4433.34,4438.50,2571
01-09-2026 09:15,4438.48,4443.24,4436.61,4436.61,2115
01-09-2026 09:30,4436.63,4437.59,4430.11,4431.06,2231
01-09-2026 09:45,4430.95,4433.75,4429.53,4429.58,2104
01-09-2026 10:00,4429.58,4430.65,4426.50,4427.73,2299
01-09-2026 10:15,4427.73,4429.65,4425.40,4426.59,2394
01-09-2026 10:30,4426.62,4432.56,4426.07,4429.35,2336
01-09-2026 10:45,4429.36,4430.50,4425.51,4426.81,2463
01-09-2026 11:00,4426.67,4443.52,4423.92,4442.62,3501
01-09-2026 11:15,4442.59,4445.92,4439.96,4440.08,3174
01-09-2026 11:30,4440.09,4440.68,4431.66,4432.83,3210
01-09-2026 11:45,4432.87,4435.20,4427.63,4428.95,2855
01-09-2026 12:00,4428.92,4435.15,4428.41,4434.85,2710
01-09-2026 12:15,4434.83,4435.30,4428.16,4429.61,2716
01-09-2026 12:30,4429.70,4434.96,4429.43,4433.09,3251
01-09-2026 12:45,4433.09,4433.58,4426.01,4426.28,3141
01-09-2026 13:00,4426.19,4428.27,4412.07,4418.11,3455
01-09-2026 13:15,4418.11,4423.24,4416.87,4420.09,3217
01-09-2026 13:30,4419.69,4419.69,4389.33,4405.43,3865
01-09-2026 13:45,4405.41,4405.72,4381.81,4383.12,3745
01-09-2026 14:00,4383.02,4383.63,4369.95,4375.55,3871
01-09-2026 14:15,4375.47,4378.47,4369.47,4370.91,3759
01-09-2026 14:30,4370.80,4376.01,4366.46,4375.99,3671
01-09-2026 14:45,4376.03,4378.13,4370.50,4372.91,3472
01-09-2026 15:00,4372.90,4373.03,4365.53,4371.56,3483
01-09-2026 15:15,4371.56,4373.61,4364.55,4364.65,3150
01-09-2026 15:30,4364.65,4381.88,4364.23,4378.28,3232
01-09-2026 15:45,4378.28,4385.48,4378.25,4384.87,3083
01-09-2026 16:00,4384.88,4385.86,4381.46,4381.46,2891
01-09-2026 16:15,4381.46,4381.61,4375.04,4378.05,3181
01-09-2026 16:30,4378.05,4383.00,4375.77,4377.16,3335
01-09-2026 16:45,4377.12,4381.90,4374.80,4380.44,3145
01-09-2026 17:00,4380.43,4384.69,4378.24,4383.95,2934
01-09-2026 17:15,4383.95,4387.17,4372.12,4374.38,3182
01-09-2026 17:30,4374.38,4374.54,4366.84,4370.83,3441
01-09-2026 17:45,4370.66,4376.05,4365.87,4368.49,3574
01-09-2026 18:00,4368.50,4368.71,4351.97,4364.76,3766
01-09-2026 18:15,4364.76,4369.97,4356.07,4356.36,3526
01-09-2026 18:30,4356.17,4357.37,4326.06,4329.38,4071
01-09-2026 18:45,4329.57,4344.52,4326.27,4342.94,3800
01-09-2026 19:00,4343.20,4362.31,4341.11,4361.74,4084
01-09-2026 19:15,4361.77,4367.39,4354.13,4365.80,3950
01-09-2026 19:30,4365.58,4370.55,4353.21,4370.12,4050
01-09-2026 19:45,4370.13,4375.55,4365.92,4365.92,3870
01-09-2026 20:00,4365.60,4373.15,4364.11,4366.93,3808
01-09-2026 20:15,4366.90,4370.11,4356.69,4360.33,3764
01-09-2026 20:30,4360.33,4362.91,4355.10,4357.08,3785
01-09-2026 20:45,4357.20,4365.90,4356.21,4365.72,3639
01-09-2026 21:00,4365.68,4370.75,4361.53,4370.59,3551
01-09-2026 21:15,4370.68,4373.75,4368.46,4372.78,3257
01-09-2026 21:30,4372.78,4374.65,4362.27,4362.40,3478
01-09-2026 21:45,4362.37,4365.47,4352.43,4352.78,3887
01-09-2026 22:00,4352.40,4357.64,4347.06,4354.78,3797
01-09-2026 22:15,4354.77,4358.97,4350.98,4351.19,3418
01-09-2026 22:30,4351.30,4351.84,4344.26,4346.37,3367
01-09-2026 22:45,4346.36,4349.97,4342.68,4349.87,3505
01-09-2026 23:00,4349.75,4351.80,4342.60,4343.89,3445
01-09-2026 23:15,4343.89,4344.46,4340.78,4342.87,2968
01-09-2026 23:30,4342.87,4344.43,4334.57,4336.39,3195
01-09-2026 23:45,4336.42,4341.64,4335.55,4337.45,3176
02-09-2026 00:00,4337.44,4337.48,4328.34,4329.52,3251
02-09-2026 00:15,4329.44,4334.20,4328.06,4331.63,3221
02-09-2026 00:30,4331.63,4337.36,4329.04,4337.23,3298
02-09-2026 00:45,4337.22,4337.52,4333.23,4334.36,3012
02-09-2026 01:00,4334.35,4334.54,4322.50,4326.39,3019
02-09-2026 01:15,4326.34,4330.47,4323.40,4327.33,3254
02-09-2026 01:30,4327.08,4330.62,4323.65,4325.64,2250
02-09-2026 01:45,4325.76,4328.96,4324.80,4325.96,1619
02-09-2026 02:00,4325.91,4330.59,4324.95,4327.49,1647
02-09-2026 02:15,4327.63,4329.42,4326.40,4327.84,1525
02-09-2026 03:30,4333.62,4333.91,4328.10,4328.81,1168
02-09-2026 03:45,4328.80,4329.04,4326.88,4327.39,1195
02-09-2026 04:00,4327.40,4329.42,4325.85,4327.98,1081
02-09-2026 04:15,4328.01,4330.94,4327.35,4329.21,1365
02-09-2026 04:30,4329.15,4332.43,4327.06,4330.57,1654
02-09-2026 04:45,4330.53,4331.59,4325.63,4330.84,1535
02-09-2026 05:00,4330.85,4335.79,4330.76,4333.78,1800
02-09-2026 05:15,4333.78,4333.99,4322.75,4324.47,2346
02-09-2026 05:30,4324.42,4330.39,4315.70,4328.19,3652
02-09-2026 05:45,4328.21,4334.45,4322.56,4325.93,3453
02-09-2026 06:00,4325.95,4331.60,4320.40,4330.01,3336
02-09-2026 06:15,4330.00,4331.28,4314.49,4315.76,3322
02-09-2026 06:30,4315.75,4322.63,4304.74,4317.53,4010
02-09-2026 06:45,4317.58,4326.59,4315.28,4317.22,3752
02-09-2026 07:00,4317.20,4318.48,4305.09,4309.14,3746
02-09-2026 07:15,4309.16,4309.79,4288.37,4290.94,3697
02-09-2026 07:30,4290.99,4301.91,4287.24,4296.16,3558
02-09-2026 07:45,4296.27,4306.35,4296.03,4304.35,3009
02-09-2026 08:00,4304.34,4314.68,4299.48,4309.20,3440
02-09-2026 08:15,4309.20,4311.10,4300.25,4302.78,3138
02-09-2026 08:30,4302.72,4304.20,4296.79,4300.80,3187
02-09-2026 08:45,4300.79,4302.27,4289.49,4293.48,3201
02-09-2026 09:00,4293.49,4293.63,4282.42,4288.51,3056
02-09-2026 09:15,4288.42,4303.84,4288.42,4303.15,2573
02-09-2026 09:30,4303.14,4306.68,4301.87,4304.25,2247
02-09-2026 09:45,4304.24,4305.52,4301.37,4302.71,2290
02-09-2026 10:00,4302.75,4307.77,4302.47,4304.64,2124
02-09-2026 10:15,4304.95,4307.59,4303.77,4307.22,2120
02-09-2026 10:30,4307.25,4310.03,4303.55,4309.90,2491
02-09-2026 10:45,4309.83,4313.86,4306.70,4313.00,2838
02-09-2026 11:00,4313.03,4324.85,4313.03,4323.04,3412
02-09-2026 11:15,4323.08,4326.27,4319.19,4319.78,3021
02-09-2026 11:30,4319.67,4329.14,4317.47,4326.46,3423
02-09-2026 11:45,4326.52,4328.55,4320.90,4322.65,3296
02-09-2026 12:00,4322.65,4326.36,4316.78,4324.31,3413
02-09-2026 12:15,4324.30,4324.98,4314.54,4321.61,3475
02-09-2026 12:30,4321.61,4331.06,4319.21,4326.61,3506
02-09-2026 12:45,4326.50,4329.26,4324.92,4326.67,3320
02-09-2026 13:00,4326.69,4331.26,4321.87,4322.64,3235
02-09-2026 13:15,4322.64,4325.00,4320.50,4323.16,3035
02-09-2026 13:30,4323.20,4331.57,4322.10,4325.38,3263
02-09-2026 13:45,4325.38,4327.65,4322.55,4323.05,3231
02-09-2026 14:00,4323.07,4326.65,4319.35,4321.93,3101
02-09-2026 14:15,4321.96,4322.51,4312.48,4312.78,3254
02-09-2026 14:30,4312.80,4322.32,4312.25,4313.88,3318
02-09-2026 14:45,4313.88,4315.23,4304.88,4308.98,3256
02-09-2026 15:00,4308.99,4311.82,4307.27,4309.95,3014
02-09-2026 15:15,4309.96,4311.36,4307.84,4308.51,2981
02-09-2026 15:30,4308.48,4309.57,4301.68,4306.74,3155
02-09-2026 15:45,4306.66,4312.20,4305.98,4309.74,2827
02-09-2026 16:00,4309.74,4310.64,4307.07,4309.36,2796
02-09-2026 16:15,4309.36,4310.35,4305.06,4309.09,2790
02-09-2026 16:30,4309.18,4324.46,4307.53,4322.80,3234
02-09-2026 16:45,4322.56,4322.96,4315.56,4321.69,3375
02-09-2026 17:00,4321.69,4332.75,4321.49,4324.70,3342
02-09-2026 17:15,4324.55,4332.79,4323.37,4332.23,3212
02-09-2026 17:30,4332.39,4336.29,4328.99,4333.25,3547
02-09-2026 17:45,4333.21,4344.36,4329.79,4336.34,3653
02-09-2026 18:00,4336.13,4337.58,4327.32,4334.23,3368
02-09-2026 18:15,4334.24,4339.25,4330.37,4331.31,3474
02-09-2026 18:30,4331.19,4344.37,4330.69,4339.45,3726
02-09-2026 18:45,4339.41,4358.50,4336.52,4358.50,3744
02-09-2026 19:00,4358.15,4379.30,4357.01,4378.14,4093
02-09-2026 19:15,4378.11,4385.41,4367.72,4385.41,3968
02-09-2026 19:30,4385.12,4397.56,4378.72,4387.77,4047
02-09-2026 19:45,4387.71,4397.24,4384.65,4387.49,3930
02-09-2026 20:00,4387.42,4387.99,4381.17,4385.41,3893
02-09-2026 20:15,4385.34,4386.79,4374.20,4376.95,3658
02-09-2026 20:30,4376.93,4380.74,4372.49,4372.73,3848
02-09-2026 20:45,4372.74,4372.93,4365.50,4372.50,3742
02-09-2026 21:00,4372.64,4375.09,4365.93,4366.15,3591
02-09-2026 21:15,4365.97,4373.70,4364.40,4373.04,3415
02-09-2026 21:30,4372.89,4374.70,4368.67,4372.32,3239
02-09-2026 21:45,4372.10,4372.33,4367.57,4368.61,3031
02-09-2026 22:00,4368.39,4370.41,4364.44,4364.94,3154
02-09-2026 22:15,4364.83,4370.48,4364.48,4368.27,2888
02-09-2026 22:30,4368.25,4371.07,4367.41,4368.79,2885
02-09-2026 22:45,4368.79,4369.86,4364.51,4369.77,2906
02-09-2026 23:00,4369.69,4377.59,4366.44,4376.37,2899
02-09-2026 23:15,4376.41,4380.71,4375.27,4376.94,2864
02-09-2026 23:30,4377.00,4377.56,4370.13,4370.20,2843
02-09-2026 23:45,4370.13,4379.59,4369.16,4373.05,3062
03-09-2026 00:00,4372.86,4378.07,4372.25,4372.94,2785
03-09-2026 00:15,4372.92,4375.77,4372.45,4374.03,2597
03-09-2026 00:30,4374.24,4380.30,4371.67,4379.13,2757
03-09-2026 00:45,4379.15,4382.94,4378.12,4381.06,2646
03-09-2026 01:00,4381.14,4388.54,4381.06,4387.96,2847
03-09-2026 01:15,4387.93,4391.17,4384.82,4391.17,3035
03-09-2026 01:30,4391.01,4391.50,4385.77,4385.82,2185
03-09-2026 01:45,4385.82,4387.69,4384.16,4386.25,1574
03-09-2026 02:00,4386.15,4389.76,4385.55,4387.79,1305
03-09-2026 02:15,4387.81,4390.39,4386.77,4387.65,1263
03-09-2026 03:30,4390.81,4392.47,4389.44,4389.71,1179
03-09-2026 03:45,4389.69,4390.58,4387.52,4389.65,1626
03-09-2026 04:00,4389.61,4389.63,4384.75,4384.83,1566
03-09-2026 04:15,4385.03,4385.14,4383.42,4384.44,1351
03-09-2026 04:30,4384.64,4386.75,4383.88,4383.99,1519
03-09-2026 04:45,4383.99,4384.13,4381.83,4382.21,1314
03-09-2026 05:00,4382.27,4385.39,4381.03,4385.17,1640
03-09-2026 05:15,4385.23,4388.86,4384.47,4385.51,2374
03-09-2026 05:30,4385.52,4392.43,4384.63,4390.23,2972
03-09-2026 05:45,4390.23,4390.28,4385.21,4387.10,2735
03-09-2026 06:00,4387.10,4389.61,4382.47,4387.90,2537
03-09-2026 06:15,4387.88,4397.92,4385.71,4395.42,2909
03-09-2026 06:30,4395.43,4409.36,4387.30,4401.53,3788
03-09-2026 06:45,4401.20,4403.67,4394.07,4401.69,3417
03-09-2026 07:00,4401.64,4409.35,4400.28,4400.73,3583
03-09-2026 07:15,4400.68,4412.29,4400.02,4410.25,3291
03-09-2026 07:30,4410.15,4415.26,4409.01,4411.02,3502
03-09-2026 07:45,4411.07,4413.24,4406.45,4411.41,2978
03-09-2026 08:00,4411.36,4418.26,4409.44,4413.47,3292
03-09-2026 08:15,4413.59,4420.35,4411.48,4420.27,3199
03-09-2026 08:30,4420.31,4430.13,4419.20,4428.70,3074
03-09-2026 08:45,4428.71,4431.17,4424.54,4429.34,3060
03-09-2026 09:00,4429.31,4432.09,4426.48,4426.51,2502
03-09-2026 09:15,4426.51,4432.50,4425.29,4431.37,2344
03-09-2026 09:30,4431.34,4435.73,4425.66,4431.17,2550
03-09-2026 09:45,4431.17,4436.69,4429.90,4436.45,1785
03-09-2026 10:00,4436.46,4438.33,4435.34,4437.93,2051
03-09-2026 10:15,4437.96,4438.40,4434.09,4437.31,1833
03-09-2026 10:30,4437.31,4440.16,4428.90,4429.54,2617
03-09-2026 10:45,4429.55,4430.68,4422.49,4424.96,3218
03-09-2026 11:00,4425.07,4432.72,4422.40,4432.27,3583
03-09-2026 11:15,4432.27,4439.18,4428.31,4430.99,3245
03-09-2026 11:30,4431.01,4436.22,4425.65,4426.90,3463
03-09-2026 11:45,4426.90,4430.63,4418.68,4421.56,3238
03-09-2026 12:00,4421.51,4425.98,4420.38,4425.47,3141
03-09-2026 12:15,4425.46,4428.75,4420.50,4420.57,3000
03-09-2026 12:30,4420.55,4431.55,4419.04,4421.92,3447
03-09-2026 12:45,4421.92,4430.15,4421.57,4426.40,3118
03-09-2026 13:00,4426.40,4430.78,4423.59,4426.67,3290
03-09-2026 13:15,4426.68,4431.09,4424.18,4428.73,3079
03-09-2026 13:30,4428.72,4443.54,4427.90,4431.40,3720
03-09-2026 13:45,4431.38,4439.46,4430.74,4438.17,3298
03-09-2026 14:00,4438.27,4439.56,4431.37,4434.04,3040
03-09-2026 14:15,4434.46,4440.01,4433.89,4434.88,2999
03-09-2026 14:30,4434.87,4441.84,4434.19,4438.01,3113
03-09-2026 14:45,4437.87,4438.26,4432.11,4435.04,2943
03-09-2026 15:00,4435.13,4437.90,4429.48,4429.94,2975
03-09-2026 15:15,4429.94,4430.43,4425.58,4427.46,2779
03-09-2026 15:30,4427.45,4429.76,4422.93,4424.43,3139
03-09-2026 15:45,4424.38,4425.53,4419.09,4422.43,3023
03-09-2026 16:00,4422.15,4426.26,4419.96,4425.54,2986
03-09-2026 16:15,4425.47,4428.43,4423.99,4427.19,2643
03-09-2026 16:30,4427.16,4432.60,4424.98,4432.56,3084
03-09-2026 16:45,4432.58,4437.99,4430.09,4434.28,3140
03-09-2026 17:00,4434.24,4439.17,4426.38,4438.79,2955
03-09-2026 17:15,4438.79,4444.88,4436.43,4444.02,3031
03-09-2026 17:30,4443.75,4450.16,4441.06,4443.76,3355
03-09-2026 17:45,4443.77,4449.11,4437.68,4446.58,3375
03-09-2026 18:00,4446.61,4478.03,4446.61,4467.81,4130
03-09-2026 18:15,4467.75,4495.03,4465.38,4493.38,3914
03-09-2026 18:30,4493.54,4495.80,4484.65,4485.51,3988
03-09-2026 18:45,4485.62,4487.77,4476.64,4479.76,3744
03-09-2026 19:00,4479.92,4482.26,4467.93,4470.14,4034
03-09-2026 19:15,4469.80,4470.84,4456.60,4470.42,3974
03-09-2026 19:30,4470.44,4472.85,4459.42,4469.11,4059
03-09-2026 19:45,4469.13,4480.73,4469.05,4477.59,3873
03-09-2026 20:00,4477.32,4479.63,4465.92,4472.81,3877
03-09-2026 20:15,4472.84,4485.24,4470.82,4485.24,3871
03-09-2026 20:30,4485.24,4504.08,4484.19,4503.51,3982
03-09-2026 20:45,4503.45,4510.75,4501.44,4506.36,3809
03-09-2026 21:00,4507.00,4509.61,4494.77,4494.86,3620
03-09-2026 21:15,4494.91,4495.34,4486.00,4493.14,3574
03-09-2026 21:30,4493.22,4495.45,4487.51,4493.83,3522
03-09-2026 21:45,4493.73,4494.65,4490.59,4493.14,3351
03-09-2026 22:00,4493.20,4495.36,4486.80,4487.80,3237
03-09-2026 22:15,4487.75,4490.96,4485.36,4486.19,3010
03-09-2026 22:30,4486.19,4488.64,4483.13,4487.78,2963
03-09-2026 22:45,4488.01,4493.56,4485.01,4492.76,2930
03-09-2026 23:00,4492.85,4493.95,4490.74,4491.81,2740
03-09-2026 23:15,4491.80,4494.57,4486.47,4486.51,2799
03-09-2026 23:30,4486.54,4489.58,4483.82,4483.82,3061
03-09-2026 23:45,4483.83,4488.03,4479.69,4479.69,2964
04-09-2026 00:00,4479.72,4482.72,4475.78,4481.41,2811
04-09-2026 00:15,4481.26,4482.62,4473.95,4475.17,2947
04-09-2026 00:30,4475.17,4476.85,4472.84,4474.35,3073
04-09-2026 00:45,4474.28,4476.63,4472.58,4475.80,2970
04-09-2026 01:00,4475.74,4478.80,4473.93,4477.70,2882
04-09-2026 01:15,4477.70,4480.73,4473.04,4475.21,3055
04-09-2026 01:30,4475.23,4475.74,4471.51,4471.78,1689
04-09-2026 01:45,4471.75,4472.44,4470.32,4471.58,1350
04-09-2026 02:00,4471.60,4472.88,4470.96,4472.41,1338
04-09-2026 02:15,4472.40,4473.60,4471.38,4472.78,1162
04-09-2026 03:30,4473.79,4477.91,4472.84,4477.73,1664
04-09-2026 03:45,4477.73,4478.77,4473.74,4474.61,1469
04-09-2026 04:00,4474.56,4476.52,4472.51,4473.62,1654
04-09-2026 04:15,4473.62,4475.62,4471.10,4474.21,2006
04-09-2026 04:30,4474.22,4477.61,4472.48,4474.14,1815
04-09-2026 04:45,4474.13,4475.02,4471.56,4473.81,1479
04-09-2026 05:00,4473.80,4478.33,4473.53,4477.32,1645
04-09-2026 05:15,4477.20,4480.23,4474.84,4479.95,2124
04-09-2026 05:30,4479.99,4483.14,4478.04,4480.75,2752
04-09-2026 05:45,4480.56,4480.93,4474.39,4474.56,2607
04-09-2026 06:00,4474.60,4482.15,4472.68,4482.15,2481
04-09-2026 06:15,4482.14,4487.00,4480.63,4486.26,2568
04-09-2026 06:30,4486.29,4487.28,4474.38,4474.88,3615
04-09-2026 06:45,4474.58,4478.87,4467.96,4470.97,3337
04-09-2026 07:00,4470.96,4476.83,4467.99,4473.86,3333
04-09-2026 07:15,4473.86,4480.47,4467.03,4478.87,3104
04-09-2026 07:30,4478.91,4482.54,4477.10,4479.22,2878
04-09-2026 07:45,4479.21,4480.09,4471.50,4474.03,2470
04-09-2026 08:00,4474.03,4477.27,4470.21,4470.73,3118
04-09-2026 08:15,4470.71,4480.88,4470.08,4477.25,2821
04-09-2026 08:30,4477.34,4478.58,4470.21,4473.42,2718
04-09-2026 08:45,4473.41,4474.55,4471.22,4472.38,2348
04-09-2026 09:00,4472.43,4475.20,4469.04,4469.24,2019
04-09-2026 09:15,4469.23,4470.01,4466.94,4466.94,1798
04-09-2026 09:30,4466.94,4470.03,4465.34,4469.23,2200
04-09-2026 09:45,4469.23,4472.27,4468.33,4471.71,1757
04-09-2026 10:00,4471.69,4474.80,4471.56,4474.04,1808
04-09-2026 10:15,4474.04,4474.77,4472.55,4473.65,1480
04-09-2026 10:30,4473.65,4474.45,4467.16,4469.31,2124
04-09-2026 10:45,4469.32,4475.17,4467.19,4467.51,2102
04-09-2026 11:00,4467.58,4477.56,4466.77,4471.03,3137
04-09-2026 11:15,4471.02,4472.79,4467.23,4471.89,2778
04-09-2026 11:30,4472.04,4473.39,4466.56,4468.87,3045
04-09-2026 11:45,4468.87,4471.75,4466.77,4468.76,2845
04-09-2026 12:00,4468.71,4469.74,4463.08,4464.11,3170
04-09-2026 12:15,4463.97,4464.40,4460.07,4462.92,2983
04-09-2026 12:30,4462.86,4471.17,4461.43,4467.76,3105
04-09-2026 12:45,4467.76,4472.79,4466.58,4472.67,2650
04-09-2026 13:00,4472.53,4486.00,4472.53,4485.62,2848
04-09-2026 13:15,4485.59,4490.54,4481.33,4483.32,2892
04-09-2026 13:30,4483.28,4486.44,4479.24,4481.93,3025
04-09-2026 13:45,4481.85,4483.95,4479.58,4480.98,2640
04-09-2026 14:00,4480.99,4482.39,4477.33,4477.48,2764
04-09-2026 14:15,4477.37,4479.69,4474.36,4477.72,2390
04-09-2026 14:30,4477.84,4479.11,4469.03,4470.02,2665
04-09-2026 14:45,4469.99,4470.60,4463.82,4466.63,2880
04-09-2026 15:00,4466.50,4470.12,4464.45,4467.14,2670
04-09-2026 15:15,4467.13,4469.61,4465.46,4465.48,2337
04-09-2026 15:30,4465.34,4473.18,4465.34,4472.71,2272
04-09-2026 15:45,4472.73,4473.34,4468.10,4471.15,2338
04-09-2026 16:00,4471.17,4475.14,4469.93,4473.46,2362
04-09-2026 16:15,4473.46,4476.37,4472.70,4472.81,2199
04-09-2026 16:30,4472.77,4473.24,4469.40,4470.14,2561
04-09-2026 16:45,4470.01,4470.88,4465.42,4465.58,2405
04-09-2026 17:00,4465.57,4470.31,4465.15,4468.14,2482
04-09-2026 17:15,4468.14,4470.59,4465.15,4466.85,2603
04-09-2026 17:30,4466.85,4470.35,4464.49,4464.73,3081
04-09-2026 17:45,4464.73,4476.35,4464.20,4473.29,3374
04-09-2026 18:00,4473.34,4473.41,4380.30,4393.97,4243
04-09-2026 18:15,4393.88,4409.63,4380.16,4393.64,4127
04-09-2026 18:30,4393.65,4394.28,4365.43,4394.13,4162
04-09-2026 18:45,4393.96,4414.45,4391.41,4412.54,3848
04-09-2026 19:00,4412.59,4424.02,4405.08,4423.71,4175
04-09-2026 19:15,4423.71,4434.65,4413.18,4413.18,4065
04-09-2026 19:30,4413.87,4435.03,4411.98,4433.95,4040
04-09-2026 19:45,4433.80,4437.33,4426.61,4428.98,3951
04-09-2026 20:00,4429.16,4442.26,4425.20,4428.24,3873
04-09-2026 20:15,4428.82,4432.00,4417.00,4427.35,3919
04-09-2026 20:30,4427.37,4443.68,4422.64,4443.34,3788
04-09-2026 20:45,4443.34,4448.84,4439.53,4439.86,3763
04-09-2026 21:00,4439.87,4446.47,4436.62,4442.86,3551
04-09-2026 21:15,4442.79,4445.92,4435.47,4436.56,3355
04-09-2026 21:30,4436.56,4440.22,4432.18,4438.72,3351
04-09-2026 21:45,4438.59,4443.42,4433.27,4434.17,3233
04-09-2026 22:00,4434.16,4439.63,4433.27,4437.96,2958
04-09-2026 22:15,4437.97,4440.32,4434.78,4436.35,2880
04-09-2026 22:30,4436.56,4436.58,4430.07,4433.61,3026
04-09-2026 22:45,4433.72,4440.24,4427.50,4428.52,3119
04-09-2026 23:00,4428.56,4429.63,4416.35,4416.95,3140
04-09-2026 23:15,4417.18,4421.25,4415.48,4416.37,3016
04-09-2026 23:30,4416.44,4419.57,4411.99,4419.43,3171
04-09-2026 23:45,4419.43,4426.59,4419.09,4424.67,2822
05-09-2026 00:00,4424.81,4425.73,4421.16,4422.84,2373
05-09-2026 00:15,4422.84,4425.79,4421.85,4423.87,2201
05-09-2026 00:30,4423.87,4429.62,4422.43,4429.00,2486
05-09-2026 00:45,4429.03,4435.66,4426.72,4435.39,2354
05-09-2026 01:00,4435.34,4438.21,4433.90,4436.83,2494
05-09-2026 01:15,4436.83,4437.28,4432.37,4434.72,2607
05-09-2026 01:30,4434.84,4435.04,4430.54,4431.32,1458
05-09-2026 01:45,4431.31,4431.41,4429.12,4429.80,1056
05-09-2026 02:00,4429.71,4430.50,4428.72,4430.04,1150
05-09-2026 02:15,4430.19,4431.19,4428.14,4429.81,1216
07-09-2026 03:30,4419.07,4428.66,4417.43,4428.56,1838
07-09-2026 03:45,4428.55,4429.70,4426.50,4428.34,1732
07-09-2026 04:00,4428.15,4431.23,4427.43,4430.59,1737
07-09-2026 04:15,4430.59,4434.93,4429.00,4429.13,1889
07-09-2026 04:30,4429.11,4431.20,4428.98,4429.80,1592
07-09-2026 04:45,4429.82,4429.94,4425.08,4426.86,1687
07-09-2026 05:00,4426.35,4430.40,4425.06,4428.97,1971
07-09-2026 05:15,4428.97,4433.97,4420.61,4423.23,2576
07-09-2026 05:30,4423.24,4427.46,4421.05,4425.02,3170
07-09-2026 05:45,4425.07,4428.49,4422.09,4422.23,2739
07-09-2026 06:00,4422.20,4425.13,4418.40,4424.04,2962
07-09-2026 06:15,4424.05,4429.53,4410.09,4412.56,3161
07-09-2026 06:30,4412.42,4415.82,4395.46,4399.67,3966
07-09-2026 06:45,4399.72,4403.58,4389.68,4403.30,3625
07-09-2026 07:00,4403.70,4413.25,4403.01,4410.10,3539
07-09-2026 07:15,4410.07,4416.77,4408.72,4409.04,3362
07-09-2026 07:30,4409.00,4410.47,4402.72,4403.82,3261
07-09-2026 07:45,4403.82,4409.32,4403.43,4407.60,2627
07-09-2026 08:00,4407.54,4418.53,4406.64,4414.78,3411
07-09-2026 08:15,4414.80,4419.04,4407.32,4408.64,3259
07-09-2026 08:30,4408.66,4410.35,4405.14,4407.69,3101
07-09-2026 08:45,4407.68,4410.04,4404.53,4408.64,2764
07-09-2026 09:00,4408.63,4408.79,4401.70,4401.75,2349
07-09-2026 09:15,4401.75,4404.88,4401.28,4404.07,2050
07-09-2026 09:30,4404.10,4407.08,4401.30,4406.54,2078
07-09-2026 09:45,4406.61,4406.69,4400.32,4402.12,1762
07-09-2026 10:00,4402.16,4402.45,4394.31,4396.65,2028
07-09-2026 10:15,4396.64,4398.86,4395.37,4397.82,1788
07-09-2026 10:30,4397.82,4404.06,4397.50,4402.46,2286
07-09-2026 10:45,4402.48,4411.67,4401.89,4410.94,2210
07-09-2026 11:00,4410.93,4413.18,4401.43,4403.86,3345
07-09-2026 11:15,4404.04,4406.48,4392.96,4394.00,3203
07-09-2026 11:30,4393.95,4394.66,4385.08,4391.95,3376
07-09-2026 11:45,4391.96,4398.16,4389.91,4394.35,2930
07-09-2026 12:00,4394.37,4399.75,4393.69,4396.23,2922
07-09-2026 12:15,4396.27,4399.14,4391.20,4392.73,2971
07-09-2026 12:30,4392.74,4401.55,4391.83,4401.45,3243
07-09-2026 12:45,4401.45,4402.17,4394.63,4395.08,3022
07-09-2026 13:00,4395.17,4399.06,4392.31,4395.86,3121
07-09-2026 13:15,4395.88,4406.59,4394.88,4406.29,3335
07-09-2026 13:30,4406.25,4417.81,4405.13,4417.13,3523
07-09-2026 13:45,4417.12,4423.41,4416.25,4419.69,3191
07-09-2026 14:00,4419.69,4423.84,4413.46,4414.65,3137
07-09-2026 14:15,4414.69,4415.11,4409.58,4410.87,2747
07-09-2026 14:30,4411.01,4413.73,4410.56,4410.87,2486
07-09-2026 14:45,4410.87,4411.78,4405.38,4405.60,2546
07-09-2026 15:00,4405.89,4410.04,4403.56,4409.60,2709
07-09-2026 15:15,4409.58,4410.39,4404.48,4405.57,2139
07-09-2026 15:30,4405.57,4406.17,4402.33,4403.12,2085
07-09-2026 15:45,4402.98,4404.63,4395.74,4395.90,2239
07-09-2026 16:00,4395.87,4399.21,4391.71,4398.51,2456
07-09-2026 16:15,4398.51,4398.73,4388.20,4391.64,2803
07-09-2026 16:30,4391.33,4394.19,4389.02,4393.65,2788
07-09-2026 16:45,4393.65,4394.93,4387.55,4389.49,2399
07-09-2026 17:00,4389.11,4389.81,4381.06,4386.56,2813
07-09-2026 17:15,4386.54,4391.99,4384.97,4385.21,2422
07-09-2026 17:30,4385.36,4392.92,4385.31,4390.73,2431
07-09-2026 17:45,4390.73,4395.24,4390.16,4395.22,2555
07-09-2026 18:00,4395.22,4397.42,4392.61,4396.95,2753
07-09-2026 18:15,4396.93,4397.95,4394.23,4396.68,2625
07-09-2026 18:30,4396.69,4404.71,4395.30,4404.03,3282
07-09-2026 18:45,4403.72,4405.00,4401.32,4403.72,2791
07-09-2026 19:00,4403.72,4407.48,4401.69,4403.34,2985
07-09-2026 19:15,4403.35,4407.82,4401.13,4402.60,2916
07-09-2026 19:30,4402.45,4408.84,4401.08,4407.10,2809
07-09-2026 19:45,4407.15,4409.07,4405.03,4406.96,2649
07-09-2026 20:00,4406.93,4412.20,4404.59,4411.93,2686
07-09-2026 20:15,4411.75,4419.46,4410.78,4416.00,3233
07-09-2026 20:30,4415.98,4416.64,4409.20,4414.66,3020
07-09-2026 20:45,4414.54,4415.03,4411.60,4412.85,2401
07-09-2026 21:00,4412.78,4413.93,4408.72,4411.72,1885
07-09-2026 21:15,4411.74,4415.00,4411.17,4414.40,1639
07-09-2026 21:30,4414.44,4417.25,4412.79,4415.26,1475
07-09-2026 21:45,4415.28,4415.84,4412.56,4413.56,1335
07-09-2026 22:00,4413.56,4413.95,4412.62,4413.19,322
