time,open,high,low,close,volume
29-08-2026 00:00,2980.20,2981.00,2980.20,2980.30,52
29-08-2026 00:01,2980.20,2980.90,2980.10,2980.40,47
29-08-2026 00:02,2980.60,2980.70,2979.90,2979.90,40
29-08-2026 00:03,2979.80,2980.50,2979.80,2980.50,21
29-08-2026 00:04,2980.40,2981.10,2980.30,2980.30,43
29-08-2026 00:05,2980.40,2981.30,2980.30,2980.70,52
29-08-2026 00:06,2980.70,2980.90,2980.40,2980.70,36
29-08-2026 00:07,2980.80,2980.90,2979.90,2979.90,34
29-08-2026 00:08,2979.70,2979.80,2979.40,2979.80,37
29-08-2026 00:09,2979.70,2980.00,2979.30,2979.30,34
29-08-2026 00:10,2979.40,2980.80,2979.40,2980.80,33
29-08-2026 00:11,2980.80,2980.90,2980.20,2980.30,45
29-08-2026 00:12,2980.30,2980.30,2979.50,2979.60,48
29-08-2026 00:13,2979.60,2979.90,2979.40,2979.60,42
29-08-2026 00:14,2979.60,2980.50,2979.60,2980.30,36
29-08-2026 00:15,2980.40,2980.40,2979.70,2980.30,36
29-08-2026 00:16,2980.30,2980.60,2980.10,2980.30,37
29-08-2026 00:17,2980.30,2981.20,2980.20,2981.00,35
29-08-2026 00:18,2981.00,2981.00,2979.80,2979.80,34
29-08-2026 00:19,2979.90,2980.00,2979.40,2979.90,38
29-08-2026 00:20,2979.90,2979.90,2979.20,2979.40,48
29-08-2026 00:21,2979.30,2979.90,2979.20,2979.60,38
29-08-2026 00:22,2979.70,2979.70,2978.90,2979.10,45
29-08-2026 00:23,2979.20,2979.80,2978.90,2979.80,50
29-08-2026 00:24,2979.80,2979.80,2979.30,2979.50,29
29-08-2026 00:25,2979.60,2979.60,2978.40,2979.20,42
29-08-2026 00:26,2979.20,2979.50,2979.00,2979.40,34
29-08-2026 00:27,2979.40,2980.10,2979.20,2979.70,49
29-08-2026 00:28,2979.80,2980.00,2979.30,2980.00,33
29-08-2026 00:29,2980.00,2980.20,2979.40,2979.50,36
29-08-2026 00:30,2979.60,2980.40,2978.60,2978.60,61
29-08-2026 00:31,2978.50,2979.90,2978.30,2979.90,55
29-08-2026 00:32,2980.00,2980.00,2978.60,2978.90,50
29-08-2026 00:33,2979.00,2980.10,2979.00,2979.70,44
29-08-2026 00:34,2979.80,2980.10,2979.00,2979.10,37
29-08-2026 00:35,2979.00,2980.00,2978.90,2979.80,48
29-08-2026 00:36,2979.90,2980.30,2979.70,2979.70,34
29-08-2026 00:37,2979.80,2980.30,2979.60,2980.10,41
29-08-2026 00:38,2980.30,2981.10,2980.00,2980.70,40
29-08-2026 00:39,2980.70,2981.50,2980.60,2981.40,40
29-08-2026 00:40,2981.30,2981.50,2980.30,2981.10,47
29-08-2026 00:41,2981.20,2981.30,2980.70,2981.00,37
29-08-2026 00:42,2981.00,2981.20,2980.30,2980.60,32
29-08-2026 00:43,2980.50,2980.80,2980.00,2980.70,41
29-08-2026 00:44,2980.60,2981.40,2980.40,2981.00,31
29-08-2026 00:45,2981.10,2981.50,2980.20,2981.50,40
29-08-2026 00:46,2981.40,2981.90,2981.20,2981.20,45
29-08-2026 00:47,2981.30,2981.70,2981.20,2981.50,28
29-08-2026 00:48,2981.60,2981.90,2981.40,2981.80,33
29-08-2026 00:49,2981.70,2982.50,2981.60,2982.20,30
29-08-2026 00:50,2982.30,2983.00,2982.20,2983.00,26
29-08-2026 00:51,2983.00,2983.70,2982.90,2983.20,35
29-08-2026 00:52,2983.30,2983.80,2983.20,2983.40,35
29-08-2026 00:53,2983.30,2983.40,2982.50,2982.50,33
29-08-2026 00:54,2982.60,2983.40,2982.60,2983.30,41
29-08-2026 00:55,2983.30,2984.20,2983.20,2984.20,26
29-08-2026 00:56,2984.10,2984.40,2983.90,2984.40,43
29-08-2026 00:57,2984.50,2985.20,2984.40,2985.20,28
29-08-2026 00:58,2985.10,2985.60,2984.60,2984.60,33
29-08-2026 00:59,2984.70,2984.70,2984.20,2984.30,38
29-08-2026 01:00,2984.20,2984.20,2982.40,2982.70,68
29-08-2026 01:01,2982.70,2983.10,2982.40,2982.60,46
29-08-2026 01:02,2982.60,2982.90,2982.00,2982.30,36
29-08-2026 01:03,2982.20,2982.90,2981.90,2982.40,45
29-08-2026 01:04,2982.40,2982.70,2981.80,2982.20,38
29-08-2026 01:05,2982.10,2982.10,2981.30,2981.60,46
29-08-2026 01:06,2981.70,2982.00,2981.10,2981.70,36
29-08-2026 01:07,2981.50,2981.50,2980.80,2980.90,31
29-08-2026 01:08,2981.00,2981.70,2980.80,2981.30,32
29-08-2026 01:09,2981.40,2981.70,2981.00,2981.70,27
29-08-2026 01:10,2981.60,2982.30,2981.50,2981.90,40
29-08-2026 01:11,2981.80,2981.80,2980.90,2981.10,31
29-08-2026 01:12,2981.00,2981.50,2980.80,2981.30,40
29-08-2026 01:13,2981.40,2981.90,2981.40,2981.70,28
29-08-2026 01:14,2981.60,2982.30,2981.20,2981.20,44
29-08-2026 01:15,2981.30,2981.40,2979.10,2979.30,52
29-08-2026 01:16,2979.20,2979.50,2978.80,2978.90,49
29-08-2026 01:17,2978.80,2978.90,2978.30,2978.50,36
29-08-2026 01:18,2978.40,2978.50,2978.10,2978.20,37
29-08-2026 01:19,2978.30,2979.50,2978.30,2979.40,44
29-08-2026 01:20,2979.30,2981.00,2979.30,2980.30,100
29-08-2026 01:21,2980.20,2980.30,2978.10,2978.30,62
29-08-2026 01:22,2978.30,2978.60,2977.90,2978.20,47
29-08-2026 01:23,2978.10,2978.30,2977.40,2977.50,46
29-08-2026 01:24,2977.70,2978.80,2977.70,2978.00,60
29-08-2026 01:25,2977.90,2978.50,2977.10,2978.20,86
29-08-2026 01:26,2978.40,2979.00,2977.70,2978.10,49
29-08-2026 01:27,2978.10,2978.70,2977.90,2978.10,35
29-08-2026 01:28,2978.10,2978.30,2977.30,2977.70,55
29-08-2026 01:29,2977.70,2978.40,2977.00,2977.90,122
29-08-2026 01:30,2977.70,2978.90,2977.30,2978.30,76
29-08-2026 01:31,2978.30,2978.70,2978.30,2978.30,41
29-08-2026 01:32,2978.20,2978.80,2978.00,2978.60,29
29-08-2026 01:33,2978.70,2978.80,2978.40,2978.50,15
29-08-2026 01:34,2978.50,2978.80,2977.90,2978.30,23
29-08-2026 01:35,2978.20,2978.20,2977.80,2978.00,23
29-08-2026 01:36,2977.90,2977.90,2977.00,2977.10,12
29-08-2026 01:37,2977.00,2977.20,2976.90,2977.10,13
29-08-2026 01:38,2977.10,2977.30,2976.90,2977.10,15
29-08-2026 01:39,2977.20,2977.30,2977.00,2977.30,11
29-08-2026 01:40,2977.20,2977.70,2977.20,2977.40,16
29-08-2026 01:41,2977.40,2977.60,2977.20,2977.20,10
29-08-2026 01:42,2977.20,2977.40,2977.20,2977.40,9
29-08-2026 01:43,2977.50,2977.50,2977.00,2977.10,11
29-08-2026 01:44,2977.20,2977.30,2976.90,2977.00,11
29-08-2026 01:45,2977.10,2977.30,2976.90,2977.30,11
29-08-2026 01:46,2977.20,2977.30,2977.00,2977.30,5
29-08-2026 01:47,2977.40,2977.40,2977.30,2977.30,6
29-08-2026 01:48,2977.30,2977.40,2977.20,2977.40,6
29-08-2026 01:49,2977.40,2977.60,2977.40,2977.60,3
29-08-2026 01:50,2977.70,2977.90,2977.60,2977.60,5
29-08-2026 01:51,2977.60,2977.80,2977.60,2977.70,7
29-08-2026 01:52,2977.80,2977.90,2977.60,2977.90,10
29-08-2026 01:53,2977.80,2977.90,2977.70,2977.80,9
29-08-2026 01:54,2977.90,2977.90,2977.70,2977.80,15
29-08-2026 01:55,2977.90,2978.00,2977.90,2977.90,7
29-08-2026 01:56,2977.90,2977.90,2977.40,2977.50,9
29-08-2026 01:57,2977.60,2977.90,2977.60,2977.70,6
29-08-2026 01:58,2977.80,2977.90,2977.70,2977.70,6
29-08-2026 01:59,2977.70,2977.80,2977.60,2977.80,4
29-08-2026 02:00,2977.80,2977.80,2977.60,2977.60,5
29-08-2026 02:01,2977.60,2977.60,2977.50,2977.50,4
29-08-2026 02:02,2977.60,2977.80,2977.50,2977.80,9
29-08-2026 02:03,2977.70,2977.70,2977.50,2977.60,6
29-08-2026 02:04,2977.50,2977.90,2977.50,2977.90,9
29-08-2026 02:05,2977.80,2978.30,2977.80,2978.30,14
29-08-2026 02:06,2978.20,2978.50,2978.10,2978.50,11
29-08-2026 02:07,2978.60,2979.10,2978.60,2978.90,7
29-08-2026 02:08,2978.80,2978.90,2978.60,2978.60,7
29-08-2026 02:09,2978.50,2978.70,2978.50,2978.50,5
29-08-2026 02:10,2978.50,2979.00,2978.50,2978.90,7
29-08-2026 02:11,2978.90,2978.90,2978.40,2978.50,6
29-08-2026 02:12,2978.40,2978.90,2978.40,2978.80,8
29-08-2026 02:13,2978.80,2979.30,2978.80,2979.30,5
29-08-2026 02:14,2979.40,2979.40,2979.20,2979.20,7
29-08-2026 02:15,2979.20,2979.70,2979.20,2979.50,11
29-08-2026 02:16,2979.60,2979.70,2979.40,2979.60,14
29-08-2026 02:17,2979.70,2979.80,2979.40,2979.40,12
29-08-2026 02:18,2979.30,2979.30,2979.20,2979.20,2
29-08-2026 02:19,2979.30,2979.30,2979.00,2979.30,12
29-08-2026 02:20,2979.20,2979.40,2978.80,2978.80,11
29-08-2026 02:21,2978.70,2979.10,2978.70,2978.90,8
29-08-2026 02:22,2978.80,2979.10,2978.70,2978.70,9
29-08-2026 02:23,2978.70,2978.80,2978.20,2978.50,12
29-08-2026 02:24,2978.60,2978.90,2978.40,2978.90,10
29-08-2026 02:25,2978.80,2978.80,2978.50,2978.70,11
29-08-2026 02:26,2978.60,2978.60,2978.50,2978.60,3
29-08-2026 02:27,2978.50,2978.60,2978.30,2978.30,7
29-08-2026 02:28,2978.20,2978.70,2978.20,2978.60,14
31-08-2026 03:30,2974.10,2974.10,2971.60,2971.90,62
31-08-2026 03:31,2972.00,2976.30,2972.00,2975.40,53
31-08-2026 03:32,2975.50,2975.60,2973.10,2973.10,36
31-08-2026 03:33,2973.00,2973.00,2968.90,2969.90,102
31-08-2026 03:34,2969.90,2970.20,2969.20,2969.40,44
31-08-2026 03:35,2969.30,2970.10,2968.20,2968.90,50
31-08-2026 03:36,2968.80,2969.60,2968.10,2969.30,52
31-08-2026 03:37,2969.30,2970.30,2969.10,2970.30,27
31-08-2026 03:38,2970.40,2972.00,2970.40,2971.50,30
31-08-2026 03:39,2971.50,2971.90,2970.90,2971.70,40
31-08-2026 03:40,2971.70,2972.30,2971.20,2971.60,39
31-08-2026 03:41,2971.50,2971.70,2971.30,2971.70,18
31-08-2026 03:42,2971.70,2973.20,2971.70,2973.00,25
31-08-2026 03:43,2972.90,2973.40,2972.90,2973.40,19
31-08-2026 03:44,2973.40,2974.00,2973.40,2974.00,17
31-08-2026 03:45,2974.00,2974.50,2973.50,2974.50,21
31-08-2026 03:46,2974.50,2974.50,2973.60,2974.10,23
31-08-2026 03:47,2974.20,2974.20,2973.60,2973.60,28
31-08-2026 03:48,2973.70,2974.40,2973.70,2974.20,16
31-08-2026 03:49,2974.30,2974.80,2973.50,2974.20,28
31-08-2026 03:50,2974.30,2974.80,2974.20,2974.30,14
31-08-2026 03:51,2974.40,2974.40,2974.20,2974.20,5
31-08-2026 03:52,2974.30,2974.70,2974.20,2974.50,11
31-08-2026 03:53,2974.50,2974.90,2974.30,2974.30,9
31-08-2026 03:54,2974.20,2974.50,2973.80,2973.80,19
31-08-2026 03:55,2973.90,2974.10,2973.80,2974.00,12
31-08-2026 03:56,2974.00,2974.20,2973.30,2973.50,15
31-08-2026 03:57,2973.50,2973.60,2972.70,2972.70,11
31-08-2026 03:58,2972.80,2973.50,2972.80,2973.40,15
31-08-2026 03:59,2972.60,2972.90,2972.60,2972.80,13
31-08-2026 04:00,2972.90,2973.30,2972.70,2972.90,26
31-08-2026 04:01,2972.90,2973.10,2972.60,2972.90,19
31-08-2026 04:02,2973.00,2973.20,2972.80,2972.80,12
31-08-2026 04:03,2972.80,2972.90,2972.60,2972.90,5
31-08-2026 04:04,2972.90,2973.00,2972.60,2972.70,9
31-08-2026 04:05,2972.80,2972.90,2972.60,2972.70,12
31-08-2026 04:06,2972.80,2972.80,2971.10,2971.20,22
31-08-2026 04:07,2971.30,2972.00,2971.10,2971.70,29
31-08-2026 04:08,2971.80,2972.90,2971.80,2972.90,18
31-08-2026 04:09,2972.90,2973.20,2972.80,2972.90,7
31-08-2026 04:10,2972.90,2973.30,2972.90,2973.20,15
31-08-2026 04:11,2973.30,2973.30,2972.50,2972.60,13
31-08-2026 04:12,2972.50,2972.90,2970.90,2970.90,29
31-08-2026 04:13,2971.00,2971.10,2970.70,2971.00,26
31-08-2026 04:14,2971.10,2971.40,2971.10,2971.40,4
31-08-2026 04:15,2971.30,2972.20,2971.30,2972.20,14
31-08-2026 04:16,2972.20,2972.60,2971.80,2971.90,18
31-08-2026 04:17,2971.80,2972.30,2971.60,2972.30,9
31-08-2026 04:18,2972.30,2972.40,2972.10,2972.40,9
31-08-2026 04:19,2972.40,2972.50,2972.20,2972.20,7
31-08-2026 04:20,2972.30,2972.50,2972.10,2972.30,9
31-08-2026 04:21,2972.40,2972.40,2972.10,2972.40,7
31-08-2026 04:22,2972.50,2972.60,2972.40,2972.50,7
31-08-2026 04:23,2972.50,2972.90,2972.50,2972.90,5
31-08-2026 04:24,2973.00,2973.00,2972.80,2972.90,4
31-08-2026 04:25,2972.80,2972.90,2972.40,2972.80,14
31-08-2026 04:26,2972.80,2973.10,2972.80,2973.10,4
31-08-2026 04:27,2973.20,2973.20,2973.00,2973.00,3
31-08-2026 04:28,2973.10,2973.20,2973.10,2973.20,4
31-08-2026 04:29,2973.20,2973.20,2972.90,2972.90,3
31-08-2026 04:30,2972.90,2973.00,2972.70,2973.00,14
31-08-2026 04:31,2972.90,2972.90,2972.20,2972.40,15
31-08-2026 04:32,2972.20,2972.20,2971.80,2971.90,9
31-08-2026 04:33,2972.00,2972.10,2971.80,2972.00,9
31-08-2026 04:34,2972.10,2972.40,2972.10,2972.10,7
31-08-2026 04:35,2972.00,2972.10,2971.80,2971.80,8
31-08-2026 04:36,2971.70,2972.00,2971.70,2972.00,4
31-08-2026 04:37,2972.10,2972.30,2971.50,2971.70,16
31-08-2026 04:38,2971.70,2972.20,2971.70,2972.20,18
31-08-2026 04:39,2972.30,2972.30,2971.80,2971.90,11
31-08-2026 04:40,2971.70,2971.90,2971.40,2971.60,23
31-08-2026 04:41,2971.50,2971.60,2971.50,2971.50,9
31-08-2026 04:42,2971.70,2972.20,2971.70,2971.80,16
31-08-2026 04:43,2971.80,2971.80,2970.70,2970.80,22
31-08-2026 04:44,2970.70,2970.70,2970.30,2970.30,15
31-08-2026 04:45,2970.20,2970.60,2970.00,2970.20,19
31-08-2026 04:46,2970.30,2970.50,2970.20,2970.40,18
31-08-2026 04:47,2970.40,2970.80,2970.00,2970.80,15
31-08-2026 04:48,2971.00,2971.00,2970.30,2970.70,12
31-08-2026 04:49,2970.90,2971.00,2970.50,2970.60,8
31-08-2026 04:50,2970.70,2970.80,2970.50,2970.70,11
31-08-2026 04:51,2970.60,2970.80,2970.60,2970.70,6
31-08-2026 04:52,2970.90,2971.00,2969.10,2969.30,33
31-08-2026 04:53,2969.20,2969.30,2968.40,2968.40,21
31-08-2026 04:54,2968.50,2969.40,2968.40,2969.10,25
31-08-2026 04:55,2969.20,2969.60,2969.20,2969.40,23
31-08-2026 04:56,2969.40,2969.40,2969.00,2969.20,16
31-08-2026 04:57,2969.20,2969.30,2968.70,2968.90,15
31-08-2026 04:58,2968.80,2969.00,2968.70,2968.70,20
31-08-2026 04:59,2968.70,2968.90,2968.50,2968.50,26
31-08-2026 05:00,2968.40,2968.40,2967.00,2967.40,59
31-08-2026 05:01,2967.50,2968.30,2966.50,2968.10,66
31-08-2026 05:02,2968.00,2968.00,2967.20,2967.40,23
31-08-2026 05:03,2967.40,2967.60,2967.10,2967.30,22
31-08-2026 05:04,2967.30,2968.10,2967.10,2967.90,25
31-08-2026 05:05,2967.90,2968.20,2967.60,2967.70,26
31-08-2026 05:06,2967.70,2968.20,2967.70,2967.90,20
31-08-2026 05:07,2968.00,2968.40,2966.90,2967.20,34
31-08-2026 05:08,2967.30,2967.30,2966.90,2966.90,14
31-08-2026 05:09,2967.00,2967.70,2967.00,2967.40,23
31-08-2026 05:10,2967.40,2968.40,2967.30,2967.80,33
31-08-2026 05:11,2967.80,2968.00,2967.00,2967.90,53
31-08-2026 05:12,2968.00,2968.40,2967.90,2968.20,14
31-08-2026 05:13,2968.20,2968.60,2968.10,2968.30,18
31-08-2026 05:14,2968.40,2968.70,2968.40,2968.60,20
31-08-2026 05:15,2968.50,2968.80,2967.00,2967.00,52
31-08-2026 05:16,2967.10,2967.50,2966.50,2966.60,57
31-08-2026 05:17,2966.60,2966.80,2964.20,2965.50,101
31-08-2026 05:18,2965.40,2965.60,2963.60,2964.70,73
31-08-2026 05:19,2964.60,2965.40,2963.60,2964.90,60
31-08-2026 05:20,2964.80,2966.00,2964.30,2965.90,43
31-08-2026 05:21,2965.70,2965.80,2964.50,2965.50,55
31-08-2026 05:22,2965.40,2966.50,2965.40,2966.20,41
31-08-2026 05:23,2966.10,2966.10,2965.30,2965.80,34
31-08-2026 05:24,2965.80,2966.60,2965.70,2966.60,29
31-08-2026 05:25,2966.50,2966.50,2964.80,2964.80,44
31-08-2026 05:26,2964.90,2965.20,2964.30,2964.70,46
31-08-2026 05:27,2964.80,2965.80,2964.30,2965.60,51
31-08-2026 05:28,2965.50,2965.60,2964.80,2964.90,49
31-08-2026 05:29,2964.80,2964.80,2963.90,2964.00,40
31-08-2026 05:30,2963.80,2967.60,2963.70,2967.50,118
31-08-2026 05:31,2967.50,2968.00,2966.80,2967.60,84
31-08-2026 05:32,2967.50,2967.50,2966.10,2966.30,53
31-08-2026 05:33,2966.50,2966.60,2965.70,2966.40,47
31-08-2026 05:34,2966.50,2967.10,2966.20,2966.60,47
31-08-2026 05:35,2966.50,2967.10,2965.80,2965.80,64
31-08-2026 05:36,2965.90,2966.00,2965.00,2965.80,55
31-08-2026 05:37,2965.90,2966.20,2965.30,2965.90,32
31-08-2026 05:38,2966.00,2966.90,2965.90,2966.90,56
31-08-2026 05:39,2967.00,2967.50,2966.90,2967.10,37
31-08-2026 05:40,2967.00,2967.50,2966.90,2967.40,42
31-08-2026 05:41,2967.40,2968.30,2967.40,2968.20,34
31-08-2026 05:42,2968.30,2969.30,2968.00,2969.30,32
31-08-2026 05:43,2969.40,2970.10,2969.30,2969.60,37
31-08-2026 05:44,2969.50,2969.70,2969.30,2969.30,26
31-08-2026 05:45,2969.30,2969.70,2968.60,2969.70,40
31-08-2026 05:46,2969.50,2969.90,2969.10,2969.80,36
31-08-2026 05:47,2969.80,2970.80,2969.80,2970.40,38
31-08-2026 05:48,2970.50,2971.00,2970.50,2970.70,31
31-08-2026 05:49,2970.70,2970.90,2969.50,2969.50,30
31-08-2026 05:50,2969.30,2970.20,2969.30,2970.00,27
31-08-2026 05:51,2970.00,2970.20,2969.50,2969.90,23
31-08-2026 05:52,2969.90,2970.40,2969.90,2970.30,18
31-08-2026 05:53,2970.30,2970.50,2970.10,2970.50,11
31-08-2026 05:54,2970.50,2971.00,2970.30,2971.00,12
31-08-2026 05:55,2971.00,2971.00,2970.70,2971.00,11
31-08-2026 05:56,2971.00,2971.10,2970.10,2970.30,35
31-08-2026 05:57,2970.40,2970.80,2970.30,2970.50,19
31-08-2026 05:58,2970.60,2971.30,2970.40,2971.10,22
31-08-2026 05:59,2970.90,2971.50,2970.90,2971.40,18
31-08-2026 06:00,2971.30,2971.90,2971.00,2971.60,33
31-08-2026 06:01,2971.50,2971.70,2971.30,2971.70,30
31-08-2026 06:02,2971.60,2972.60,2971.60,2972.30,47
31-08-2026 06:03,2972.20,2972.50,2972.10,2972.20,24
31-08-2026 06:04,2972.20,2972.20,2971.60,2971.70,18
31-08-2026 06:05,2971.70,2972.30,2971.70,2972.10,23
31-08-2026 06:06,2972.10,2972.10,2971.50,2971.80,30
31-08-2026 06:07,2971.80,2972.10,2971.70,2971.90,13
31-08-2026 06:08,2971.90,2972.20,2971.60,2971.90,16
31-08-2026 06:09,2971.80,2972.00,2971.50,2971.70,20
31-08-2026 06:10,2971.70,2971.80,2971.30,2971.60,20
31-08-2026 06:11,2971.50,2971.80,2971.30,2971.70,18
31-08-2026 06:12,2971.60,2972.20,2971.50,2972.10,16
31-08-2026 06:13,2972.20,2972.20,2971.30,2971.30,21
31-08-2026 06:14,2971.30,2971.50,2971.10,2971.50,15
31-08-2026 06:15,2971.60,2971.60,2971.30,2971.40,21
31-08-2026 06:16,2971.30,2971.50,2971.20,2971.20,18
31-08-2026 06:17,2971.10,2971.50,2971.00,2971.50,11
31-08-2026 06:18,2971.50,2971.60,2971.30,2971.40,18
31-08-2026 06:19,2971.30,2972.00,2971.30,2971.90,17
31-08-2026 06:20,2971.80,2971.90,2971.60,2971.70,18
31-08-2026 06:21,2971.80,2971.80,2971.10,2971.30,23
31-08-2026 06:22,2971.50,2971.60,2971.10,2971.50,14
31-08-2026 06:23,2971.40,2971.60,2971.10,2971.60,22
31-08-2026 06:24,2971.50,2971.80,2971.20,2971.70,30
31-08-2026 06:25,2971.70,2971.80,2971.10,2971.10,22
31-08-2026 06:26,2971.00,2971.10,2970.30,2970.40,28
31-08-2026 06:27,2970.40,2970.90,2970.40,2970.70,22
31-08-2026 06:28,2970.80,2970.80,2970.60,2970.70,6
31-08-2026 06:29,2970.70,2970.90,2970.70,2970.90,6
31-08-2026 06:30,2970.80,2970.80,2969.00,2969.20,46
31-08-2026 06:31,2969.20,2969.20,2968.30,2969.00,59
31-08-2026 06:32,2969.10,2969.60,2968.50,2969.50,45
31-08-2026 06:33,2969.60,2970.20,2968.80,2969.60,57
31-08-2026 06:34,2969.70,2969.80,2969.20,2969.50,44
31-08-2026 06:35,2969.40,2969.50,2967.70,2967.70,48
31-08-2026 06:36,2967.70,2968.20,2967.10,2968.20,43
31-08-2026 06:37,2968.00,2968.20,2966.90,2967.60,36
31-08-2026 06:38,2967.40,2967.80,2967.20,2967.30,31
31-08-2026 06:39,2967.40,2967.50,2966.60,2966.70,29
31-08-2026 06:40,2966.90,2967.10,2965.40,2965.40,36
31-08-2026 06:41,2965.30,2965.50,2964.40,2965.50,40
31-08-2026 06:42,2965.40,2966.30,2965.40,2966.10,42
31-08-2026 06:43,2965.90,2966.60,2965.00,2966.50,39
31-08-2026 06:44,2966.40,2967.50,2966.20,2967.10,45
31-08-2026 06:45,2967.10,2967.40,2966.30,2966.40,60
31-08-2026 06:46,2966.20,2967.40,2966.20,2966.60,45
31-08-2026 06:47,2966.70,2967.30,2966.50,2966.60,41
31-08-2026 06:48,2966.60,2967.10,2966.30,2967.00,46
31-08-2026 06:49,2966.90,2968.10,2966.80,2967.70,48
31-08-2026 06:50,2967.60,2968.10,2967.10,2967.30,58
31-08-2026 06:51,2967.20,2967.40,2966.60,2967.30,53
31-08-2026 06:52,2967.30,2968.10,2967.10,2968.00,38
31-08-2026 06:53,2967.90,2968.20,2966.20,2966.20,52
31-08-2026 06:54,2966.20,2967.30,2966.10,2967.10,43
31-08-2026 06:55,2967.00,2967.10,2966.30,2966.70,44
31-08-2026 06:56,2966.60,2966.60,2966.10,2966.20,33
31-08-2026 06:57,2966.10,2966.80,2965.80,2966.40,33
31-08-2026 06:58,2966.50,2966.60,2966.20,2966.40,26
31-08-2026 06:59,2966.50,2966.70,2966.10,2966.50,31
31-08-2026 07:00,2966.40,2966.90,2965.90,2966.30,44
31-08-2026 07:01,2966.30,2966.60,2966.10,2966.20,21
31-08-2026 07:02,2966.30,2966.70,2966.00,2966.60,44
31-08-2026 07:03,2966.50,2966.50,2965.80,2966.00,34
31-08-2026 07:04,2965.80,2966.50,2965.30,2966.20,47
31-08-2026 07:05,2966.20,2966.70,2965.90,2966.10,49
31-08-2026 07:06,2966.00,2966.20,2965.60,2966.00,34
31-08-2026 07:07,2966.00,2967.00,2965.70,2967.00,31
31-08-2026 07:08,2966.90,2967.20,2966.40,2966.50,35
31-08-2026 07:09,2966.40,2968.10,2966.40,2967.60,38
31-08-2026 07:10,2967.70,2967.90,2967.10,2967.10,37
31-08-2026 07:11,2967.20,2967.40,2966.70,2967.30,32
31-08-2026 07:12,2967.40,2967.90,2967.10,2967.70,31
31-08-2026 07:13,2967.70,2967.90,2967.50,2967.60,24
31-08-2026 07:14,2967.50,2967.60,2966.60,2966.60,28
31-08-2026 07:15,2966.70,2967.70,2966.00,2967.70,38
31-08-2026 07:16,2967.70,2967.80,2966.90,2966.90,33
31-08-2026 07:17,2966.90,2967.20,2966.60,2966.90,32
31-08-2026 07:18,2967.10,2967.10,2966.60,2966.90,21
31-08-2026 07:19,2967.00,2967.20,2966.70,2967.10,29
31-08-2026 07:20,2967.00,2967.10,2966.50,2966.60,39
31-08-2026 07:21,2966.50,2967.20,2966.40,2966.60,34
31-08-2026 07:22,2966.40,2967.30,2966.40,2966.80,22
31-08-2026 07:23,2966.80,2966.80,2965.80,2966.60,36
31-08-2026 07:24,2966.60,2966.60,2965.90,2966.20,41
31-08-2026 07:25,2966.10,2966.90,2966.00,2966.60,26
31-08-2026 07:26,2966.60,2967.30,2966.50,2967.20,25
31-08-2026 07:27,2967.20,2967.20,2966.70,2967.10,36
31-08-2026 07:28,2967.10,2967.20,2966.70,2966.80,18
31-08-2026 07:29,2966.70,2967.40,2966.20,2967.20,37
31-08-2026 07:30,2967.40,2967.40,2966.40,2966.70,60
31-08-2026 07:31,2966.70,2967.40,2966.70,2966.80,30
31-08-2026 07:32,2966.80,2967.60,2966.80,2967.00,34
31-08-2026 07:33,2967.00,2967.20,2966.30,2967.10,52
31-08-2026 07:34,2967.10,2967.50,2967.00,2967.40,30
31-08-2026 07:35,2967.40,2967.70,2966.90,2967.60,31
31-08-2026 07:36,2967.80,2967.90,2967.50,2967.90,32
31-08-2026 07:37,2967.90,2968.10,2967.30,2967.60,22
31-08-2026 07:38,2967.60,2968.60,2967.60,2968.60,24
31-08-2026 07:39,2968.60,2968.90,2968.50,2968.60,26
31-08-2026 07:40,2968.70,2969.20,2968.70,2968.80,31
31-08-2026 07:41,2968.80,2969.00,2968.60,2968.80,18
31-08-2026 07:42,2968.70,2969.00,2968.40,2969.00,21
31-08-2026 07:43,2969.00,2969.70,2969.00,2969.70,17
31-08-2026 07:44,2969.60,2969.80,2969.40,2969.40,14
31-08-2026 07:45,2969.50,2969.50,2968.70,2968.80,18
31-08-2026 07:46,2968.80,2969.00,2968.50,2969.00,25
31-08-2026 07:47,2969.00,2969.30,2968.70,2968.80,16
31-08-2026 07:48,2968.70,2968.70,2966.60,2966.90,44
31-08-2026 07:49,2967.10,2967.60,2965.80,2967.30,82
31-08-2026 07:50,2967.10,2967.20,2966.10,2966.70,69
31-08-2026 07:51,2966.80,2967.00,2966.50,2966.70,31
31-08-2026 07:52,2966.70,2967.10,2966.50,2966.50,39
31-08-2026 07:53,2966.70,2966.70,2966.30,2966.30,25
31-08-2026 07:54,2966.30,2967.20,2966.30,2966.60,25
31-08-2026 07:55,2966.70,2966.90,2965.80,2965.80,42
31-08-2026 07:56,2965.90,2966.40,2965.80,2966.30,32
31-08-2026 07:57,2966.40,2967.80,2966.20,2967.80,30
31-08-2026 07:58,2967.70,2968.20,2967.70,2968.00,11
31-08-2026 07:59,2968.00,2968.10,2967.60,2967.70,17
31-08-2026 08:00,2967.50,2968.10,2967.50,2967.70,38
31-08-2026 08:01,2967.80,2968.30,2967.20,2967.40,40
31-08-2026 08:02,2967.20,2967.40,2966.50,2967.00,24
31-08-2026 08:03,2967.10,2967.20,2966.70,2966.70,21
31-08-2026 08:04,2966.80,2966.80,2966.00,2966.00,42
31-08-2026 08:05,2965.90,2966.10,2965.30,2965.60,37
31-08-2026 08:06,2965.60,2966.30,2965.40,2966.20,36
31-08-2026 08:07,2966.30,2967.00,2966.30,2966.70,38
31-08-2026 08:08,2966.70,2966.90,2966.20,2966.50,37
31-08-2026 08:09,2966.50,2966.80,2966.30,2966.70,24
31-08-2026 08:10,2966.50,2966.50,2965.40,2965.40,33
31-08-2026 08:11,2965.50,2966.20,2965.50,2965.90,25
31-08-2026 08:12,2966.00,2966.20,2965.80,2966.20,15
31-08-2026 08:13,2966.10,2966.90,2966.10,2966.70,18
31-08-2026 08:14,2966.80,2966.80,2966.10,2966.20,23
31-08-2026 08:15,2966.40,2967.20,2966.20,2966.90,29
31-08-2026 08:16,2967.00,2967.20,2966.90,2967.20,11
31-08-2026 08:17,2967.20,2967.30,2966.70,2966.90,20
31-08-2026 08:18,2966.90,2967.00,2966.00,2966.00,24
31-08-2026 08:19,2966.00,2966.10,2965.60,2965.90,29
31-08-2026 08:20,2965.90,2966.10,2965.50,2965.90,35
31-08-2026 08:21,2965.70,2965.70,2965.20,2965.50,19
31-08-2026 08:22,2965.50,2965.70,2965.40,2965.60,13
31-08-2026 08:23,2965.60,2966.20,2965.60,2966.20,12
31-08-2026 08:24,2966.30,2966.90,2966.10,2966.80,16
31-08-2026 08:25,2966.70,2967.20,2966.60,2967.00,9
31-08-2026 08:26,2966.90,2967.10,2966.90,2967.10,9
31-08-2026 08:27,2967.20,2967.40,2967.20,2967.40,9
31-08-2026 08:28,2967.40,2967.80,2967.40,2967.60,11
31-08-2026 08:29,2967.70,2968.30,2967.70,2968.20,12
31-08-2026 08:30,2968.20,2968.60,2967.60,2968.10,23
31-08-2026 08:31,2967.90,2969.00,2967.90,2968.90,25
31-08-2026 08:32,2969.00,2969.60,2969.00,2969.60,18
31-08-2026 08:33,2969.70,2969.80,2969.20,2969.40,15
31-08-2026 08:34,2969.40,2969.50,2968.80,2968.80,17
31-08-2026 08:35,2968.80,2969.40,2968.80,2969.10,23
31-08-2026 08:36,2969.00,2969.30,2968.90,2969.30,16
31-08-2026 08:37,2969.40,2969.40,2969.00,2969.10,11
31-08-2026 08:38,2969.20,2969.40,2969.10,2969.40,9
31-08-2026 08:39,2969.40,2969.40,2969.10,2969.40,8
31-08-2026 08:40,2969.50,2969.70,2969.00,2969.50,19
31-08-2026 08:41,2969.40,2969.90,2969.40,2969.70,22
31-08-2026 08:42,2969.60,2970.00,2969.60,2969.70,17
31-08-2026 08:43,2969.80,2970.10,2969.70,2970.10,18
31-08-2026 08:44,2970.10,2970.30,2969.60,2969.60,19
31-08-2026 08:45,2969.50,2969.60,2969.30,2969.40,17
31-08-2026 08:46,2969.40,2970.00,2969.40,2969.80,22
31-08-2026 08:47,2969.90,2970.00,2969.60,2969.90,19
31-08-2026 08:48,2969.80,2969.90,2969.80,2969.90,2
31-08-2026 08:49,2969.80,2970.00,2969.50,2969.60,13
31-08-2026 08:50,2969.50,2969.70,2969.50,2969.60,12
31-08-2026 08:51,2969.60,2969.70,2969.60,2969.70,8
31-08-2026 08:52,2969.70,2969.90,2969.50,2969.70,13
31-08-2026 08:53,2969.70,2969.90,2969.50,2969.70,14
31-08-2026 08:54,2969.60,2969.90,2969.50,2969.90,13
31-08-2026 08:55,2969.90,2970.20,2969.90,2970.20,12
31-08-2026 08:56,2970.10,2970.20,2970.00,2970.10,11
31-08-2026 08:57,2970.00,2970.20,2969.80,2969.90,12
31-08-2026 08:58,2970.00,2970.10,2970.00,2970.00,3
31-08-2026 08:59,2969.90,2970.00,2969.90,2969.90,5
31-08-2026 09:00,2969.90,2969.90,2969.50,2969.60,14
31-08-2026 09:01,2969.50,2969.90,2969.40,2969.90,18
31-08-2026 09:02,2970.00,2970.00,2969.50,2969.60,20
31-08-2026 09:03,2969.50,2969.60,2969.40,2969.50,13
31-08-2026 09:04,2969.50,2969.70,2969.10,2969.10,17
31-08-2026 09:05,2969.20,2969.20,2969.00,2969.10,10
31-08-2026 09:06,2969.00,2969.10,2968.40,2968.90,27
31-08-2026 09:07,2969.00,2969.20,2968.70,2968.80,16
31-08-2026 09:08,2968.80,2968.90,2968.70,2968.70,8
31-08-2026 09:09,2968.80,2968.80,2968.50,2968.50,19
31-08-2026 09:10,2968.50,2969.00,2968.40,2968.60,27
31-08-2026 09:11,2968.60,2968.90,2968.40,2968.80,18
31-08-2026 09:12,2968.60,2968.60,2968.40,2968.60,8
31-08-2026 09:13,2968.50,2969.00,2968.50,2968.70,16
31-08-2026 09:14,2968.80,2969.00,2968.80,2968.80,8
31-08-2026 09:15,2968.80,2969.00,2968.70,2968.70,5
31-08-2026 09:16,2968.70,2969.00,2968.60,2968.80,7
31-08-2026 09:17,2968.80,2969.00,2968.70,2968.80,11
31-08-2026 09:18,2969.00,2969.20,2968.80,2968.90,10
31-08-2026 09:19,2969.00,2969.10,2968.80,2968.80,15
31-08-2026 09:20,2968.90,2969.00,2968.80,2968.90,11
31-08-2026 09:21,2968.80,2968.90,2968.80,2968.90,8
31-08-2026 09:22,2968.80,2969.00,2968.60,2968.60,8
31-08-2026 09:23,2968.60,2968.70,2968.60,2968.60,3
31-08-2026 09:24,2968.60,2968.80,2968.50,2968.80,10
31-08-2026 09:25,2968.80,2969.10,2968.80,2969.10,6
31-08-2026 09:26,2969.20,2969.20,2968.90,2968.90,9
31-08-2026 09:27,2968.80,2969.00,2968.70,2968.80,12
31-08-2026 09:28,2968.80,2968.90,2968.70,2968.90,9
31-08-2026 09:29,2968.80,2969.20,2968.80,2969.20,14
31-08-2026 09:30,2969.00,2969.00,2968.70,2968.80,7
31-08-2026 09:31,2968.70,2968.90,2968.60,2968.90,6
31-08-2026 09:32,2968.80,2968.90,2968.70,2968.70,13
31-08-2026 09:33,2968.80,2969.00,2968.60,2969.00,11
31-08-2026 09:34,2968.90,2968.90,2968.60,2968.90,17
31-08-2026 09:35,2968.80,2969.00,2968.40,2968.50,36
31-08-2026 09:36,2968.50,2968.60,2968.40,2968.50,9
31-08-2026 09:37,2968.60,2969.00,2968.60,2968.70,11
31-08-2026 09:38,2968.80,2968.80,2968.70,2968.70,2
31-08-2026 09:39,2968.60,2968.60,2968.40,2968.60,20
31-08-2026 09:40,2968.50,2968.60,2968.50,2968.50,7
31-08-2026 09:41,2968.40,2968.40,2968.20,2968.30,7
31-08-2026 09:42,2968.30,2968.40,2968.20,2968.30,6
31-08-2026 09:43,2968.30,2968.60,2968.30,2968.60,9
31-08-2026 09:44,2968.40,2968.70,2968.40,2968.70,8
31-08-2026 09:45,2968.70,2968.70,2968.00,2968.10,11
31-08-2026 09:46,2968.20,2968.60,2968.20,2968.60,6
31-08-2026 09:47,2968.70,2968.70,2968.40,2968.40,8
31-08-2026 09:48,2968.50,2968.60,2968.40,2968.40,10
31-08-2026 09:49,2968.50,2968.70,2968.30,2968.40,14
31-08-2026 09:50,2968.40,2968.70,2968.40,2968.60,11
31-08-2026 09:51,2968.50,2968.60,2968.40,2968.50,9
31-08-2026 09:52,2968.50,2968.60,2968.40,2968.50,9
31-08-2026 09:53,2968.60,2968.60,2968.30,2968.30,12
31-08-2026 09:54,2968.30,2968.60,2968.30,2968.60,8
31-08-2026 09:55,2968.60,2968.80,2968.60,2968.80,2
31-08-2026 09:56,2968.80,2968.80,2968.50,2968.80,13
31-08-2026 09:57,2968.90,2968.90,2968.50,2968.50,5
31-08-2026 09:58,2968.50,2968.60,2968.50,2968.60,10
31-08-2026 09:59,2968.60,2968.70,2968.40,2968.60,12
31-08-2026 10:00,2968.70,2968.70,2968.50,2968.60,8
31-08-2026 10:01,2968.50,2968.50,2968.10,2968.20,16
31-08-2026 10:02,2968.30,2968.30,2968.00,2968.10,7
31-08-2026 10:03,2968.00,2968.00,2967.70,2967.90,7
31-08-2026 10:04,2968.00,2968.00,2967.90,2968.00,3
31-08-2026 10:05,2968.20,2968.80,2968.20,2968.80,11
31-08-2026 10:06,2968.80,2969.40,2968.80,2969.40,22
31-08-2026 10:07,2969.40,2970.10,2969.40,2969.70,17
31-08-2026 10:08,2969.80,2970.00,2969.60,2969.90,17
31-08-2026 10:09,2970.00,2970.10,2969.80,2970.10,8
31-08-2026 10:10,2970.10,2970.30,2969.60,2969.60,14
31-08-2026 10:11,2969.60,2969.90,2969.50,2969.90,18
31-08-2026 10:12,2970.00,2970.10,2969.80,2969.90,6
31-08-2026 10:13,2969.80,2969.80,2969.60,2969.80,11
31-08-2026 10:14,2969.80,2970.40,2969.80,2970.40,7
31-08-2026 10:15,2970.30,2970.30,2970.00,2970.00,6
31-08-2026 10:16,2970.00,2970.40,2970.00,2970.20,8
31-08-2026 10:17,2970.30,2970.50,2970.20,2970.30,9
31-08-2026 10:18,2970.20,2970.20,2969.60,2969.70,12
31-08-2026 10:19,2969.50,2969.70,2969.40,2969.40,10
31-08-2026 10:20,2969.60,2969.70,2969.60,2969.70,4
31-08-2026 10:21,2969.60,2970.00,2969.60,2970.00,6
31-08-2026 10:22,2970.00,2970.30,2970.00,2970.20,12
31-08-2026 10:23,2970.20,2970.60,2970.20,2970.50,12
31-08-2026 10:24,2970.60,2970.90,2970.50,2970.80,13
31-08-2026 10:25,2970.90,2971.10,2970.90,2971.00,7
31-08-2026 10:26,2971.10,2971.40,2970.90,2971.30,14
31-08-2026 10:27,2971.40,2972.30,2971.40,2972.10,29
31-08-2026 10:28,2972.20,2972.40,2971.80,2972.30,21
31-08-2026 10:29,2972.20,2972.20,2971.50,2971.50,14
31-08-2026 10:30,2971.30,2971.70,2970.90,2971.60,36
31-08-2026 10:31,2971.60,2972.10,2971.50,2971.80,25
31-08-2026 10:32,2971.90,2972.30,2971.80,2971.90,19
31-08-2026 10:33,2972.00,2972.00,2971.70,2971.70,13
31-08-2026 10:34,2971.70,2972.40,2971.60,2972.10,23
31-08-2026 10:35,2972.20,2972.80,2972.10,2972.30,20
31-08-2026 10:36,2972.20,2972.40,2972.10,2972.40,10
31-08-2026 10:37,2972.40,2972.60,2971.90,2972.00,13
31-08-2026 10:38,2972.00,2972.10,2971.90,2972.10,7
31-08-2026 10:39,2972.00,2972.10,2971.80,2971.80,17
31-08-2026 10:40,2971.70,2971.90,2971.50,2971.90,10
31-08-2026 10:41,2971.90,2971.90,2971.70,2971.90,5
31-08-2026 10:42,2971.90,2972.10,2971.90,2972.10,3
31-08-2026 10:43,2972.10,2972.80,2972.10,2972.70,12
31-08-2026 10:44,2972.80,2973.20,2972.60,2973.10,14
31-08-2026 10:45,2973.10,2973.50,2973.00,2973.40,16
31-08-2026 10:46,2973.40,2973.40,2973.10,2973.10,4
31-08-2026 10:47,2973.10,2973.30,2973.00,2973.20,15
31-08-2026 10:48,2973.20,2974.60,2973.20,2974.30,26
31-08-2026 10:49,2974.30,2974.60,2974.20,2974.30,20
31-08-2026 10:50,2974.20,2974.30,2973.50,2973.70,22
31-08-2026 10:51,2973.60,2973.70,2973.20,2973.60,15
31-08-2026 10:52,2973.50,2973.60,2973.30,2973.40,25
31-08-2026 10:53,2973.40,2973.60,2973.20,2973.60,10
31-08-2026 10:54,2973.50,2973.60,2973.30,2973.50,10
31-08-2026 10:55,2973.40,2973.80,2973.40,2973.80,16
31-08-2026 10:56,2973.80,2973.90,2973.40,2973.40,11
31-08-2026 10:57,2973.50,2973.60,2973.20,2973.50,10
31-08-2026 10:58,2973.50,2973.50,2973.10,2973.20,8
31-08-2026 10:59,2973.10,2973.20,2972.90,2972.90,6
31-08-2026 11:00,2973.00,2973.00,2972.40,2972.40,37
31-08-2026 11:01,2972.30,2972.30,2971.60,2971.80,17
31-08-2026 11:02,2971.90,2971.90,2970.80,2970.90,22
31-08-2026 11:03,2971.00,2971.20,2970.80,2971.10,22
31-08-2026 11:04,2971.00,2971.70,2971.00,2971.20,13
31-08-2026 11:05,2971.10,2971.50,2971.00,2971.30,15
31-08-2026 11:06,2971.30,2971.40,2970.50,2970.50,15
31-08-2026 11:07,2970.50,2970.80,2970.40,2970.60,13
31-08-2026 11:08,2970.50,2971.10,2970.40,2970.70,17
31-08-2026 11:09,2970.60,2970.70,2970.60,2970.70,12
31-08-2026 11:10,2970.60,2970.90,2970.30,2970.40,30
31-08-2026 11:11,2970.50,2971.40,2970.30,2971.40,14
31-08-2026 11:12,2971.40,2972.50,2971.40,2972.50,21
31-08-2026 11:13,2972.60,2972.70,2972.10,2972.10,17
31-08-2026 11:14,2972.20,2972.30,2971.90,2972.30,12
31-08-2026 11:15,2972.30,2972.90,2972.30,2972.40,25
31-08-2026 11:16,2972.30,2972.60,2972.20,2972.20,21
31-08-2026 11:17,2972.10,2972.60,2972.10,2972.60,19
31-08-2026 11:18,2972.50,2973.30,2972.30,2973.10,18
31-08-2026 11:19,2973.10,2973.30,2973.10,2973.30,4
31-08-2026 11:20,2973.30,2973.40,2973.00,2973.10,18
31-08-2026 11:21,2972.90,2973.20,2972.90,2973.00,17
31-08-2026 11:22,2973.00,2973.30,2972.90,2973.20,19
31-08-2026 11:23,2973.30,2973.60,2973.10,2973.30,15
31-08-2026 11:24,2973.20,2973.40,2973.10,2973.40,9
31-08-2026 11:25,2973.40,2973.60,2973.30,2973.40,13
31-08-2026 11:26,2973.50,2973.60,2973.30,2973.60,9
31-08-2026 11:27,2973.50,2973.90,2973.40,2973.90,10
31-08-2026 11:28,2973.90,2973.90,2973.60,2973.80,8
31-08-2026 11:29,2973.70,2974.10,2973.60,2973.90,8
31-08-2026 11:30,2974.00,2974.00,2973.20,2973.50,26
31-08-2026 11:31,2973.40,2973.70,2973.30,2973.50,16
31-08-2026 11:32,2973.30,2973.60,2973.10,2973.30,21
31-08-2026 11:33,2973.30,2973.40,2973.00,2973.20,13
31-08-2026 11:34,2973.10,2973.50,2973.10,2973.50,8
31-08-2026 11:35,2973.60,2974.10,2973.40,2974.00,29
31-08-2026 11:36,2973.90,2974.50,2973.90,2973.90,16
31-08-2026 11:37,2973.90,2974.20,2973.70,2974.00,21
31-08-2026 11:38,2974.00,2974.10,2973.80,2974.00,9
31-08-2026 11:39,2974.00,2974.50,2974.00,2974.30,6
31-08-2026 11:40,2974.30,2974.30,2974.00,2974.10,8
31-08-2026 11:41,2974.10,2974.40,2974.00,2974.20,11
31-08-2026 11:42,2974.20,2974.50,2974.10,2974.30,8
31-08-2026 11:43,2974.20,2974.30,2974.10,2974.10,6
31-08-2026 11:44,2974.10,2974.80,2974.10,2974.70,13
31-08-2026 11:45,2974.70,2975.60,2974.70,2975.60,19
31-08-2026 11:46,2975.50,2975.60,2975.10,2975.30,10
31-08-2026 11:47,2975.20,2975.20,2975.00,2975.10,6
31-08-2026 11:48,2975.10,2975.40,2974.90,2974.90,20
31-08-2026 11:49,2974.90,2975.20,2974.90,2975.00,8
31-08-2026 11:50,2975.00,2975.90,2975.00,2975.80,19
31-08-2026 11:51,2975.60,2976.30,2975.60,2976.30,22
31-08-2026 11:52,2976.50,2976.50,2976.00,2976.00,13
31-08-2026 11:53,2976.10,2976.10,2975.80,2975.90,8
31-08-2026 11:54,2975.90,2976.40,2975.90,2976.30,12
31-08-2026 11:55,2976.40,2977.20,2976.40,2977.00,23
31-08-2026 11:56,2977.00,2977.00,2976.60,2976.70,10
31-08-2026 11:57,2976.70,2977.20,2976.40,2977.20,11
31-08-2026 11:58,2977.20,2977.20,2976.80,2977.10,14
31-08-2026 11:59,2977.10,2977.70,2977.10,2977.70,15
31-08-2026 12:00,2977.90,2977.90,2976.90,2977.40,25
31-08-2026 12:01,2977.50,2977.70,2977.20,2977.30,17
31-08-2026 12:02,2977.40,2977.90,2977.30,2977.80,25
31-08-2026 12:03,2977.70,2977.70,2977.40,2977.60,20
31-08-2026 12:04,2977.60,2977.60,2977.30,2977.30,14
31-08-2026 12:05,2977.40,2977.60,2977.00,2977.60,18
31-08-2026 12:06,2977.60,2978.00,2977.50,2977.80,15
31-08-2026 12:07,2977.90,2977.90,2977.70,2977.70,5
31-08-2026 12:08,2977.70,2978.00,2977.60,2977.90,11
31-08-2026 12:09,2977.90,2978.10,2977.80,2977.80,14
31-08-2026 12:10,2977.70,2977.70,2977.40,2977.50,12
31-08-2026 12:11,2977.50,2977.60,2977.20,2977.40,8
31-08-2026 12:12,2977.30,2977.50,2977.10,2977.10,10
31-08-2026 12:13,2977.00,2977.20,2976.80,2977.20,8
31-08-2026 12:14,2977.30,2977.90,2977.30,2977.50,14
31-08-2026 12:15,2977.30,2977.60,2977.30,2977.60,4
31-08-2026 12:16,2977.50,2978.50,2977.50,2978.40,25
31-08-2026 12:17,2978.30,2978.40,2977.80,2977.80,17
31-08-2026 12:18,2977.80,2978.30,2977.70,2978.10,21
31-08-2026 12:19,2978.00,2978.30,2977.70,2978.20,11
31-08-2026 12:20,2978.20,2978.20,2977.50,2977.50,10
31-08-2026 12:21,2977.60,2978.50,2977.60,2978.50,15
31-08-2026 12:22,2978.40,2978.50,2978.20,2978.20,8
31-08-2026 12:23,2978.00,2978.30,2977.90,2978.20,13
31-08-2026 12:24,2978.10,2978.90,2978.00,2978.80,10
31-08-2026 12:25,2978.80,2979.30,2978.70,2979.00,19
31-08-2026 12:26,2978.90,2979.00,2978.70,2978.80,7
31-08-2026 12:27,2978.70,2978.80,2978.60,2978.80,8
31-08-2026 12:28,2978.90,2979.40,2978.90,2979.10,17
31-08-2026 12:29,2979.00,2979.20,2978.90,2979.10,12
31-08-2026 12:30,2978.80,2979.10,2977.30,2977.90,48
31-08-2026 12:31,2978.00,2978.20,2977.50,2977.80,21
31-08-2026 12:32,2977.70,2977.70,2976.90,2977.20,22
31-08-2026 12:33,2977.10,2977.20,2976.90,2976.90,17
31-08-2026 12:34,2977.00,2977.60,2976.80,2977.60,20
31-08-2026 12:35,2977.60,2977.80,2977.30,2977.60,26
31-08-2026 12:36,2977.50,2978.00,2977.20,2977.90,26
31-08-2026 12:37,2977.80,2978.50,2977.40,2978.50,22
31-08-2026 12:38,2978.40,2978.70,2977.90,2978.00,16
31-08-2026 12:39,2978.10,2978.60,2978.00,2978.20,18
31-08-2026 12:40,2978.30,2978.80,2978.10,2978.60,21
31-08-2026 12:41,2978.60,2978.70,2978.50,2978.60,8
31-08-2026 12:42,2978.50,2979.30,2978.50,2979.00,18
31-08-2026 12:43,2979.00,2979.00,2978.30,2978.60,17
31-08-2026 12:44,2978.60,2979.40,2978.60,2979.40,13
31-08-2026 12:45,2979.30,2979.60,2979.00,2979.40,30
31-08-2026 12:46,2979.50,2980.00,2979.40,2979.40,17
31-08-2026 12:47,2979.50,2980.10,2979.40,2979.90,28
31-08-2026 12:48,2979.80,2980.30,2979.80,2979.90,15
31-08-2026 12:49,2980.00,2980.10,2979.40,2979.60,15
31-08-2026 12:50,2979.80,2980.00,2979.50,2979.70,16
31-08-2026 12:51,2979.80,2980.30,2979.80,2980.00,23
31-08-2026 12:52,2980.10,2980.60,2979.60,2979.60,21
31-08-2026 12:53,2979.70,2979.70,2979.40,2979.60,12
31-08-2026 12:54,2979.70,2980.40,2979.70,2980.30,20
31-08-2026 12:55,2980.20,2980.30,2978.90,2978.90,22
31-08-2026 12:56,2978.80,2979.60,2978.80,2979.60,19
31-08-2026 12:57,2979.60,2980.00,2979.60,2979.90,14
31-08-2026 12:58,2980.00,2980.30,2979.70,2979.80,26
31-08-2026 12:59,2979.70,2979.80,2979.30,2979.50,17
31-08-2026 13:00,2979.50,2979.90,2979.40,2979.50,22
31-08-2026 13:01,2979.40,2979.50,2979.10,2979.20,22
31-08-2026 13:02,2979.10,2979.40,2978.80,2978.90,21
31-08-2026 13:03,2979.00,2979.20,2978.80,2979.20,22
31-08-2026 13:04,2979.30,2979.80,2979.30,2979.50,23
31-08-2026 13:05,2979.40,2980.40,2979.40,2980.20,22
31-08-2026 13:06,2980.30,2980.70,2980.30,2980.70,17
31-08-2026 13:07,2980.50,2980.50,2979.60,2980.00,23
31-08-2026 13:08,2980.00,2980.00,2979.60,2979.70,14
31-08-2026 13:09,2979.60,2979.70,2979.30,2979.50,20
31-08-2026 13:10,2979.30,2979.30,2979.00,2979.10,17
31-08-2026 13:11,2979.20,2979.80,2979.20,2979.60,21
31-08-2026 13:12,2979.50,2979.70,2979.40,2979.40,12
31-08-2026 13:13,2979.30,2979.50,2979.00,2979.40,12
31-08-2026 13:14,2979.50,2979.90,2979.40,2979.80,16
31-08-2026 13:15,2979.90,2979.90,2979.60,2979.60,17
31-08-2026 13:16,2979.50,2979.70,2979.30,2979.50,17
31-08-2026 13:17,2979.40,2979.40,2979.20,2979.30,11
31-08-2026 13:18,2979.30,2979.60,2979.20,2979.50,12
31-08-2026 13:19,2979.30,2979.40,2978.80,2979.10,18
31-08-2026 13:20,2979.00,2979.20,2978.70,2978.90,9
31-08-2026 13:21,2978.80,2978.90,2978.60,2978.80,11
31-08-2026 13:22,2978.80,2978.80,2977.90,2978.10,14
31-08-2026 13:23,2978.10,2978.80,2978.00,2978.70,20
31-08-2026 13:24,2978.70,2979.10,2978.50,2979.00,19
31-08-2026 13:25,2979.00,2979.00,2978.80,2979.00,6
31-08-2026 13:26,2979.10,2979.20,2978.50,2978.50,22
31-08-2026 13:27,2978.60,2978.80,2978.50,2978.70,12
31-08-2026 13:28,2978.60,2978.80,2978.50,2978.50,17
31-08-2026 13:29,2978.50,2979.30,2978.40,2979.10,14
31-08-2026 13:30,2979.30,2980.00,2978.10,2980.00,63
31-08-2026 13:31,2980.10,2981.60,2980.10,2981.20,55
31-08-2026 13:32,2981.30,2981.40,2980.50,2980.70,33
31-08-2026 13:33,2980.70,2980.70,2980.00,2980.40,42
31-08-2026 13:34,2980.50,2981.00,2980.40,2980.80,24
31-08-2026 13:35,2980.70,2981.30,2980.40,2980.90,24
31-08-2026 13:36,2980.80,2980.90,2980.30,2980.30,26
31-08-2026 13:37,2980.30,2980.60,2979.60,2980.40,38
31-08-2026 13:38,2980.50,2981.80,2980.50,2981.70,27
31-08-2026 13:39,2981.50,2981.70,2981.10,2981.40,24
31-08-2026 13:40,2981.50,2981.60,2981.30,2981.50,16
31-08-2026 13:41,2981.50,2982.00,2981.40,2982.00,18
31-08-2026 13:42,2981.90,2982.00,2980.50,2980.70,23
31-08-2026 13:43,2980.60,2980.70,2979.70,2979.70,21
31-08-2026 13:44,2979.80,2980.10,2979.80,2979.80,21
31-08-2026 13:45,2979.60,2980.10,2979.50,2980.10,26
31-08-2026 13:46,2980.10,2980.60,2979.90,2980.60,22
31-08-2026 13:47,2980.70,2981.00,2980.30,2980.50,21
31-08-2026 13:48,2980.60,2980.70,2980.40,2980.70,22
31-08-2026 13:49,2980.90,2981.00,2980.50,2980.60,17
31-08-2026 13:50,2980.60,2980.60,2979.80,2980.30,27
31-08-2026 13:51,2980.30,2980.90,2980.20,2980.70,26
31-08-2026 13:52,2980.60,2980.90,2980.60,2980.60,23
31-08-2026 13:53,2980.70,2980.70,2980.30,2980.60,11
31-08-2026 13:54,2980.60,2981.00,2980.50,2980.70,25
31-08-2026 13:55,2980.60,2981.10,2980.50,2980.80,18
31-08-2026 13:56,2980.90,2981.60,2980.90,2981.50,17
31-08-2026 13:57,2981.60,2981.60,2981.20,2981.30,12
31-08-2026 13:58,2981.30,2981.70,2981.30,2981.30,7
31-08-2026 13:59,2981.40,2981.50,2980.80,2981.00,22
31-08-2026 14:00,2980.80,2981.30,2980.60,2980.90,40
31-08-2026 14:01,2980.80,2981.00,2980.30,2980.40,29
31-08-2026 14:02,2980.30,2980.60,2980.30,2980.50,20
31-08-2026 14:03,2980.50,2980.60,2980.20,2980.30,20
31-08-2026 14:04,2980.20,2980.90,2980.20,2980.90,15
31-08-2026 14:05,2980.80,2981.30,2980.70,2980.80,21
31-08-2026 14:06,2980.90,2981.00,2980.50,2980.80,20
31-08-2026 14:07,2980.80,2981.30,2980.70,2980.80,23
31-08-2026 14:08,2980.70,2981.00,2980.70,2981.00,12
31-08-2026 14:09,2980.90,2980.90,2980.40,2980.60,9
31-08-2026 14:10,2980.60,2980.90,2980.50,2980.50,14
31-08-2026 14:11,2980.60,2980.70,2980.10,2980.10,14
31-08-2026 14:12,2980.10,2980.40,2979.80,2979.90,18
31-08-2026 14:13,2980.00,2980.30,2979.90,2979.90,12
31-08-2026 14:14,2979.90,2980.50,2979.80,2980.50,19
31-08-2026 14:15,2980.30,2980.60,2980.20,2980.60,23
31-08-2026 14:16,2980.50,2980.80,2980.40,2980.60,14
31-08-2026 14:17,2980.50,2980.90,2980.50,2980.80,12
31-08-2026 14:18,2980.70,2980.70,2980.40,2980.60,22
31-08-2026 14:19,2980.70,2980.90,2980.70,2980.80,6
31-08-2026 14:20,2980.90,2981.00,2980.60,2980.80,8
31-08-2026 14:21,2980.70,2981.10,2980.70,2980.90,15
31-08-2026 14:22,2980.90,2981.30,2980.80,2981.30,17
31-08-2026 14:23,2981.20,2981.20,2980.80,2981.10,20
31-08-2026 14:24,2981.00,2981.30,2980.80,2980.80,14
31-08-2026 14:25,2980.70,2981.20,2980.70,2981.20,13
31-08-2026 14:26,2981.10,2981.20,2980.70,2980.70,10
31-08-2026 14:27,2980.60,2980.90,2980.60,2980.90,10
31-08-2026 14:28,2980.90,2980.90,2980.00,2980.00,21
31-08-2026 14:29,2980.00,2980.50,2980.00,2980.50,17
31-08-2026 14:30,2980.30,2980.80,2980.00,2980.80,31
31-08-2026 14:31,2981.00,2981.00,2980.40,2980.90,25
31-08-2026 14:32,2980.80,2981.00,2980.50,2980.50,20
31-08-2026 14:33,2980.50,2980.50,2979.90,2980.20,31
31-08-2026 14:34,2980.10,2980.30,2979.90,2980.20,19
31-08-2026 14:35,2980.10,2980.90,2980.10,2980.70,23
31-08-2026 14:36,2980.60,2980.60,2980.40,2980.60,9
31-08-2026 14:37,2980.50,2981.20,2980.30,2980.70,27
31-08-2026 14:38,2980.60,2980.90,2980.60,2980.90,21
31-08-2026 14:39,2980.70,2981.00,2980.60,2981.00,17
31-08-2026 14:40,2981.10,2981.20,2980.90,2981.10,24
31-08-2026 14:41,2981.10,2981.30,2980.90,2980.90,13
31-08-2026 14:42,2980.80,2981.00,2980.50,2980.90,20
31-08-2026 14:43,2980.90,2981.40,2980.90,2981.30,19
31-08-2026 14:44,2981.30,2981.40,2980.90,2981.10,19
31-08-2026 14:45,2981.20,2981.80,2981.10,2981.80,24
31-08-2026 14:46,2981.90,2982.30,2981.80,2982.10,17
31-08-2026 14:47,2982.00,2982.10,2981.50,2981.60,15
31-08-2026 14:48,2981.60,2982.10,2981.60,2982.10,17
31-08-2026 14:49,2982.00,2982.40,2982.00,2982.40,17
31-08-2026 14:50,2982.30,2982.50,2982.30,2982.40,14
31-08-2026 14:51,2982.30,2982.40,2982.20,2982.30,9
31-08-2026 14:52,2982.20,2982.20,2981.50,2981.70,14
31-08-2026 14:53,2981.70,2981.80,2981.40,2981.50,9
31-08-2026 14:54,2981.50,2982.40,2981.50,2982.30,23
31-08-2026 14:55,2982.30,2982.30,2982.10,2982.10,9
31-08-2026 14:56,2982.00,2982.30,2982.00,2982.20,5
31-08-2026 14:57,2982.00,2982.20,2981.80,2982.10,11
31-08-2026 14:58,2982.00,2982.20,2981.90,2982.00,11
31-08-2026 14:59,2982.00,2982.00,2981.20,2981.20,18
31-08-2026 15:00,2981.30,2981.50,2981.00,2981.00,17
31-08-2026 15:01,2981.00,2981.10,2980.10,2980.50,18
31-08-2026 15:02,2980.60,2980.70,2980.50,2980.60,9
31-08-2026 15:03,2980.50,2980.60,2980.30,2980.30,6
31-08-2026 15:04,2980.40,2980.60,2980.30,2980.50,10
31-08-2026 15:05,2980.40,2980.50,2980.20,2980.50,11
31-08-2026 15:06,2980.50,2980.80,2980.40,2980.80,12
31-08-2026 15:07,2980.90,2980.90,2980.30,2980.30,9
31-08-2026 15:08,2980.30,2980.80,2980.00,2980.00,16
31-08-2026 15:09,2980.10,2980.10,2979.80,2979.80,20
31-08-2026 15:10,2979.70,2979.90,2979.30,2979.50,21
31-08-2026 15:11,2979.40,2980.00,2979.40,2979.90,15
31-08-2026 15:12,2979.80,2980.20,2979.80,2979.90,15
31-08-2026 15:13,2980.00,2980.30,2980.00,2980.00,11
31-08-2026 15:14,2980.00,2980.30,2980.00,2980.10,14
31-08-2026 15:15,2980.10,2980.40,2980.10,2980.10,12
31-08-2026 15:16,2980.10,2980.20,2979.70,2979.70,15
31-08-2026 15:17,2979.80,2979.80,2979.20,2979.30,14
31-08-2026 15:18,2979.30,2979.50,2979.10,2979.10,13
31-08-2026 15:19,2979.10,2979.10,2978.40,2978.50,19
31-08-2026 15:20,2978.30,2978.70,2978.30,2978.50,18
31-08-2026 15:21,2978.50,2978.50,2978.30,2978.50,5
31-08-2026 15:22,2978.50,2978.50,2978.10,2978.10,9
31-08-2026 15:23,2978.20,2978.60,2978.20,2978.50,9
31-08-2026 15:24,2978.60,2978.80,2978.40,2978.40,7
31-08-2026 15:25,2978.40,2978.60,2978.20,2978.20,10
31-08-2026 15:26,2978.10,2978.10,2977.80,2978.10,9
31-08-2026 15:27,2978.20,2978.30,2978.10,2978.10,7
31-08-2026 15:28,2978.20,2978.20,2977.70,2977.90,15
31-08-2026 15:29,2978.00,2978.00,2977.70,2978.00,14
31-08-2026 15:30,2978.00,2978.10,2977.40,2977.50,26
31-08-2026 15:31,2977.30,2977.70,2977.30,2977.30,26
31-08-2026 15:32,2977.20,2977.50,2977.00,2977.30,19
31-08-2026 15:33,2977.20,2977.50,2977.00,2977.40,15
31-08-2026 15:34,2977.20,2977.90,2977.20,2977.80,14
31-08-2026 15:35,2977.90,2977.90,2977.50,2977.80,21
31-08-2026 15:36,2977.80,2977.90,2977.40,2977.80,15
31-08-2026 15:37,2977.70,2978.20,2977.70,2978.00,16
31-08-2026 15:38,2978.00,2978.00,2977.50,2977.50,18
31-08-2026 15:39,2977.60,2977.80,2977.10,2977.10,25
31-08-2026 15:40,2977.00,2977.30,2976.80,2977.30,16
31-08-2026 15:41,2977.10,2977.20,2976.20,2976.20,27
31-08-2026 15:42,2976.30,2976.30,2975.80,2975.90,15
31-08-2026 15:43,2976.00,2976.20,2975.90,2976.20,11
31-08-2026 15:44,2976.20,2976.60,2976.20,2976.50,10
31-08-2026 15:45,2976.40,2976.40,2975.90,2976.20,20
31-08-2026 15:46,2976.10,2976.30,2975.30,2975.40,18
31-08-2026 15:47,2975.30,2975.40,2974.90,2975.20,16
31-08-2026 15:48,2975.10,2975.40,2974.60,2974.60,21
31-08-2026 15:49,2974.60,2975.30,2974.50,2975.20,16
31-08-2026 15:50,2975.10,2975.40,2975.10,2975.30,13
31-08-2026 15:51,2975.40,2975.40,2975.00,2975.40,17
31-08-2026 15:52,2975.50,2975.50,2974.70,2974.90,27
31-08-2026 15:53,2975.00,2975.30,2974.90,2975.30,17
31-08-2026 15:54,2975.30,2975.70,2975.00,2975.40,23
31-08-2026 15:55,2975.30,2976.00,2974.80,2976.00,33
31-08-2026 15:56,2976.10,2977.10,2976.10,2976.60,22
31-08-2026 15:57,2976.70,2977.30,2976.60,2977.00,20
31-08-2026 15:58,2976.90,2977.20,2976.80,2976.80,21
31-08-2026 15:59,2976.80,2976.80,2976.30,2976.40,10
31-08-2026 16:00,2976.30,2976.40,2975.90,2975.90,20
31-08-2026 16:01,2975.80,2975.90,2975.40,2975.90,16
31-08-2026 16:02,2975.90,2975.90,2975.30,2975.60,24
31-08-2026 16:03,2975.60,2975.60,2975.20,2975.20,21
31-08-2026 16:04,2975.30,2975.40,2975.10,2975.40,20
31-08-2026 16:05,2975.50,2975.80,2974.90,2975.10,24
31-08-2026 16:06,2975.10,2975.40,2974.70,2975.10,23
31-08-2026 16:07,2975.10,2975.20,2974.90,2974.90,21
31-08-2026 16:08,2974.90,2975.30,2974.80,2975.20,12
31-08-2026 16:09,2975.10,2975.70,2975.10,2975.60,13
31-08-2026 16:10,2975.70,2975.70,2975.30,2975.40,12
31-08-2026 16:11,2975.50,2975.50,2975.30,2975.40,12
31-08-2026 16:12,2975.40,2975.40,2975.20,2975.20,7
31-08-2026 16:13,2975.30,2975.50,2975.20,2975.20,13
31-08-2026 16:14,2975.30,2975.50,2974.90,2974.90,22
31-08-2026 16:15,2974.80,2975.00,2974.70,2974.90,18
31-08-2026 16:16,2974.80,2974.90,2974.40,2974.50,20
31-08-2026 16:17,2974.60,2975.10,2974.60,2975.00,18
31-08-2026 16:18,2975.10,2975.10,2974.90,2975.10,15
31-08-2026 16:19,2974.90,2975.00,2974.80,2974.80,12
31-08-2026 16:20,2974.80,2975.00,2974.40,2974.50,18
31-08-2026 16:21,2974.60,2975.50,2974.60,2975.50,16
31-08-2026 16:22,2975.50,2977.20,2975.50,2976.90,33
31-08-2026 16:23,2976.80,2976.80,2976.40,2976.60,18
31-08-2026 16:24,2976.50,2976.60,2976.20,2976.40,13
31-08-2026 16:25,2976.20,2977.00,2976.10,2976.70,19
31-08-2026 16:26,2976.80,2976.90,2976.00,2976.00,22
31-08-2026 16:27,2976.10,2976.30,2976.00,2976.20,17
31-08-2026 16:28,2976.20,2976.70,2976.20,2976.70,18
31-08-2026 16:29,2976.80,2977.00,2976.40,2976.40,22
31-08-2026 16:30,2976.30,2977.60,2976.10,2977.40,57
31-08-2026 16:31,2977.20,2978.10,2977.10,2977.50,51
31-08-2026 16:32,2977.40,2977.50,2976.90,2977.00,22
31-08-2026 16:33,2977.10,2977.10,2976.70,2977.00,21
31-08-2026 16:34,2976.90,2977.00,2976.50,2976.70,33
31-08-2026 16:35,2976.70,2976.90,2976.20,2976.40,22
31-08-2026 16:36,2976.50,2977.80,2976.50,2977.60,27
31-08-2026 16:37,2977.50,2977.60,2977.20,2977.40,20
31-08-2026 16:38,2977.50,2977.80,2977.50,2977.50,15
31-08-2026 16:39,2977.60,2977.70,2977.30,2977.40,15
31-08-2026 16:40,2977.50,2977.90,2977.40,2977.80,13
31-08-2026 16:41,2977.90,2977.90,2977.80,2977.80,10
31-08-2026 16:42,2977.90,2978.00,2977.70,2977.70,11
31-08-2026 16:43,2977.60,2977.70,2977.40,2977.60,8
31-08-2026 16:44,2977.60,2977.60,2976.20,2976.20,31
31-08-2026 16:45,2976.30,2976.90,2976.20,2976.20,24
31-08-2026 16:46,2976.10,2976.10,2975.50,2975.80,17
31-08-2026 16:47,2975.60,2976.00,2975.30,2976.00,12
31-08-2026 16:48,2975.90,2976.60,2975.90,2976.50,18
31-08-2026 16:49,2976.60,2976.80,2975.90,2976.00,16
31-08-2026 16:50,2976.00,2976.40,2976.00,2976.30,8
31-08-2026 16:51,2976.20,2976.60,2976.00,2976.00,14
31-08-2026 16:52,2976.00,2976.30,2975.80,2976.10,18
31-08-2026 16:53,2976.10,2976.10,2974.90,2975.20,26
31-08-2026 16:54,2975.30,2976.20,2975.00,2976.20,16
31-08-2026 16:55,2976.00,2976.00,2975.70,2975.90,12
31-08-2026 16:56,2975.90,2976.40,2975.90,2976.10,9
31-08-2026 16:57,2976.20,2976.40,2976.20,2976.30,9
31-08-2026 16:58,2976.20,2976.80,2976.20,2976.60,14
31-08-2026 16:59,2976.70,2976.90,2976.60,2976.80,13
31-08-2026 17:00,2976.60,2976.80,2975.80,2976.00,26
31-08-2026 17:01,2976.10,2976.20,2975.60,2975.90,23
31-08-2026 17:02,2975.90,2976.00,2975.40,2975.50,17
31-08-2026 17:03,2975.40,2975.50,2975.10,2975.20,18
31-08-2026 17:04,2975.10,2975.10,2974.30,2974.30,30
31-08-2026 17:05,2974.40,2974.70,2974.30,2974.50,15
31-08-2026 17:06,2974.60,2974.60,2974.20,2974.30,16
31-08-2026 17:07,2974.40,2974.60,2974.10,2974.20,11
31-08-2026 17:08,2974.20,2974.40,2973.70,2973.80,18
31-08-2026 17:09,2973.70,2973.80,2973.50,2973.50,13
31-08-2026 17:10,2973.60,2975.80,2973.60,2974.70,60
31-08-2026 17:11,2974.60,2974.60,2973.90,2974.00,27
31-08-2026 17:12,2973.80,2973.90,2973.10,2973.20,26
31-08-2026 17:13,2973.10,2973.30,2972.90,2973.20,27
31-08-2026 17:14,2973.30,2973.40,2973.10,2973.20,11
31-08-2026 17:15,2973.30,2974.40,2973.30,2973.40,26
31-08-2026 17:16,2973.50,2973.90,2973.20,2973.80,25
31-08-2026 17:17,2973.90,2974.00,2973.60,2973.80,16
31-08-2026 17:18,2973.80,2974.10,2973.40,2974.10,16
31-08-2026 17:19,2974.00,2974.00,2973.10,2973.40,20
31-08-2026 17:20,2973.50,2974.30,2973.50,2974.00,29
31-08-2026 17:21,2973.90,2974.50,2973.80,2974.50,21
31-08-2026 17:22,2974.60,2974.60,2973.60,2973.70,26
31-08-2026 17:23,2973.90,2974.40,2973.80,2973.80,14
31-08-2026 17:24,2973.80,2974.30,2973.80,2974.20,21
31-08-2026 17:25,2974.20,2975.00,2974.20,2975.00,21
31-08-2026 17:26,2974.80,2975.00,2974.40,2974.90,27
31-08-2026 17:27,2975.10,2975.20,2974.70,2974.70,8
31-08-2026 17:28,2974.60,2974.80,2974.40,2974.70,10
31-08-2026 17:29,2974.90,2975.20,2974.90,2975.10,10
31-08-2026 17:30,2975.20,2976.10,2974.90,2975.20,41
31-08-2026 17:31,2975.30,2975.80,2974.50,2975.80,43
31-08-2026 17:32,2975.70,2975.80,2975.10,2975.20,34
31-08-2026 17:33,2975.30,2975.90,2975.00,2975.80,18
31-08-2026 17:34,2975.90,2975.90,2975.30,2975.60,26
31-08-2026 17:35,2975.80,2976.20,2975.20,2976.20,30
31-08-2026 17:36,2976.00,2976.60,2975.90,2976.60,26
31-08-2026 17:37,2976.50,2977.10,2976.30,2977.10,24
31-08-2026 17:38,2977.10,2977.50,2977.10,2977.20,32
31-08-2026 17:39,2977.10,2977.10,2971.20,2975.50,203
31-08-2026 17:40,2975.50,2975.50,2974.00,2974.00,45
31-08-2026 17:41,2974.00,2974.50,2974.00,2974.00,30
31-08-2026 17:42,2974.00,2975.30,2974.00,2974.60,33
31-08-2026 17:43,2974.50,2975.10,2974.40,2974.40,27
31-08-2026 17:44,2974.50,2975.00,2974.20,2975.00,38
31-08-2026 17:45,2975.20,2975.70,2975.10,2975.60,22
31-08-2026 17:46,2975.70,2975.80,2975.50,2975.70,17
31-08-2026 17:47,2975.50,2975.80,2975.10,2975.70,23
31-08-2026 17:48,2975.80,2976.20,2975.70,2976.10,28
31-08-2026 17:49,2976.00,2976.10,2975.30,2975.60,36
31-08-2026 17:50,2975.70,2976.20,2975.00,2975.00,43
31-08-2026 17:51,2975.00,2975.40,2974.60,2974.90,25
31-08-2026 17:52,2974.70,2974.90,2974.40,2974.60,20
31-08-2026 17:53,2974.60,2974.70,2973.40,2973.40,28
31-08-2026 17:54,2973.50,2973.60,2972.90,2973.00,22
31-08-2026 17:55,2973.00,2973.10,2969.00,2969.40,140
31-08-2026 17:56,2969.50,2970.70,2969.50,2970.70,85
31-08-2026 17:57,2970.60,2972.00,2970.60,2971.80,64
31-08-2026 17:58,2971.60,2971.80,2970.50,2970.90,52
31-08-2026 17:59,2971.00,2971.60,2970.00,2970.00,28
31-08-2026 18:00,2969.80,2970.60,2969.00,2970.60,94
31-08-2026 18:01,2970.70,2970.70,2970.00,2970.50,49
31-08-2026 18:02,2970.40,2970.90,2970.10,2970.30,35
31-08-2026 18:03,2970.30,2970.60,2969.90,2970.40,47
31-08-2026 18:04,2970.40,2970.90,2970.20,2970.80,34
31-08-2026 18:05,2970.80,2971.60,2970.40,2970.90,42
31-08-2026 18:06,2970.80,2971.70,2970.80,2971.00,34
31-08-2026 18:07,2971.00,2971.20,2970.80,2970.90,17
31-08-2026 18:08,2970.80,2970.90,2969.20,2969.30,62
31-08-2026 18:09,2969.20,2969.20,2968.00,2968.10,44
31-08-2026 18:10,2968.20,2968.70,2967.70,2968.70,48
31-08-2026 18:11,2968.80,2968.90,2967.90,2968.20,45
31-08-2026 18:12,2968.30,2968.60,2968.20,2968.50,22
31-08-2026 18:13,2968.50,2968.90,2967.40,2968.10,45
31-08-2026 18:14,2968.20,2968.70,2968.00,2968.60,36
31-08-2026 18:15,2968.40,2969.20,2968.30,2968.50,44
31-08-2026 18:16,2968.50,2968.60,2967.60,2968.10,34
31-08-2026 18:17,2967.90,2968.10,2967.60,2967.60,25
31-08-2026 18:18,2967.60,2967.60,2967.10,2967.30,25
31-08-2026 18:19,2967.30,2967.60,2967.00,2967.60,30
31-08-2026 18:20,2967.50,2967.70,2966.90,2967.30,35
31-08-2026 18:21,2967.20,2967.80,2967.10,2967.50,31
31-08-2026 18:22,2967.60,2967.70,2967.10,2967.10,29
31-08-2026 18:23,2967.00,2967.20,2966.70,2966.70,30
31-08-2026 18:24,2966.60,2966.60,2965.70,2965.80,32
31-08-2026 18:25,2965.70,2965.80,2964.90,2965.10,32
31-08-2026 18:26,2965.20,2966.60,2965.20,2966.00,41
31-08-2026 18:27,2965.90,2966.70,2965.90,2966.40,33
31-08-2026 18:28,2966.30,2966.90,2966.30,2966.40,41
31-08-2026 18:29,2966.30,2966.30,2966.00,2966.10,26
31-08-2026 18:30,2966.00,2966.60,2965.60,2966.10,58
31-08-2026 18:31,2966.00,2967.30,2965.90,2967.20,46
31-08-2026 18:32,2967.10,2967.80,2966.80,2966.90,47
31-08-2026 18:33,2966.90,2967.40,2966.50,2966.80,44
31-08-2026 18:34,2966.90,2967.40,2966.60,2966.80,38
31-08-2026 18:35,2966.80,2966.90,2966.50,2966.50,34
31-08-2026 18:36,2966.40,2966.90,2966.00,2966.20,31
31-08-2026 18:37,2966.30,2967.40,2966.20,2967.40,43
31-08-2026 18:38,2967.40,2968.60,2967.30,2968.60,28
31-08-2026 18:39,2968.70,2968.90,2967.70,2968.50,46
31-08-2026 18:40,2968.60,2969.20,2968.40,2968.80,27
31-08-2026 18:41,2968.80,2968.90,2968.20,2968.20,26
31-08-2026 18:42,2968.30,2968.70,2968.20,2968.60,31
31-08-2026 18:43,2968.60,2969.20,2968.60,2969.20,24
31-08-2026 18:44,2969.30,2969.70,2969.10,2969.70,17
31-08-2026 18:45,2969.80,2970.00,2969.50,2969.70,28
31-08-2026 18:46,2969.70,2970.20,2969.50,2970.20,18
31-08-2026 18:47,2970.10,2970.20,2969.50,2969.50,25
31-08-2026 18:48,2969.40,2969.70,2969.40,2969.50,26
31-08-2026 18:49,2969.40,2969.70,2969.30,2969.70,18
31-08-2026 18:50,2969.60,2969.90,2969.30,2969.90,21
31-08-2026 18:51,2969.90,2970.10,2969.90,2969.90,15
31-08-2026 18:52,2969.90,2970.00,2969.40,2969.60,22
31-08-2026 18:53,2969.60,2969.80,2968.70,2968.80,38
31-08-2026 18:54,2968.80,2969.50,2968.70,2969.00,22
31-08-2026 18:55,2968.80,2969.20,2968.70,2968.80,41
31-08-2026 18:56,2968.90,2969.00,2968.30,2969.00,31
31-08-2026 18:57,2968.90,2970.70,2968.90,2969.90,70
31-08-2026 18:58,2969.80,2972.80,2969.50,2972.80,96
31-08-2026 18:59,2972.60,2972.60,2970.10,2970.10,101
31-08-2026 19:00,2970.40,2973.10,2969.80,2970.30,442
31-08-2026 19:01,2970.00,2971.80,2967.20,2969.30,270
31-08-2026 19:02,2969.40,2970.90,2965.00,2965.10,227
31-08-2026 19:03,2965.20,2966.30,2964.40,2965.30,199
31-08-2026 19:04,2965.50,2965.50,2963.80,2964.50,156
31-08-2026 19:05,2964.30,2965.00,2963.20,2963.70,210
31-08-2026 19:06,2963.80,2965.30,2962.50,2965.10,193
31-08-2026 19:07,2965.00,2965.40,2963.40,2963.80,183
31-08-2026 19:08,2963.60,2965.40,2963.10,2964.80,150
31-08-2026 19:09,2964.90,2965.40,2963.80,2963.90,140
31-08-2026 19:10,2963.70,2963.70,2961.40,2961.40,133
31-08-2026 19:11,2961.30,2961.50,2959.90,2960.60,119
31-08-2026 19:12,2960.80,2963.70,2960.70,2961.50,145
31-08-2026 19:13,2961.50,2962.10,2959.90,2959.90,102
31-08-2026 19:14,2959.80,2960.00,2958.20,2958.50,97
31-08-2026 19:15,2958.50,2961.70,2958.50,2958.90,174
31-08-2026 19:16,2958.70,2958.70,2956.40,2956.70,94
31-08-2026 19:17,2956.60,2959.60,2954.40,2959.40,164
31-08-2026 19:18,2959.30,2959.50,2956.50,2957.10,146
31-08-2026 19:19,2957.00,2957.20,2954.30,2954.80,110
31-08-2026 19:20,2954.80,2956.80,2953.30,2953.40,129
31-08-2026 19:21,2953.40,2955.10,2953.40,2954.10,142
31-08-2026 19:22,2954.00,2954.90,2953.50,2954.00,113
31-08-2026 19:23,2954.00,2955.90,2953.60,2955.50,97
31-08-2026 19:24,2955.60,2957.50,2954.90,2956.80,120
31-08-2026 19:25,2956.70,2957.20,2955.70,2956.20,116
31-08-2026 19:26,2956.20,2957.10,2955.80,2956.70,88
31-08-2026 19:27,2956.60,2957.00,2955.40,2956.50,93
31-08-2026 19:28,2956.30,2956.30,2954.40,2954.90,92
31-08-2026 19:29,2955.00,2955.00,2953.90,2954.10,77
31-08-2026 19:30,2954.10,2954.80,2953.10,2953.40,111
31-08-2026 19:31,2953.50,2955.40,2953.50,2955.30,109
31-08-2026 19:32,2955.30,2956.10,2953.60,2954.30,114
31-08-2026 19:33,2954.30,2954.70,2952.20,2952.90,96
31-08-2026 19:34,2952.90,2955.50,2952.90,2954.30,93
31-08-2026 19:35,2954.20,2956.40,2953.80,2954.60,104
31-08-2026 19:36,2954.70,2955.20,2952.40,2952.40,94
31-08-2026 19:37,2952.50,2953.60,2952.40,2952.90,89
31-08-2026 19:38,2953.00,2955.00,2952.60,2954.20,86
31-08-2026 19:39,2954.40,2954.60,2953.10,2953.70,71
31-08-2026 19:40,2953.50,2954.20,2952.90,2954.10,86
31-08-2026 19:41,2953.90,2954.70,2953.50,2953.50,80
31-08-2026 19:42,2953.60,2954.70,2953.30,2954.50,80
31-08-2026 19:43,2954.40,2954.80,2952.80,2953.40,83
31-08-2026 19:44,2953.60,2954.00,2952.90,2953.30,73
31-08-2026 19:45,2953.40,2953.50,2952.50,2953.00,63
31-08-2026 19:46,2953.10,2953.60,2952.40,2953.50,66
31-08-2026 19:47,2953.50,2954.10,2952.80,2954.00,79
31-08-2026 19:48,2953.90,2955.50,2953.90,2954.90,65
31-08-2026 19:49,2955.00,2955.30,2953.40,2954.20,73
31-08-2026 19:50,2954.00,2954.00,2951.80,2952.60,67
31-08-2026 19:51,2952.50,2954.00,2952.20,2953.80,76
31-08-2026 19:52,2953.80,2954.20,2953.40,2953.40,72
31-08-2026 19:53,2953.50,2953.70,2952.20,2952.20,68
31-08-2026 19:54,2952.10,2952.20,2950.30,2950.40,73
31-08-2026 19:55,2950.30,2950.80,2950.10,2950.10,61
31-08-2026 19:56,2950.20,2950.60,2949.60,2950.00,63
31-08-2026 19:57,2949.90,2950.90,2949.90,2950.40,65
31-08-2026 19:58,2950.40,2951.60,2949.70,2950.60,79
31-08-2026 19:59,2950.80,2950.80,2949.70,2950.20,56
31-08-2026 20:00,2950.10,2951.50,2949.60,2951.50,87
31-08-2026 20:01,2951.50,2951.80,2950.70,2951.50,59
31-08-2026 20:02,2951.40,2951.40,2950.00,2951.30,71
31-08-2026 20:03,2951.30,2951.30,2950.20,2950.20,64
31-08-2026 20:04,2950.20,2950.40,2949.70,2950.10,37
31-08-2026 20:05,2950.10,2952.70,2949.90,2952.60,62
31-08-2026 20:06,2952.70,2953.20,2952.40,2953.10,75
31-08-2026 20:07,2953.30,2954.60,2953.20,2953.90,64
31-08-2026 20:08,2953.80,2954.70,2952.80,2952.80,86
31-08-2026 20:09,2952.60,2953.40,2952.30,2953.30,59
31-08-2026 20:10,2953.10,2954.20,2953.10,2953.60,59
31-08-2026 20:11,2953.50,2955.50,2953.40,2955.30,51
31-08-2026 20:12,2955.20,2955.90,2954.70,2955.30,64
31-08-2026 20:13,2955.30,2955.30,2953.50,2953.50,59
31-08-2026 20:14,2953.40,2953.60,2951.90,2952.30,66
31-08-2026 20:15,2952.40,2953.00,2951.40,2952.40,77
31-08-2026 20:16,2952.40,2952.60,2951.70,2952.30,65
31-08-2026 20:17,2952.40,2953.00,2951.90,2953.00,71
31-08-2026 20:18,2952.90,2953.60,2952.10,2952.70,78
31-08-2026 20:19,2952.50,2952.70,2950.70,2951.00,68
31-08-2026 20:20,2951.00,2952.30,2950.60,2951.80,63
31-08-2026 20:21,2951.80,2952.30,2951.00,2951.40,75
31-08-2026 20:22,2951.30,2951.60,2951.10,2951.50,36
31-08-2026 20:23,2951.40,2951.40,2950.20,2950.20,55
31-08-2026 20:24,2950.30,2951.90,2950.30,2951.60,64
31-08-2026 20:25,2951.60,2951.80,2951.10,2951.40,60
31-08-2026 20:26,2951.50,2953.90,2951.50,2953.70,64
31-08-2026 20:27,2953.80,2954.80,2953.60,2954.50,49
31-08-2026 20:28,2954.60,2954.70,2953.60,2953.70,59
31-08-2026 20:29,2953.60,2954.30,2952.30,2952.40,60
31-08-2026 20:30,2952.40,2955.30,2952.20,2953.60,128
31-08-2026 20:31,2953.70,2953.70,2951.80,2952.10,62
31-08-2026 20:32,2952.00,2952.30,2950.50,2950.60,60
31-08-2026 20:33,2950.60,2952.10,2950.10,2951.50,68
31-08-2026 20:34,2951.40,2951.50,2950.10,2950.20,60
31-08-2026 20:35,2950.20,2951.20,2950.20,2951.20,58
31-08-2026 20:36,2951.20,2951.60,2950.50,2951.50,62
31-08-2026 20:37,2951.50,2951.50,2949.20,2949.20,68
31-08-2026 20:38,2949.30,2949.60,2948.90,2949.30,60
31-08-2026 20:39,2949.30,2949.90,2949.20,2949.70,45
31-08-2026 20:40,2949.60,2950.50,2949.50,2950.10,68
31-08-2026 20:41,2950.00,2950.70,2949.60,2950.10,59
31-08-2026 20:42,2950.10,2950.90,2949.80,2950.80,59
31-08-2026 20:43,2950.70,2951.70,2950.60,2950.80,64
31-08-2026 20:44,2950.70,2950.80,2949.80,2950.60,66
31-08-2026 20:45,2950.50,2951.10,2950.10,2950.60,63
31-08-2026 20:46,2950.50,2951.30,2949.60,2949.60,42
31-08-2026 20:47,2949.60,2950.10,2949.00,2949.10,42
31-08-2026 20:48,2949.00,2950.00,2948.80,2949.80,49
31-08-2026 20:49,2950.00,2950.50,2949.60,2950.10,55
31-08-2026 20:50,2950.00,2950.10,2949.50,2949.90,47
31-08-2026 20:51,2949.80,2950.10,2949.10,2949.60,53
31-08-2026 20:52,2949.70,2949.70,2948.80,2948.90,51
31-08-2026 20:53,2948.90,2949.30,2948.30,2948.50,61
31-08-2026 20:54,2948.60,2950.30,2948.60,2950.00,55
31-08-2026 20:55,2950.10,2950.90,2950.10,2950.50,55
31-08-2026 20:56,2950.50,2950.80,2950.00,2950.80,44
31-08-2026 20:57,2950.70,2951.50,2950.30,2951.40,47
31-08-2026 20:58,2951.40,2951.80,2951.00,2951.30,49
31-08-2026 20:59,2951.40,2951.80,2950.90,2951.00,53
31-08-2026 21:00,2950.90,2951.70,2950.70,2951.00,74
31-08-2026 21:01,2950.90,2951.40,2950.00,2951.20,70
31-08-2026 21:02,2951.30,2952.50,2951.20,2952.00,56
31-08-2026 21:03,2952.00,2952.60,2951.70,2951.90,55
31-08-2026 21:04,2952.00,2952.30,2951.00,2951.40,62
31-08-2026 21:05,2951.60,2951.70,2951.10,2951.50,59
31-08-2026 21:06,2951.50,2952.50,2951.20,2952.20,58
31-08-2026 21:07,2952.30,2952.40,2951.30,2951.50,45
31-08-2026 21:08,2951.40,2951.60,2950.30,2950.60,47
31-08-2026 21:09,2950.70,2950.80,2949.80,2950.20,51
31-08-2026 21:10,2950.20,2951.10,2949.80,2950.80,45
31-08-2026 21:11,2950.90,2951.60,2950.10,2951.50,50
31-08-2026 21:12,2951.50,2951.70,2951.00,2951.50,44
31-08-2026 21:13,2951.40,2951.60,2950.50,2950.90,48
31-08-2026 21:14,2950.90,2951.70,2950.60,2951.60,40
31-08-2026 21:15,2951.70,2952.60,2951.20,2951.60,56
31-08-2026 21:16,2951.60,2952.80,2951.60,2952.50,49
31-08-2026 21:17,2952.60,2953.30,2952.10,2952.50,55
31-08-2026 21:18,2952.50,2952.60,2952.00,2952.00,42
31-08-2026 21:19,2952.00,2952.30,2951.60,2951.80,35
31-08-2026 21:20,2951.80,2952.40,2951.80,2952.40,43
31-08-2026 21:21,2952.30,2953.20,2952.10,2952.90,38
31-08-2026 21:22,2953.00,2953.10,2952.30,2952.50,28
31-08-2026 21:23,2952.40,2953.00,2952.10,2952.20,43
31-08-2026 21:24,2952.20,2952.70,2952.10,2952.30,44
31-08-2026 21:25,2952.20,2952.50,2951.40,2951.90,58
31-08-2026 21:26,2951.80,2952.70,2951.70,2951.90,45
31-08-2026 21:27,2951.90,2951.90,2951.20,2951.20,35
31-08-2026 21:28,2951.30,2951.60,2951.00,2951.60,33
31-08-2026 21:29,2951.60,2952.10,2950.80,2951.10,44
31-08-2026 21:30,2950.90,2951.00,2950.10,2950.30,60
31-08-2026 21:31,2950.20,2951.10,2949.90,2950.90,63
31-08-2026 21:32,2951.00,2951.90,2951.00,2951.70,50
31-08-2026 21:33,2951.80,2952.40,2951.70,2952.30,58
31-08-2026 21:34,2952.20,2952.70,2951.80,2952.10,47
31-08-2026 21:35,2952.20,2952.30,2951.20,2951.20,55
31-08-2026 21:36,2951.20,2951.20,2950.50,2951.10,48
31-08-2026 21:37,2951.10,2951.10,2950.40,2950.60,45
31-08-2026 21:38,2950.60,2951.00,2950.10,2950.50,43
31-08-2026 21:39,2950.40,2950.50,2949.80,2949.90,45
31-08-2026 21:40,2949.80,2950.50,2949.70,2950.40,49
31-08-2026 21:41,2950.50,2951.20,2949.90,2951.20,57
31-08-2026 21:42,2951.20,2951.90,2951.10,2951.30,46
31-08-2026 21:43,2951.40,2951.40,2950.80,2951.00,30
31-08-2026 21:44,2950.90,2951.80,2950.80,2951.60,36
31-08-2026 21:45,2951.70,2952.10,2951.00,2951.10,39
31-08-2026 21:46,2951.10,2951.30,2950.20,2950.50,40
31-08-2026 21:47,2950.40,2950.40,2949.70,2949.90,37
31-08-2026 21:48,2949.80,2950.60,2949.60,2950.10,44
31-08-2026 21:49,2950.20,2950.80,2949.90,2950.60,33
31-08-2026 21:50,2950.70,2950.90,2950.30,2950.70,38
31-08-2026 21:51,2950.80,2951.10,2950.30,2950.30,39
31-08-2026 21:52,2950.40,2950.40,2949.40,2949.80,38
31-08-2026 21:53,2949.60,2949.80,2948.90,2949.30,34
31-08-2026 21:54,2949.30,2949.70,2949.00,2949.30,35
31-08-2026 21:55,2949.40,2949.80,2949.40,2949.50,39
31-08-2026 21:56,2949.40,2949.90,2949.10,2949.90,30
31-08-2026 21:57,2949.90,2950.60,2949.80,2950.60,23
31-08-2026 21:58,2950.50,2950.60,2950.00,2950.30,34
31-08-2026 21:59,2950.40,2951.50,2950.40,2951.50,33
31-08-2026 22:00,2951.60,2951.80,2951.00,2951.00,67
31-08-2026 22:01,2951.10,2951.40,2950.30,2950.50,49
31-08-2026 22:02,2950.40,2951.00,2950.30,2950.90,34
31-08-2026 22:03,2951.00,2951.30,2950.80,2951.10,31
31-08-2026 22:04,2951.20,2951.20,2950.40,2950.40,28
31-08-2026 22:05,2950.50,2951.10,2950.30,2950.50,41
31-08-2026 22:06,2950.40,2950.70,2950.30,2950.60,40
31-08-2026 22:07,2950.60,2950.60,2949.70,2949.80,32
31-08-2026 22:08,2949.90,2950.00,2949.10,2949.20,25
31-08-2026 22:09,2949.10,2949.40,2948.60,2948.60,29
31-08-2026 22:10,2948.80,2949.50,2948.40,2949.40,30
31-08-2026 22:11,2949.50,2951.50,2949.50,2951.50,35
31-08-2026 22:12,2951.60,2951.80,2951.30,2951.40,36
31-08-2026 22:13,2951.30,2952.10,2951.00,2951.80,35
31-08-2026 22:14,2951.70,2952.00,2950.70,2950.80,32
31-08-2026 22:15,2950.90,2951.40,2950.80,2951.30,31
31-08-2026 22:16,2951.40,2951.40,2950.30,2950.50,32
31-08-2026 22:17,2950.40,2951.00,2950.40,2950.90,29
31-08-2026 22:18,2950.90,2951.20,2950.40,2951.20,34
31-08-2026 22:19,2951.30,2951.80,2951.00,2951.10,32
31-08-2026 22:20,2951.00,2951.00,2950.10,2950.70,36
31-08-2026 22:21,2950.60,2951.30,2950.60,2951.20,23
31-08-2026 22:22,2951.30,2951.60,2950.60,2950.60,31
31-08-2026 22:23,2950.50,2950.80,2950.10,2950.20,29
31-08-2026 22:24,2950.20,2950.20,2949.80,2950.00,18
31-08-2026 22:25,2949.90,2950.00,2949.60,2949.60,21
31-08-2026 22:26,2949.70,2950.10,2949.60,2950.00,26
31-08-2026 22:27,2950.00,2950.20,2949.70,2950.10,29
31-08-2026 22:28,2950.20,2950.20,2949.80,2949.80,33
31-08-2026 22:29,2949.90,2950.20,2949.50,2949.70,36
31-08-2026 22:30,2949.60,2949.80,2949.10,2949.10,47
31-08-2026 22:31,2949.20,2949.40,2948.80,2949.40,37
31-08-2026 22:32,2949.50,2949.70,2949.20,2949.30,31
31-08-2026 22:33,2949.20,2949.30,2948.80,2948.80,31
31-08-2026 22:34,2948.90,2948.90,2948.60,2948.90,30
31-08-2026 22:35,2948.90,2949.20,2948.40,2948.40,37
31-08-2026 22:36,2948.40,2948.60,2948.00,2948.10,36
31-08-2026 22:37,2948.10,2948.70,2948.00,2948.50,26
31-08-2026 22:38,2948.40,2948.60,2947.90,2948.00,23
31-08-2026 22:39,2948.10,2948.20,2947.90,2947.90,25
31-08-2026 22:40,2948.10,2949.20,2948.00,2948.60,35
31-08-2026 22:41,2948.60,2949.40,2948.50,2948.60,43
31-08-2026 22:42,2948.70,2949.60,2948.60,2949.40,35
31-08-2026 22:43,2949.40,2949.90,2949.30,2949.30,24
31-08-2026 22:44,2949.40,2949.80,2948.80,2948.90,35
31-08-2026 22:45,2948.90,2949.30,2948.50,2949.10,28
31-08-2026 22:46,2949.10,2949.80,2949.00,2949.70,45
31-08-2026 22:47,2949.80,2950.00,2949.10,2949.10,25
31-08-2026 22:48,2949.00,2949.10,2947.90,2947.90,29
31-08-2026 22:49,2947.90,2948.00,2946.90,2947.50,46
31-08-2026 22:50,2947.40,2947.60,2946.90,2947.50,48
31-08-2026 22:51,2947.40,2947.90,2947.20,2947.20,39
31-08-2026 22:52,2947.10,2947.60,2946.90,2947.40,36
31-08-2026 22:53,2947.40,2948.10,2947.40,2947.90,17
31-08-2026 22:54,2947.80,2948.00,2947.30,2947.30,28
31-08-2026 22:55,2947.40,2947.40,2946.30,2946.70,33
31-08-2026 22:56,2946.70,2946.80,2946.50,2946.80,41
31-08-2026 22:57,2946.70,2946.90,2946.40,2946.60,25
31-08-2026 22:58,2946.60,2947.10,2946.50,2946.80,42
31-08-2026 22:59,2946.80,2946.90,2946.30,2946.70,30
31-08-2026 23:00,2946.60,2946.70,2946.20,2946.40,47
31-08-2026 23:01,2946.40,2946.90,2946.20,2946.80,24
31-08-2026 23:02,2947.00,2948.40,2947.00,2948.40,38
31-08-2026 23:03,2948.50,2948.60,2948.10,2948.60,29
31-08-2026 23:04,2948.50,2948.60,2947.90,2947.90,28
31-08-2026 23:05,2947.90,2948.80,2947.90,2948.70,31
31-08-2026 23:06,2948.70,2948.80,2948.20,2948.70,26
31-08-2026 23:07,2948.60,2948.60,2948.10,2948.50,32
31-08-2026 23:08,2948.50,2948.50,2947.60,2947.60,32
31-08-2026 23:09,2947.60,2948.60,2947.60,2948.50,25
31-08-2026 23:10,2948.40,2948.60,2948.10,2948.50,27
31-08-2026 23:11,2948.60,2949.20,2948.60,2949.00,22
31-08-2026 23:12,2949.10,2949.20,2948.10,2948.20,18
31-08-2026 23:13,2948.20,2949.30,2948.10,2949.10,24
31-08-2026 23:14,2949.10,2949.50,2949.10,2949.40,18
31-08-2026 23:15,2949.50,2949.60,2949.00,2949.00,27
31-08-2026 23:16,2949.10,2949.30,2948.80,2949.30,33
31-08-2026 23:17,2949.30,2949.40,2949.00,2949.40,27
31-08-2026 23:18,2949.50,2949.60,2949.20,2949.40,21
31-08-2026 23:19,2949.30,2949.70,2949.10,2949.30,27
31-08-2026 23:20,2949.30,2950.30,2949.20,2950.30,40
31-08-2026 23:21,2950.30,2951.10,2950.10,2951.00,34
31-08-2026 23:22,2951.00,2951.60,2950.60,2950.70,35
31-08-2026 23:23,2950.80,2951.20,2950.40,2951.20,31
31-08-2026 23:24,2951.20,2951.60,2951.10,2951.60,26
31-08-2026 23:25,2951.50,2951.90,2951.40,2951.60,30
31-08-2026 23:26,2951.60,2951.60,2951.20,2951.30,29
31-08-2026 23:27,2951.10,2951.30,2950.60,2950.80,29
31-08-2026 23:28,2950.90,2951.20,2950.60,2951.20,22
31-08-2026 23:29,2951.20,2951.20,2950.90,2950.90,31
31-08-2026 23:30,2951.00,2952.10,2950.80,2952.00,49
31-08-2026 23:31,2951.90,2952.20,2951.70,2951.90,44
31-08-2026 23:32,2951.90,2952.00,2951.40,2951.80,41
31-08-2026 23:33,2951.90,2951.90,2951.40,2951.60,28
31-08-2026 23:34,2951.50,2951.60,2950.60,2950.90,34
31-08-2026 23:35,2950.90,2951.10,2950.40,2950.70,46
31-08-2026 23:36,2950.80,2951.20,2950.50,2950.60,31
31-08-2026 23:37,2950.60,2950.80,2950.20,2950.30,27
31-08-2026 23:38,2950.30,2950.30,2949.90,2950.00,29
31-08-2026 23:39,2950.00,2950.10,2949.90,2950.10,17
31-08-2026 23:40,2950.10,2950.40,2950.00,2950.30,26
31-08-2026 23:41,2950.40,2950.40,2949.50,2950.00,33
31-08-2026 23:42,2949.80,2950.20,2949.50,2949.50,28
31-08-2026 23:43,2949.60,2949.80,2949.50,2949.80,17
31-08-2026 23:44,2949.80,2950.80,2949.70,2950.80,21
31-08-2026 23:45,2950.90,2951.00,2950.60,2950.80,27
31-08-2026 23:46,2950.70,2951.30,2950.50,2950.70,35
31-08-2026 23:47,2950.70,2950.80,2950.30,2950.50,26
31-08-2026 23:48,2950.50,2950.60,2949.90,2949.90,36
31-08-2026 23:49,2949.90,2949.90,2949.40,2949.50,26
31-08-2026 23:50,2949.60,2950.10,2949.60,2949.90,17
31-08-2026 23:51,2949.90,2949.90,2949.20,2949.20,26
31-08-2026 23:52,2949.20,2949.70,2949.10,2949.40,16
31-08-2026 23:53,2949.50,2950.40,2949.50,2950.30,25
31-08-2026 23:54,2950.20,2950.40,2949.80,2949.80,23
31-08-2026 23:55,2949.90,2949.90,2948.40,2948.70,31
31-08-2026 23:56,2948.80,2949.30,2948.80,2949.10,40
31-08-2026 23:57,2949.20,2949.80,2949.10,2949.70,28
31-08-2026 23:58,2949.80,2950.30,2949.70,2950.20,32
31-08-2026 23:59,2950.10,2950.20,2949.70,2949.90,28
01-09-2026 00:00,2949.90,2950.80,2949.80,2950.50,40
01-09-2026 00:01,2950.60,2950.70,2950.20,2950.40,23
01-09-2026 00:02,2950.40,2950.80,2950.40,2950.60,20
01-09-2026 00:03,2950.70,2950.70,2950.00,2950.00,16
01-09-2026 00:04,2950.10,2950.20,2949.70,2950.10,32
01-09-2026 00:05,2950.20,2950.50,2949.40,2949.50,42
01-09-2026 00:06,2949.60,2950.00,2949.50,2949.80,30
01-09-2026 00:07,2949.80,2950.10,2949.60,2949.80,30
01-09-2026 00:08,2949.90,2949.90,2949.20,2949.30,42
01-09-2026 00:09,2949.20,2949.50,2948.90,2949.00,41
01-09-2026 00:10,2948.90,2949.30,2948.50,2949.20,41
01-09-2026 00:11,2949.10,2949.60,2948.50,2948.50,45
01-09-2026 00:12,2948.60,2949.40,2948.50,2949.30,31
01-09-2026 00:13,2949.30,2949.40,2949.00,2949.10,30
01-09-2026 00:14,2949.10,2950.10,2949.10,2949.90,27
01-09-2026 00:15,2949.90,2949.90,2949.30,2949.50,37
01-09-2026 00:16,2949.40,2949.80,2949.30,2949.60,25
01-09-2026 00:17,2949.70,2950.40,2949.60,2949.80,37
01-09-2026 00:18,2949.90,2950.60,2949.60,2950.40,36
01-09-2026 00:19,2950.50,2950.50,2949.90,2950.10,18
01-09-2026 00:20,2950.00,2950.00,2949.40,2949.90,30
01-09-2026 00:21,2949.90,2950.80,2949.80,2950.70,33
01-09-2026 00:22,2950.60,2950.70,2950.00,2950.10,31
01-09-2026 00:23,2950.20,2951.10,2950.00,2951.00,38
01-09-2026 00:24,2951.00,2951.50,2950.90,2951.00,28
01-09-2026 00:25,2950.90,2951.10,2950.70,2950.80,30
01-09-2026 00:26,2950.80,2951.70,2950.70,2951.50,27
01-09-2026 00:27,2951.60,2952.10,2951.50,2951.60,37
01-09-2026 00:28,2951.70,2952.20,2951.60,2952.20,28
01-09-2026 00:29,2952.10,2952.30,2951.40,2951.40,30
01-09-2026 00:30,2951.50,2952.70,2951.50,2952.20,42
01-09-2026 00:31,2952.20,2952.20,2951.50,2951.60,26
01-09-2026 00:32,2951.60,2952.40,2951.50,2952.10,30
01-09-2026 00:33,2952.00,2952.40,2951.70,2951.80,22
01-09-2026 00:34,2951.80,2951.90,2951.30,2951.30,33
01-09-2026 00:35,2951.20,2952.10,2951.20,2951.50,27
01-09-2026 00:36,2951.50,2951.80,2951.30,2951.60,34
01-09-2026 00:37,2951.50,2952.00,2951.40,2951.70,18
01-09-2026 00:38,2951.80,2952.30,2951.70,2952.10,22
01-09-2026 00:39,2952.20,2952.30,2952.00,2952.10,23
01-09-2026 00:40,2952.10,2952.50,2952.00,2952.10,28
01-09-2026 00:41,2952.00,2952.40,2951.60,2951.80,26
01-09-2026 00:42,2952.00,2952.30,2951.90,2952.10,29
01-09-2026 00:43,2952.10,2952.60,2951.90,2952.50,28
01-09-2026 00:44,2952.50,2953.00,2952.50,2952.80,28
01-09-2026 00:45,2952.70,2952.80,2952.30,2952.40,34
01-09-2026 00:46,2952.40,2952.60,2952.20,2952.50,30
01-09-2026 00:47,2952.60,2953.00,2952.40,2952.50,26
01-09-2026 00:48,2952.60,2952.60,2951.80,2952.10,22
01-09-2026 00:49,2952.20,2952.50,2951.90,2951.90,19
01-09-2026 00:50,2952.00,2952.80,2952.00,2952.60,21
01-09-2026 00:51,2952.60,2952.90,2952.20,2952.40,22
01-09-2026 00:52,2952.40,2953.60,2952.40,2953.60,27
01-09-2026 00:53,2953.70,2954.30,2953.60,2953.60,31
01-09-2026 00:54,2953.70,2954.40,2953.60,2954.30,28
01-09-2026 00:55,2954.40,2954.80,2954.40,2954.70,30
01-09-2026 00:56,2954.60,2954.80,2954.10,2954.70,33
01-09-2026 00:57,2954.70,2955.20,2954.70,2955.20,20
01-09-2026 00:58,2955.30,2956.00,2955.30,2955.30,30
01-09-2026 00:59,2955.40,2955.60,2954.90,2955.20,44
01-09-2026 01:00,2955.40,2955.60,2954.80,2955.50,53
01-09-2026 01:01,2955.50,2956.00,2954.60,2954.90,49
01-09-2026 01:02,2954.80,2955.40,2954.80,2954.90,32
01-09-2026 01:03,2955.00,2955.40,2954.90,2955.40,36
01-09-2026 01:04,2955.30,2955.90,2955.30,2955.80,46
01-09-2026 01:05,2955.90,2956.50,2955.70,2956.30,33
01-09-2026 01:06,2956.30,2957.10,2956.30,2956.60,28
01-09-2026 01:07,2956.60,2957.20,2956.50,2956.90,35
01-09-2026 01:08,2956.90,2957.50,2956.90,2957.30,23
01-09-2026 01:09,2957.40,2957.70,2956.80,2957.10,27
01-09-2026 01:10,2957.10,2957.80,2957.10,2957.80,35
01-09-2026 01:11,2957.90,2958.00,2957.60,2957.90,28
01-09-2026 01:12,2958.10,2958.40,2957.60,2957.80,35
01-09-2026 01:13,2957.70,2958.50,2957.70,2958.30,29
01-09-2026 01:14,2958.20,2958.90,2957.90,2957.90,47
01-09-2026 01:15,2957.80,2958.10,2956.90,2957.80,71
01-09-2026 01:16,2958.00,2958.80,2958.00,2958.40,44
01-09-2026 01:17,2958.40,2958.40,2957.50,2957.60,32
01-09-2026 01:18,2957.60,2958.10,2957.50,2957.70,47
01-09-2026 01:19,2957.80,2958.80,2957.70,2958.80,37
01-09-2026 01:20,2958.90,2962.50,2958.90,2961.40,156
01-09-2026 01:21,2961.30,2962.90,2961.20,2962.70,56
01-09-2026 01:22,2962.80,2963.00,2962.00,2962.80,65
01-09-2026 01:23,2962.70,2962.70,2960.50,2961.00,69
01-09-2026 01:24,2960.90,2961.50,2960.60,2960.90,76
01-09-2026 01:25,2960.70,2960.90,2958.90,2959.40,87
01-09-2026 01:26,2959.30,2959.60,2958.80,2959.40,46
01-09-2026 01:27,2959.50,2959.50,2958.70,2958.90,45
01-09-2026 01:28,2959.10,2959.30,2958.50,2958.80,70
01-09-2026 01:29,2959.00,2961.00,2957.90,2958.20,186
01-09-2026 01:30,2958.30,2960.40,2958.30,2960.00,110
01-09-2026 01:31,2960.20,2961.60,2960.10,2961.60,45
01-09-2026 01:32,2961.40,2961.60,2960.50,2960.80,32
01-09-2026 01:33,2960.70,2961.20,2960.70,2960.80,30
01-09-2026 01:34,2960.70,2960.70,2959.50,2959.50,23
01-09-2026 01:35,2959.40,2959.60,2959.00,2959.20,31
01-09-2026 01:36,2959.10,2960.00,2959.10,2960.00,13
01-09-2026 01:37,2960.00,2960.30,2960.00,2960.00,13
01-09-2026 01:38,2959.90,2960.50,2959.90,2960.00,14
01-09-2026 01:39,2960.00,2960.00,2959.70,2960.00,15
01-09-2026 01:40,2960.10,2960.20,2959.70,2959.90,22
01-09-2026 01:41,2960.00,2960.50,2959.90,2960.00,30
01-09-2026 01:42,2959.90,2959.90,2959.40,2959.80,23
01-09-2026 01:43,2959.80,2959.90,2959.40,2959.80,22
01-09-2026 01:44,2959.90,2960.00,2959.70,2960.00,13
01-09-2026 01:45,2960.00,2960.30,2959.80,2959.90,14
01-09-2026 01:46,2959.80,2959.90,2959.50,2959.90,22
01-09-2026 01:47,2959.90,2960.00,2959.60,2959.80,7
01-09-2026 01:48,2959.70,2959.70,2959.30,2959.40,9
01-09-2026 01:49,2959.50,2959.70,2959.30,2959.60,16
01-09-2026 01:50,2959.60,2959.70,2959.20,2959.20,13
01-09-2026 01:51,2959.30,2959.50,2959.30,2959.50,9
01-09-2026 01:52,2959.30,2959.60,2959.30,2959.40,10
01-09-2026 01:53,2959.30,2959.40,2959.20,2959.20,6
01-09-2026 01:54,2959.30,2959.40,2959.30,2959.40,2
01-09-2026 01:55,2959.40,2959.50,2959.20,2959.30,7
01-09-2026 01:56,2959.30,2959.50,2959.20,2959.50,8
01-09-2026 01:57,2959.40,2959.60,2959.40,2959.60,7
01-09-2026 01:58,2959.50,2959.80,2959.40,2959.50,9
01-09-2026 01:59,2959.60,2959.80,2959.50,2959.60,7
01-09-2026 02:00,2959.50,2959.50,2959.40,2959.40,4
01-09-2026 02:01,2959.50,2959.60,2959.40,2959.60,6
01-09-2026 02:02,2959.60,2959.80,2959.60,2959.70,8
01-09-2026 02:03,2959.60,2959.70,2959.10,2959.50,13
01-09-2026 02:04,2959.60,2959.70,2959.40,2959.50,5
01-09-2026 02:05,2959.60,2959.80,2959.60,2959.80,5
01-09-2026 02:06,2959.80,2960.00,2959.80,2959.90,6
01-09-2026 02:07,2959.80,2959.90,2959.80,2959.90,6
01-09-2026 02:08,2959.90,2960.00,2959.90,2960.00,4
01-09-2026 02:09,2960.00,2960.10,2960.00,2960.10,6
01-09-2026 02:10,2960.10,2960.20,2960.00,2960.00,8
01-09-2026 02:11,2960.10,2960.20,2960.00,2960.20,6
01-09-2026 02:12,2960.10,2960.10,2960.00,2960.00,2
01-09-2026 02:13,2959.90,2960.10,2959.90,2960.10,6
01-09-2026 02:14,2960.00,2960.10,2959.90,2959.90,6
01-09-2026 02:15,2960.10,2960.10,2959.90,2959.90,7
01-09-2026 02:16,2959.90,2959.90,2959.70,2959.80,6
01-09-2026 02:17,2959.80,2959.80,2959.60,2959.60,7
01-09-2026 02:18,2959.60,2959.80,2959.60,2959.70,4
01-09-2026 02:19,2959.70,2959.80,2959.10,2959.10,12
01-09-2026 02:20,2959.10,2959.50,2959.10,2959.40,14
01-09-2026 02:21,2959.50,2959.60,2959.50,2959.60,2
01-09-2026 02:22,2959.60,2959.80,2959.50,2959.70,8
01-09-2026 02:23,2959.80,2959.90,2959.80,2959.90,2
01-09-2026 02:24,2959.90,2959.90,2959.40,2959.40,10
01-09-2026 02:25,2959.50,2959.50,2959.10,2959.10,7
01-09-2026 02:26,2959.00,2959.10,2958.80,2959.10,17
01-09-2026 02:27,2959.20,2959.20,2958.80,2959.00,8
01-09-2026 02:28,2959.10,2959.20,2959.00,2959.10,11
01-09-2026 03:30,2958.00,2958.70,2957.60,2958.30,40
01-09-2026 03:31,2958.40,2959.00,2958.00,2959.00,33
01-09-2026 03:32,2959.10,2959.20,2958.70,2959.10,24
01-09-2026 03:33,2959.10,2959.20,2958.70,2958.90,21
01-09-2026 03:34,2958.90,2959.20,2958.90,2959.10,13
01-09-2026 03:35,2959.20,2959.20,2958.70,2958.90,6
01-09-2026 03:36,2958.80,2958.80,2958.20,2958.70,11
01-09-2026 03:37,2958.50,2958.70,2958.50,2958.70,5
01-09-2026 03:38,2958.50,2958.60,2958.10,2958.60,15
01-09-2026 03:39,2958.50,2958.90,2958.50,2958.70,12
01-09-2026 03:40,2958.80,2958.80,2958.50,2958.70,9
01-09-2026 03:41,2958.60,2958.70,2958.30,2958.50,12
01-09-2026 03:42,2958.60,2958.90,2958.40,2958.60,14
01-09-2026 03:43,2958.50,2958.60,2958.50,2958.60,2
01-09-2026 03:44,2958.50,2958.60,2958.30,2958.50,13
01-09-2026 03:45,2958.60,2958.80,2958.50,2958.50,7
01-09-2026 03:46,2958.40,2958.40,2958.00,2958.10,9
01-09-2026 03:47,2958.00,2958.20,2958.00,2958.20,3
01-09-2026 03:48,2958.10,2958.20,2958.00,2958.00,6
01-09-2026 03:49,2958.00,2958.30,2958.00,2958.30,4
01-09-2026 03:50,2958.20,2958.30,2958.10,2958.30,6
01-09-2026 03:51,2958.30,2958.40,2958.30,2958.30,5
01-09-2026 03:52,2958.40,2958.40,2958.20,2958.20,3
01-09-2026 03:53,2958.30,2958.30,2958.10,2958.30,6
01-09-2026 03:54,2958.20,2958.50,2958.20,2958.50,6
01-09-2026 03:55,2958.50,2958.50,2958.50,2958.50,1
01-09-2026 03:56,2958.40,2958.50,2958.40,2958.40,7
01-09-2026 03:57,2958.40,2958.40,2958.20,2958.40,5
01-09-2026 03:58,2958.40,2958.50,2958.40,2958.50,2
01-09-2026 03:59,2958.40,2958.40,2958.30,2958.30,4
01-09-2026 04:00,2958.20,2958.40,2958.20,2958.40,5
01-09-2026 04:01,2958.30,2958.40,2958.20,2958.20,8
01-09-2026 04:02,2958.30,2958.40,2958.20,2958.40,4
01-09-2026 04:03,2958.50,2958.50,2958.30,2958.30,2
01-09-2026 04:04,2958.40,2958.50,2958.30,2958.40,7
01-09-2026 04:05,2958.40,2958.40,2958.30,2958.40,5
01-09-2026 04:06,2958.30,2958.80,2958.30,2958.80,5
01-09-2026 04:07,2958.80,2959.00,2958.80,2958.80,9
01-09-2026 04:08,2958.80,2958.90,2958.70,2958.90,4
01-09-2026 04:09,2959.00,2959.10,2958.90,2959.00,7
01-09-2026 04:10,2959.10,2959.10,2959.10,2959.10,1
01-09-2026 04:11,2958.90,2958.90,2958.40,2958.50,6
01-09-2026 04:12,2958.60,2958.90,2958.60,2958.90,5
01-09-2026 04:13,2958.80,2958.80,2958.70,2958.70,4
01-09-2026 04:14,2958.80,2958.80,2958.70,2958.70,4
01-09-2026 04:15,2958.70,2958.90,2958.70,2958.80,7
01-09-2026 04:16,2958.90,2958.90,2958.70,2958.80,4
01-09-2026 04:17,2958.90,2958.90,2958.80,2958.80,2
01-09-2026 04:18,2958.80,2958.80,2958.50,2958.70,6
01-09-2026 04:19,2958.50,2958.60,2958.50,2958.60,6
01-09-2026 04:20,2958.60,2958.70,2958.40,2958.50,6
01-09-2026 04:21,2958.40,2958.50,2958.40,2958.50,4
01-09-2026 04:22,2958.50,2958.60,2958.40,2958.60,4
01-09-2026 04:23,2958.60,2958.60,2958.40,2958.50,4
01-09-2026 04:24,2958.50,2958.50,2958.40,2958.50,3
01-09-2026 04:25,2958.50,2958.70,2958.50,2958.70,5
01-09-2026 04:26,2958.60,2958.60,2958.50,2958.60,3
01-09-2026 04:27,2958.60,2958.80,2958.20,2958.70,14
01-09-2026 04:28,2958.50,2958.50,2958.30,2958.30,6
01-09-2026 04:29,2958.40,2958.60,2958.20,2958.30,7
01-09-2026 04:30,2958.20,2958.20,2958.10,2958.20,9
01-09-2026 04:31,2958.30,2958.60,2958.20,2958.50,15
01-09-2026 04:32,2958.40,2958.50,2958.30,2958.40,11
01-09-2026 04:33,2958.30,2958.80,2958.30,2958.70,6
01-09-2026 04:34,2958.70,2958.70,2958.60,2958.70,7
01-09-2026 04:35,2958.80,2958.80,2958.40,2958.40,4
01-09-2026 04:36,2958.40,2958.60,2958.40,2958.60,3
01-09-2026 04:37,2958.70,2959.10,2958.70,2958.90,9
01-09-2026 04:38,2959.00,2959.00,2958.80,2958.80,11
01-09-2026 04:39,2958.90,2959.10,2958.90,2959.10,9
01-09-2026 04:40,2959.00,2959.10,2959.00,2959.10,4
01-09-2026 04:41,2959.10,2959.10,2959.00,2959.00,4
01-09-2026 04:42,2959.10,2959.30,2959.10,2959.10,7
01-09-2026 04:43,2959.20,2959.40,2959.10,2959.20,10
01-09-2026 04:44,2959.30,2959.30,2959.10,2959.30,9
01-09-2026 04:45,2959.30,2959.30,2959.00,2959.00,6
01-09-2026 04:46,2959.00,2959.20,2959.00,2959.10,8
01-09-2026 04:47,2959.20,2959.40,2959.20,2959.20,5
01-09-2026 04:48,2959.10,2959.20,2959.10,2959.20,2
01-09-2026 04:49,2959.20,2959.30,2959.20,2959.30,6
01-09-2026 04:50,2959.20,2959.20,2958.70,2958.70,7
01-09-2026 04:51,2958.70,2958.80,2958.70,2958.70,11
01-09-2026 04:52,2958.80,2958.80,2958.70,2958.80,3
01-09-2026 04:53,2958.80,2958.80,2958.70,2958.70,4
01-09-2026 04:54,2958.80,2958.80,2958.70,2958.80,7
01-09-2026 04:55,2958.90,2959.00,2958.80,2958.90,7
01-09-2026 04:56,2959.00,2959.30,2959.00,2959.30,5
01-09-2026 04:57,2959.10,2959.30,2959.10,2959.20,11
01-09-2026 04:58,2959.30,2959.30,2959.10,2959.30,5
01-09-2026 04:59,2959.30,2959.50,2959.30,2959.40,5
01-09-2026 05:00,2959.30,2959.70,2959.20,2959.70,11
01-09-2026 05:01,2959.80,2960.00,2959.50,2959.70,10
01-09-2026 05:02,2959.60,2959.70,2959.60,2959.70,2
01-09-2026 05:03,2959.60,2959.80,2959.60,2959.70,4
01-09-2026 05:04,2959.70,2960.30,2959.70,2960.10,9
01-09-2026 05:05,2960.00,2960.30,2960.00,2960.30,8
01-09-2026 05:06,2960.30,2960.50,2960.30,2960.30,13
01-09-2026 05:07,2960.30,2960.40,2960.30,2960.40,2
01-09-2026 05:08,2960.30,2960.40,2959.80,2959.80,8
01-09-2026 05:09,2959.70,2960.10,2959.60,2959.90,21
01-09-2026 05:10,2960.00,2960.00,2959.90,2959.90,2
01-09-2026 05:11,2960.00,2960.10,2959.90,2959.90,6
01-09-2026 05:12,2960.10,2960.10,2960.00,2960.10,5
01-09-2026 05:13,2960.20,2960.20,2959.50,2959.70,12
01-09-2026 05:14,2959.80,2960.10,2959.80,2960.00,9
01-09-2026 05:15,2960.00,2960.30,2959.70,2960.30,32
01-09-2026 05:16,2960.20,2960.40,2960.00,2960.10,16
01-09-2026 05:17,2960.10,2960.10,2959.20,2959.40,16
01-09-2026 05:18,2959.50,2959.80,2959.50,2959.80,11
01-09-2026 05:19,2959.70,2959.90,2959.70,2959.80,15
01-09-2026 05:20,2959.70,2959.90,2959.60,2959.90,21
01-09-2026 05:21,2959.80,2959.90,2959.60,2959.90,16
01-09-2026 05:22,2960.00,2960.00,2959.60,2959.80,10
01-09-2026 05:23,2959.70,2959.90,2959.60,2959.80,7
01-09-2026 05:24,2959.80,2959.80,2959.40,2959.50,8
01-09-2026 05:25,2959.50,2959.70,2959.40,2959.50,11
01-09-2026 05:26,2959.60,2959.60,2959.30,2959.30,17
01-09-2026 05:27,2959.40,2959.40,2959.00,2959.10,18
01-09-2026 05:28,2959.20,2959.20,2958.80,2958.90,20
01-09-2026 05:29,2958.80,2959.20,2958.80,2959.10,18
01-09-2026 05:30,2959.30,2959.70,2958.00,2958.00,65
01-09-2026 05:31,2958.00,2959.20,2958.00,2959.00,25
01-09-2026 05:32,2958.80,2959.50,2958.80,2959.40,15
01-09-2026 05:33,2959.40,2960.00,2959.30,2959.40,25
01-09-2026 05:34,2959.40,2960.50,2959.40,2960.50,25
01-09-2026 05:35,2960.50,2961.30,2960.30,2960.80,41
01-09-2026 05:36,2960.70,2960.70,2960.10,2960.30,41
01-09-2026 05:37,2960.30,2960.90,2960.30,2960.80,21
01-09-2026 05:38,2960.80,2961.20,2960.70,2961.00,22
01-09-2026 05:39,2961.00,2961.40,2960.90,2961.10,11
01-09-2026 05:40,2961.20,2961.30,2960.70,2961.20,21
01-09-2026 05:41,2961.30,2961.30,2960.80,2960.90,17
01-09-2026 05:42,2960.80,2961.00,2960.70,2960.90,17
01-09-2026 05:43,2960.90,2960.90,2960.50,2960.80,13
01-09-2026 05:44,2960.70,2960.70,2960.40,2960.50,15
01-09-2026 05:45,2960.40,2960.80,2960.20,2960.50,26
01-09-2026 05:46,2960.40,2961.70,2960.20,2961.70,26
01-09-2026 05:47,2961.70,2962.00,2961.50,2961.60,16
01-09-2026 05:48,2961.70,2962.20,2961.60,2962.20,12
01-09-2026 05:49,2962.10,2962.80,2962.10,2962.80,15
01-09-2026 05:50,2962.70,2962.90,2962.60,2962.90,11
01-09-2026 05:51,2962.80,2962.90,2962.60,2962.70,11
01-09-2026 05:52,2962.80,2963.00,2962.40,2962.50,12
01-09-2026 05:53,2962.50,2962.80,2962.50,2962.70,13
01-09-2026 05:54,2962.60,2962.60,2962.40,2962.40,12
01-09-2026 05:55,2962.40,2962.50,2962.10,2962.20,12
01-09-2026 05:56,2962.30,2962.30,2962.00,2962.20,8
01-09-2026 05:57,2962.30,2962.30,2961.70,2961.80,13
01-09-2026 05:58,2961.80,2962.10,2961.80,2961.80,15
01-09-2026 05:59,2961.60,2961.60,2961.40,2961.50,11
01-09-2026 06:00,2961.60,2961.70,2961.30,2961.30,16
01-09-2026 06:01,2961.50,2961.50,2961.00,2961.00,11
01-09-2026 06:02,2961.10,2961.30,2960.50,2960.50,11
01-09-2026 06:03,2960.60,2960.90,2960.40,2960.60,15
01-09-2026 06:04,2960.70,2960.70,2960.50,2960.70,13
01-09-2026 06:05,2960.60,2961.10,2960.60,2960.90,15
01-09-2026 06:06,2960.90,2960.90,2960.60,2960.70,13
01-09-2026 06:07,2960.70,2960.80,2960.60,2960.60,4
01-09-2026 06:08,2960.70,2960.80,2960.60,2960.60,16
01-09-2026 06:09,2960.70,2960.70,2960.50,2960.70,5
01-09-2026 06:10,2960.70,2961.80,2960.60,2961.80,23
01-09-2026 06:11,2961.70,2962.10,2961.60,2961.90,14
01-09-2026 06:12,2961.90,2962.30,2961.90,2962.20,14
01-09-2026 06:13,2962.10,2962.10,2961.60,2961.70,6
01-09-2026 06:14,2961.60,2961.70,2961.60,2961.70,8
01-09-2026 06:15,2961.80,2961.90,2961.60,2961.60,14
01-09-2026 06:16,2961.60,2961.60,2961.10,2961.20,16
01-09-2026 06:17,2961.20,2961.50,2961.20,2961.40,11
01-09-2026 06:18,2961.50,2962.10,2961.50,2961.90,12
01-09-2026 06:19,2961.80,2962.00,2961.60,2962.00,11
01-09-2026 06:20,2962.00,2962.10,2961.80,2962.00,13
01-09-2026 06:21,2962.00,2962.20,2962.00,2962.00,11
01-09-2026 06:22,2962.00,2962.20,2961.90,2962.20,5
01-09-2026 06:23,2962.10,2962.10,2962.10,2962.10,1
01-09-2026 06:24,2962.00,2962.10,2962.00,2962.00,3
01-09-2026 06:25,2962.00,2962.10,2961.70,2961.90,11
01-09-2026 06:26,2961.80,2961.90,2961.80,2961.90,4
01-09-2026 06:27,2961.80,2961.80,2961.50,2961.70,9
01-09-2026 06:28,2961.60,2961.70,2961.60,2961.70,2
01-09-2026 06:29,2961.60,2961.60,2961.10,2961.30,8
01-09-2026 06:30,2961.30,2961.50,2961.00,2961.50,22
01-09-2026 06:31,2961.70,2961.70,2961.00,2961.00,28
01-09-2026 06:32,2961.00,2961.20,2960.80,2961.10,34
01-09-2026 06:33,2961.10,2961.70,2961.10,2961.30,20
01-09-2026 06:34,2961.20,2961.50,2961.00,2961.00,14
01-09-2026 06:35,2961.00,2961.20,2960.90,2961.00,15
01-09-2026 06:36,2961.10,2961.30,2960.70,2960.70,15
01-09-2026 06:37,2960.80,2960.80,2960.50,2960.60,14
01-09-2026 06:38,2960.50,2961.30,2960.50,2961.30,18
01-09-2026 06:39,2961.20,2961.20,2961.00,2961.10,10
01-09-2026 06:40,2961.00,2961.10,2960.90,2961.10,7
01-09-2026 06:41,2961.10,2961.10,2960.50,2960.60,14
01-09-2026 06:42,2960.60,2960.80,2960.40,2960.80,16
01-09-2026 06:43,2960.70,2960.80,2960.60,2960.80,12
01-09-2026 06:44,2960.90,2961.60,2960.90,2961.60,14
01-09-2026 06:45,2961.50,2961.50,2961.10,2961.20,13
01-09-2026 06:46,2961.10,2961.30,2961.10,2961.30,9
01-09-2026 06:47,2961.10,2961.60,2961.10,2961.50,18
01-09-2026 06:48,2961.40,2961.80,2961.20,2961.80,15
01-09-2026 06:49,2961.70,2961.70,2961.10,2961.20,7
01-09-2026 06:50,2961.20,2961.40,2960.90,2960.90,14
01-09-2026 06:51,2960.90,2960.90,2960.80,2960.80,4
01-09-2026 06:52,2960.70,2961.00,2960.60,2960.90,14
01-09-2026 06:53,2961.00,2961.00,2960.80,2961.00,11
01-09-2026 06:54,2960.90,2960.90,2960.30,2960.50,20
01-09-2026 06:55,2960.40,2960.50,2959.50,2959.70,21
01-09-2026 06:56,2959.60,2959.80,2959.50,2959.80,15
01-09-2026 06:57,2959.80,2959.90,2959.40,2959.90,15
01-09-2026 06:58,2959.90,2960.00,2959.70,2959.70,13
01-09-2026 06:59,2959.80,2960.00,2959.60,2959.90,13
01-09-2026 07:00,2959.90,2960.00,2959.20,2959.60,21
01-09-2026 07:01,2959.60,2959.90,2959.60,2959.90,11
01-09-2026 07:02,2959.80,2960.00,2959.80,2959.80,10
01-09-2026 07:03,2959.70,2960.00,2959.40,2960.00,12
01-09-2026 07:04,2960.10,2961.00,2960.00,2961.00,18
01-09-2026 07:05,2961.10,2961.50,2961.00,2961.40,25
01-09-2026 07:06,2961.30,2961.80,2961.10,2961.60,18
01-09-2026 07:07,2961.60,2961.90,2961.30,2961.30,20
01-09-2026 07:08,2961.30,2961.40,2961.10,2961.20,14
01-09-2026 07:09,2961.30,2961.80,2961.20,2961.70,15
01-09-2026 07:10,2961.70,2961.90,2961.40,2961.50,23
01-09-2026 07:11,2961.60,2961.60,2960.90,2961.00,16
01-09-2026 07:12,2961.00,2961.20,2961.00,2961.20,15
01-09-2026 07:13,2961.30,2961.60,2961.20,2961.60,14
01-09-2026 07:14,2961.50,2961.90,2961.50,2961.90,7
01-09-2026 07:15,2962.00,2962.00,2961.70,2961.80,11
01-09-2026 07:16,2961.80,2961.80,2961.40,2961.60,12
01-09-2026 07:17,2961.60,2962.50,2961.60,2962.40,12
01-09-2026 07:18,2962.30,2962.30,2962.20,2962.20,6
01-09-2026 07:19,2962.20,2962.20,2962.10,2962.10,2
01-09-2026 07:20,2962.00,2962.20,2962.00,2962.20,10
01-09-2026 07:21,2962.30,2962.30,2962.10,2962.10,7
01-09-2026 07:22,2962.20,2962.20,2961.60,2961.70,10
01-09-2026 07:23,2961.70,2961.70,2961.50,2961.60,4
01-09-2026 07:24,2961.60,2961.60,2961.10,2961.20,9
01-09-2026 07:25,2961.10,2961.40,2961.10,2961.40,10
01-09-2026 07:26,2961.50,2961.90,2961.50,2961.90,12
01-09-2026 07:27,2961.80,2961.80,2961.50,2961.70,14
01-09-2026 07:28,2961.60,2961.80,2961.40,2961.80,17
01-09-2026 07:29,2961.70,2961.70,2961.50,2961.50,3
01-09-2026 07:30,2961.40,2961.70,2961.40,2961.70,6
01-09-2026 07:31,2961.80,2961.80,2961.30,2961.30,8
01-09-2026 07:32,2961.40,2961.90,2961.40,2961.70,13
01-09-2026 07:33,2961.60,2961.80,2961.50,2961.80,9
01-09-2026 07:34,2961.90,2961.90,2961.60,2961.60,10
01-09-2026 07:35,2961.60,2961.90,2961.50,2961.60,11
01-09-2026 07:36,2961.60,2961.60,2961.30,2961.40,13
01-09-2026 07:37,2961.30,2961.60,2961.30,2961.50,9
01-09-2026 07:38,2961.40,2961.50,2961.10,2961.10,13
01-09-2026 07:39,2961.10,2961.20,2960.90,2960.90,7
01-09-2026 07:40,2960.80,2960.80,2960.10,2960.30,10
01-09-2026 07:41,2960.30,2960.40,2960.10,2960.20,6
01-09-2026 07:42,2960.10,2960.30,2960.10,2960.30,7
01-09-2026 07:43,2960.30,2960.40,2960.10,2960.10,9
01-09-2026 07:44,2960.10,2960.10,2960.00,2960.10,5
01-09-2026 07:45,2960.20,2960.40,2960.10,2960.30,12
01-09-2026 07:46,2960.10,2960.20,2959.60,2959.70,10
01-09-2026 07:47,2959.80,2959.90,2959.70,2959.90,5
01-09-2026 07:48,2959.90,2960.00,2959.90,2960.00,2
01-09-2026 07:49,2959.90,2960.00,2959.80,2960.00,6
01-09-2026 07:50,2960.00,2960.30,2960.00,2960.30,12
01-09-2026 07:51,2960.20,2960.20,2959.80,2960.00,9
01-09-2026 07:52,2959.90,2959.90,2959.80,2959.90,5
01-09-2026 07:53,2959.80,2959.80,2959.60,2959.60,3
01-09-2026 07:54,2959.60,2959.70,2959.60,2959.70,6
01-09-2026 07:55,2959.60,2959.80,2959.40,2959.50,11
01-09-2026 07:56,2959.40,2959.60,2959.30,2959.40,13
01-09-2026 07:57,2959.50,2959.50,2959.30,2959.40,8
01-09-2026 07:58,2959.30,2959.30,2959.10,2959.10,5
01-09-2026 07:59,2959.00,2959.30,2958.90,2959.30,7
01-09-2026 08:00,2959.40,2960.20,2959.30,2960.20,18
01-09-2026 08:01,2960.10,2960.10,2959.70,2960.10,12
01-09-2026 08:02,2960.00,2960.40,2959.90,2959.90,16
01-09-2026 08:03,2959.90,2960.10,2959.70,2960.00,18
01-09-2026 08:04,2960.00,2960.00,2959.60,2959.60,15
01-09-2026 08:05,2959.70,2959.70,2958.90,2958.90,17
01-09-2026 08:06,2959.00,2959.20,2958.80,2959.00,15
01-09-2026 08:07,2959.00,2959.10,2958.70,2958.70,17
01-09-2026 08:08,2958.80,2958.90,2958.70,2958.70,6
01-09-2026 08:09,2958.80,2958.80,2958.30,2958.40,13
01-09-2026 08:10,2958.30,2958.50,2958.20,2958.30,10
01-09-2026 08:11,2958.20,2958.30,2958.10,2958.20,5
01-09-2026 08:12,2958.10,2958.50,2958.10,2958.20,14
01-09-2026 08:13,2958.10,2958.20,2958.10,2958.10,11
01-09-2026 08:14,2958.00,2958.30,2958.00,2958.20,9
01-09-2026 08:15,2958.20,2958.30,2958.00,2958.00,16
01-09-2026 08:16,2958.10,2958.30,2958.00,2958.30,9
01-09-2026 08:17,2958.40,2958.80,2958.40,2958.50,16
01-09-2026 08:18,2958.50,2958.80,2958.50,2958.70,16
01-09-2026 08:19,2958.80,2958.80,2958.50,2958.60,10
01-09-2026 08:20,2958.50,2958.70,2958.50,2958.70,7
01-09-2026 08:21,2958.60,2958.70,2958.60,2958.60,3
01-09-2026 08:22,2958.70,2958.70,2958.40,2958.50,9
01-09-2026 08:23,2958.60,2958.90,2958.50,2958.90,10
01-09-2026 08:24,2958.80,2958.90,2958.70,2958.80,13
01-09-2026 08:25,2958.70,2958.90,2958.70,2958.90,7
01-09-2026 08:26,2959.00,2959.50,2959.00,2959.40,19
01-09-2026 08:27,2959.30,2960.20,2959.30,2960.10,19
01-09-2026 08:28,2960.00,2960.20,2959.80,2960.00,12
01-09-2026 08:29,2960.10,2960.40,2960.10,2960.40,12
01-09-2026 08:30,2960.30,2960.50,2959.90,2960.00,25
01-09-2026 08:31,2960.10,2960.20,2959.50,2959.80,13
01-09-2026 08:32,2959.70,2960.00,2959.60,2960.00,6
01-09-2026 08:33,2960.10,2960.20,2959.70,2959.80,21
01-09-2026 08:34,2959.90,2960.00,2959.60,2959.80,11
01-09-2026 08:35,2959.80,2960.00,2959.70,2959.80,10
01-09-2026 08:36,2959.90,2960.10,2959.90,2959.90,13
01-09-2026 08:37,2960.00,2960.30,2960.00,2960.20,13
01-09-2026 08:38,2960.30,2960.30,2959.90,2959.90,9
01-09-2026 08:39,2960.00,2960.30,2959.90,2960.20,20
01-09-2026 08:40,2960.20,2960.20,2959.90,2960.20,9
01-09-2026 08:41,2960.10,2960.10,2960.00,2960.00,2
01-09-2026 08:42,2960.10,2960.30,2960.00,2960.20,10
01-09-2026 08:43,2960.10,2960.20,2959.90,2959.90,11
01-09-2026 08:44,2959.90,2959.90,2959.80,2959.80,4
01-09-2026 08:45,2959.90,2960.40,2959.90,2960.40,14
01-09-2026 08:46,2960.40,2960.50,2960.10,2960.30,13
01-09-2026 08:47,2960.20,2960.20,2959.80,2959.80,9
01-09-2026 08:48,2959.90,2960.00,2959.60,2959.60,13
01-09-2026 08:49,2959.60,2959.80,2959.60,2959.60,11
01-09-2026 08:50,2959.60,2959.60,2959.40,2959.50,18
01-09-2026 08:51,2959.40,2959.70,2959.30,2959.60,15
01-09-2026 08:52,2959.70,2959.70,2959.30,2959.40,10
01-09-2026 08:53,2959.50,2959.60,2959.40,2959.40,7
01-09-2026 08:54,2959.50,2959.60,2959.40,2959.40,8
01-09-2026 08:55,2959.50,2959.70,2959.40,2959.60,12
01-09-2026 08:56,2959.60,2959.70,2959.40,2959.70,14
01-09-2026 08:57,2959.60,2960.00,2959.60,2960.00,11
01-09-2026 08:58,2959.90,2960.30,2959.90,2960.10,10
01-09-2026 08:59,2960.10,2960.10,2959.60,2959.60,10
01-09-2026 09:00,2959.60,2959.70,2959.30,2959.50,27
01-09-2026 09:01,2959.50,2959.70,2959.50,2959.50,13
01-09-2026 09:02,2959.60,2960.00,2959.40,2959.50,18
01-09-2026 09:03,2959.40,2959.60,2959.40,2959.50,6
01-09-2026 09:04,2959.50,2959.60,2959.50,2959.50,3
01-09-2026 09:05,2959.40,2959.80,2959.20,2959.80,17
01-09-2026 09:06,2959.70,2960.10,2959.70,2960.10,13
01-09-2026 09:07,2960.20,2960.30,2960.00,2960.10,12
01-09-2026 09:08,2959.90,2960.10,2959.90,2960.10,6
01-09-2026 09:09,2960.00,2960.20,2959.90,2960.20,5
01-09-2026 09:10,2960.30,2960.30,2960.20,2960.20,4
01-09-2026 09:11,2960.00,2960.50,2960.00,2960.40,9
01-09-2026 09:12,2960.50,2960.50,2960.00,2960.00,6
01-09-2026 09:13,2960.00,2960.00,2959.80,2959.90,6
01-09-2026 09:14,2959.90,2960.00,2959.90,2960.00,10
01-09-2026 09:15,2959.90,2960.10,2959.80,2959.90,13
01-09-2026 09:16,2959.80,2960.30,2959.70,2960.10,17
01-09-2026 09:17,2960.00,2960.00,2959.90,2959.90,4
01-09-2026 09:18,2960.00,2960.00,2959.90,2960.00,3
01-09-2026 09:19,2960.00,2960.10,2959.80,2959.90,9
01-09-2026 09:20,2959.90,2959.90,2959.80,2959.80,6
01-09-2026 09:21,2959.80,2960.10,2959.80,2960.00,11
01-09-2026 09:22,2960.00,2960.00,2959.70,2959.80,7
01-09-2026 09:23,2959.90,2960.00,2959.90,2959.90,13
01-09-2026 09:24,2959.80,2959.80,2959.50,2959.50,4
01-09-2026 09:25,2959.40,2959.50,2959.30,2959.40,5
01-09-2026 09:26,2959.40,2959.50,2959.30,2959.40,11
01-09-2026 09:27,2959.50,2959.50,2959.40,2959.40,4
01-09-2026 09:28,2959.40,2959.50,2959.40,2959.50,6
01-09-2026 09:29,2959.60,2959.70,2959.50,2959.70,6
01-09-2026 09:30,2959.60,2960.10,2959.50,2960.10,20
01-09-2026 09:31,2960.10,2960.30,2960.10,2960.30,11
01-09-2026 09:32,2960.20,2960.20,2959.90,2959.90,13
01-09-2026 09:33,2960.00,2960.00,2959.60,2959.60,9
01-09-2026 09:34,2959.70,2959.80,2959.60,2959.60,6
01-09-2026 09:35,2959.60,2959.90,2959.60,2959.70,9
01-09-2026 09:36,2959.70,2959.80,2959.60,2959.60,9
01-09-2026 09:37,2959.60,2959.60,2959.40,2959.50,5
01-09-2026 09:38,2959.50,2959.70,2959.50,2959.70,7
01-09-2026 09:39,2959.60,2959.60,2959.40,2959.60,5
01-09-2026 09:40,2959.70,2959.90,2959.40,2959.90,14
01-09-2026 09:41,2960.00,2960.00,2960.00,2960.00,1
01-09-2026 09:42,2959.80,2959.90,2959.80,2959.90,2
01-09-2026 09:43,2959.90,2960.00,2959.90,2959.90,3
01-09-2026 09:44,2960.00,2960.10,2959.80,2959.80,5
01-09-2026 09:45,2959.80,2959.90,2959.80,2959.90,4
01-09-2026 09:46,2960.00,2960.20,2960.00,2960.20,5
01-09-2026 09:47,2960.30,2960.30,2960.10,2960.10,5
01-09-2026 09:48,2960.10,2960.20,2960.00,2960.20,8
01-09-2026 09:49,2960.20,2960.40,2960.10,2960.30,8
01-09-2026 09:50,2960.20,2960.20,2960.10,2960.20,5
01-09-2026 09:51,2960.20,2960.20,2960.20,2960.20,1
01-09-2026 09:52,2960.10,2960.30,2960.00,2960.00,9
01-09-2026 09:53,2959.90,2960.00,2959.90,2959.90,3
01-09-2026 09:54,2959.90,2960.00,2959.90,2959.90,11
01-09-2026 09:55,2960.00,2960.10,2960.00,2960.10,4
01-09-2026 09:56,2960.00,2960.00,2959.90,2959.90,6
01-09-2026 09:57,2959.80,2959.80,2959.30,2959.30,8
01-09-2026 09:58,2959.30,2959.30,2959.20,2959.20,8
01-09-2026 09:59,2959.10,2959.60,2959.00,2959.40,17
01-09-2026 10:00,2959.50,2959.80,2959.20,2959.80,9
01-09-2026 10:01,2959.90,2960.00,2959.50,2959.80,14
01-09-2026 10:02,2959.70,2959.80,2959.70,2959.70,3
01-09-2026 10:03,2959.70,2959.70,2959.40,2959.70,10
01-09-2026 10:04,2959.50,2959.80,2959.50,2959.80,15
01-09-2026 10:05,2959.90,2959.90,2959.80,2959.80,2
01-09-2026 10:06,2959.60,2959.70,2959.60,2959.70,6
01-09-2026 10:07,2959.70,2959.90,2959.70,2959.90,7
01-09-2026 10:08,2959.80,2959.80,2959.60,2959.60,3
01-09-2026 10:09,2959.60,2959.60,2959.20,2959.30,6
01-09-2026 10:10,2959.40,2959.50,2959.20,2959.30,7
01-09-2026 10:11,2959.30,2959.30,2958.70,2958.70,8
01-09-2026 10:12,2958.80,2959.00,2958.80,2959.00,5
01-09-2026 10:13,2959.10,2959.10,2958.90,2958.90,5
01-09-2026 10:14,2958.90,2959.00,2958.80,2958.90,7
01-09-2026 10:15,2958.80,2959.20,2958.80,2959.10,12
01-09-2026 10:16,2959.10,2959.60,2959.10,2959.60,11
01-09-2026 10:17,2959.70,2959.90,2959.70,2959.70,17
01-09-2026 10:18,2959.60,2959.70,2959.60,2959.60,3
01-09-2026 10:19,2959.70,2959.70,2959.50,2959.60,6
01-09-2026 10:20,2959.70,2959.80,2959.10,2959.10,11
01-09-2026 10:21,2959.00,2959.00,2958.70,2958.70,6
01-09-2026 10:22,2958.70,2958.80,2958.60,2958.70,7
01-09-2026 10:23,2958.60,2958.80,2958.50,2958.60,6
01-09-2026 10:24,2958.60,2958.60,2958.40,2958.40,7
01-09-2026 10:25,2958.40,2958.50,2958.20,2958.20,5
01-09-2026 10:26,2958.10,2958.30,2958.10,2958.30,3
01-09-2026 10:27,2958.20,2958.30,2958.00,2958.00,17
01-09-2026 10:28,2957.90,2958.10,2957.90,2957.90,9
01-09-2026 10:29,2958.00,2958.20,2957.90,2958.20,9
01-09-2026 10:30,2958.20,2958.20,2957.70,2957.80,16
01-09-2026 10:31,2957.70,2958.20,2957.60,2958.20,15
01-09-2026 10:32,2958.30,2958.50,2958.30,2958.40,5
01-09-2026 10:33,2958.40,2958.50,2958.30,2958.40,11
01-09-2026 10:34,2958.30,2958.60,2958.30,2958.50,4
01-09-2026 10:35,2958.50,2958.50,2958.30,2958.40,8
01-09-2026 10:36,2958.40,2958.60,2958.40,2958.60,3
01-09-2026 10:37,2958.50,2958.60,2958.40,2958.50,7
01-09-2026 10:38,2958.60,2958.80,2958.60,2958.60,13
01-09-2026 10:39,2958.60,2958.70,2958.60,2958.70,4
01-09-2026 10:40,2958.80,2958.80,2958.60,2958.60,9
01-09-2026 10:41,2958.50,2958.60,2958.30,2958.30,9
01-09-2026 10:42,2958.40,2958.60,2958.40,2958.60,9
01-09-2026 10:43,2958.70,2958.70,2958.60,2958.70,7
01-09-2026 10:44,2958.60,2958.70,2958.20,2958.30,12
01-09-2026 10:45,2958.40,2958.40,2958.20,2958.30,14
01-09-2026 10:46,2958.30,2958.50,2958.30,2958.50,2
01-09-2026 10:47,2958.40,2958.50,2958.10,2958.10,9
01-09-2026 10:48,2958.10,2958.10,2957.80,2957.80,4
01-09-2026 10:49,2957.70,2957.80,2957.70,2957.70,15
01-09-2026 10:50,2957.80,2957.80,2957.70,2957.80,13
01-09-2026 10:51,2957.70,2957.80,2957.40,2957.50,11
01-09-2026 10:52,2957.40,2957.60,2957.40,2957.60,5
01-09-2026 10:53,2957.50,2957.60,2957.30,2957.30,5
01-09-2026 10:54,2957.20,2957.70,2957.10,2957.70,10
01-09-2026 10:55,2957.80,2958.00,2957.70,2958.00,17
01-09-2026 10:56,2957.90,2958.30,2957.90,2958.10,11
01-09-2026 10:57,2958.00,2958.50,2958.00,2958.40,13
01-09-2026 10:58,2958.50,2958.70,2958.40,2958.60,15
01-09-2026 10:59,2958.60,2959.40,2958.60,2959.40,14
01-09-2026 11:00,2959.30,2959.40,2958.80,2959.30,20
01-09-2026 11:01,2959.20,2959.70,2959.20,2959.60,11
01-09-2026 11:02,2959.60,2959.90,2959.20,2959.90,10
01-09-2026 11:03,2959.70,2959.70,2959.00,2959.00,10
01-09-2026 11:04,2959.00,2959.40,2959.00,2959.40,9
01-09-2026 11:05,2959.50,2959.50,2959.00,2959.30,10
01-09-2026 11:06,2959.40,2960.40,2959.40,2960.40,16
01-09-2026 11:07,2960.30,2960.80,2960.20,2960.70,13
01-09-2026 11:08,2960.90,2962.30,2960.90,2961.90,27
01-09-2026 11:09,2961.80,2962.50,2961.40,2961.60,36
01-09-2026 11:10,2961.70,2961.90,2961.70,2961.70,24
01-09-2026 11:11,2961.60,2961.80,2961.40,2961.80,18
01-09-2026 11:12,2961.90,2962.10,2961.50,2962.10,14
01-09-2026 11:13,2962.10,2962.60,2962.10,2962.50,17
01-09-2026 11:14,2962.40,2963.30,2962.40,2963.20,18
01-09-2026 11:15,2963.10,2963.30,2962.90,2963.10,11
01-09-2026 11:16,2963.10,2963.50,2962.60,2963.00,23
01-09-2026 11:17,2962.90,2963.00,2962.60,2962.60,17
01-09-2026 11:18,2962.80,2962.80,2962.50,2962.60,11
01-09-2026 11:19,2962.70,2962.70,2962.60,2962.60,12
01-09-2026 11:20,2962.50,2962.70,2962.20,2962.60,14
01-09-2026 11:21,2962.60,2962.60,2962.10,2962.30,18
01-09-2026 11:22,2962.40,2963.00,2962.30,2962.80,16
01-09-2026 11:23,2962.80,2962.80,2962.40,2962.60,10
01-09-2026 11:24,2962.50,2962.90,2962.50,2962.90,16
01-09-2026 11:25,2962.90,2963.60,2962.90,2963.40,20
01-09-2026 11:26,2963.40,2963.50,2963.00,2963.00,17
01-09-2026 11:27,2962.80,2963.30,2962.70,2963.30,17
01-09-2026 11:28,2963.20,2963.20,2962.80,2962.80,19
01-09-2026 11:29,2962.70,2962.70,2962.40,2962.40,3
01-09-2026 11:30,2962.30,2962.70,2962.20,2962.60,13
01-09-2026 11:31,2962.60,2963.00,2962.60,2962.80,12
01-09-2026 11:32,2962.70,2962.80,2962.50,2962.70,15
01-09-2026 11:33,2962.60,2962.80,2961.70,2961.70,17
01-09-2026 11:34,2961.70,2961.90,2961.60,2961.70,11
01-09-2026 11:35,2961.80,2961.80,2960.90,2961.20,29
01-09-2026 11:36,2961.20,2961.30,2960.70,2960.90,12
01-09-2026 11:37,2960.90,2961.50,2960.90,2961.50,9
01-09-2026 11:38,2961.30,2961.40,2960.70,2961.00,13
01-09-2026 11:39,2961.00,2961.20,2960.60,2960.70,16
01-09-2026 11:40,2960.70,2960.90,2960.40,2960.70,18
01-09-2026 11:41,2960.90,2961.60,2960.80,2961.40,20
01-09-2026 11:42,2961.50,2961.50,2961.00,2961.00,26
01-09-2026 11:43,2960.90,2961.00,2960.70,2960.90,13
01-09-2026 11:44,2960.80,2960.90,2960.70,2960.80,11
01-09-2026 11:45,2960.90,2960.90,2960.30,2960.90,16
01-09-2026 11:46,2960.80,2961.10,2960.00,2960.80,25
01-09-2026 11:47,2960.90,2961.20,2960.70,2960.90,22
01-09-2026 11:48,2961.00,2961.40,2961.00,2961.30,15
01-09-2026 11:49,2961.20,2961.30,2960.80,2960.80,13
01-09-2026 11:50,2960.80,2961.20,2960.80,2961.10,16
01-09-2026 11:51,2961.10,2961.10,2960.80,2960.90,14
01-09-2026 11:52,2960.90,2960.90,2960.30,2960.30,17
01-09-2026 11:53,2960.40,2960.50,2960.20,2960.40,10
01-09-2026 11:54,2960.40,2960.60,2960.30,2960.50,13
01-09-2026 11:55,2960.50,2960.90,2960.50,2960.80,14
01-09-2026 11:56,2960.80,2961.20,2960.50,2960.50,16
01-09-2026 11:57,2960.40,2960.60,2960.30,2960.40,10
01-09-2026 11:58,2960.40,2960.70,2960.30,2960.30,10
01-09-2026 11:59,2960.30,2960.40,2959.80,2960.00,21
01-09-2026 12:00,2959.90,2960.30,2959.50,2960.20,24
01-09-2026 12:01,2960.30,2961.00,2960.20,2960.30,24
01-09-2026 12:02,2960.40,2961.20,2960.40,2961.10,24
01-09-2026 12:03,2961.00,2961.10,2960.90,2960.90,17
01-09-2026 12:04,2960.90,2961.20,2960.10,2960.10,22
01-09-2026 12:05,2960.10,2960.60,2960.10,2960.60,12
01-09-2026 12:06,2960.50,2960.50,2960.10,2960.10,22
01-09-2026 12:07,2960.20,2960.20,2959.60,2959.60,13
01-09-2026 12:08,2959.60,2960.90,2959.50,2960.60,18
01-09-2026 12:09,2960.80,2961.60,2960.70,2961.50,15
01-09-2026 12:10,2961.40,2961.50,2961.00,2961.50,12
01-09-2026 12:11,2961.40,2961.40,2961.00,2961.10,14
01-09-2026 12:12,2961.20,2961.40,2960.90,2961.30,18
01-09-2026 12:13,2961.40,2961.40,2961.20,2961.20,9
01-09-2026 12:14,2961.20,2961.20,2960.90,2961.10,12
01-09-2026 12:15,2961.10,2961.30,2960.90,2960.90,16
01-09-2026 12:16,2960.70,2960.80,2960.60,2960.70,6
01-09-2026 12:17,2960.60,2960.60,2960.10,2960.10,22
01-09-2026 12:18,2960.20,2960.40,2960.10,2960.30,9
01-09-2026 12:19,2960.30,2960.30,2960.10,2960.20,12
01-09-2026 12:20,2960.10,2960.30,2960.10,2960.30,10
01-09-2026 12:21,2960.30,2960.50,2960.20,2960.20,14
01-09-2026 12:22,2960.30,2960.30,2960.00,2960.20,17
01-09-2026 12:23,2960.30,2960.80,2960.20,2960.80,13
01-09-2026 12:24,2960.70,2961.00,2960.50,2960.90,17
01-09-2026 12:25,2960.90,2960.90,2960.70,2960.70,6
01-09-2026 12:26,2960.70,2960.90,2960.10,2960.20,15
01-09-2026 12:27,2960.10,2960.40,2960.00,2960.30,15
01-09-2026 12:28,2960.40,2960.50,2960.20,2960.30,8
01-09-2026 12:29,2960.20,2960.70,2960.20,2960.40,19
01-09-2026 12:30,2960.10,2961.60,2959.70,2961.60,60
01-09-2026 12:31,2961.50,2963.10,2961.30,2963.10,41
01-09-2026 12:32,2963.10,2963.80,2962.90,2963.70,24
01-09-2026 12:33,2963.60,2963.60,2962.70,2962.70,30
01-09-2026 12:34,2962.80,2964.60,2962.80,2964.50,33
01-09-2026 12:35,2964.50,2964.80,2963.30,2963.30,41
01-09-2026 12:36,2963.40,2963.70,2962.70,2962.80,21
01-09-2026 12:37,2962.70,2963.20,2962.70,2962.70,36
01-09-2026 12:38,2962.70,2963.20,2962.50,2963.00,24
01-09-2026 12:39,2963.10,2963.10,2961.40,2961.40,37
01-09-2026 12:40,2961.30,2962.00,2960.30,2960.50,49
01-09-2026 12:41,2960.50,2960.90,2960.20,2960.90,31
01-09-2026 12:42,2961.00,2961.00,2960.70,2960.90,21
01-09-2026 12:43,2960.90,2961.90,2960.80,2961.90,21
01-09-2026 12:44,2961.90,2963.70,2961.90,2963.70,24
01-09-2026 12:45,2963.60,2963.70,2962.60,2962.90,35
01-09-2026 12:46,2963.00,2963.00,2961.90,2962.10,29
01-09-2026 12:47,2962.00,2962.30,2961.40,2961.60,34
01-09-2026 12:48,2961.70,2961.70,2960.80,2961.20,41
01-09-2026 12:49,2961.10,2961.80,2961.10,2961.80,19
01-09-2026 12:50,2961.90,2961.90,2961.20,2961.50,27
01-09-2026 12:51,2961.60,2962.50,2961.10,2962.50,36
01-09-2026 12:52,2962.40,2962.60,2961.70,2962.30,27
01-09-2026 12:53,2962.30,2962.40,2961.70,2961.80,23
01-09-2026 12:54,2961.90,2962.00,2961.60,2961.70,20
01-09-2026 12:55,2961.60,2962.20,2961.60,2962.20,19
01-09-2026 12:56,2962.10,2962.60,2962.10,2962.50,14
01-09-2026 12:57,2962.40,2962.40,2962.00,2962.10,16
01-09-2026 12:58,2962.00,2962.50,2961.80,2961.90,19
01-09-2026 12:59,2961.90,2962.20,2961.90,2962.00,10
01-09-2026 13:00,2961.80,2961.80,2960.80,2961.10,35
01-09-2026 13:01,2961.20,2961.80,2961.10,2961.80,39
01-09-2026 13:02,2961.80,2961.80,2961.30,2961.60,29
01-09-2026 13:03,2961.50,2961.60,2960.90,2961.30,33
01-09-2026 13:04,2961.30,2961.60,2960.00,2960.10,27
01-09-2026 13:05,2960.00,2960.00,2959.20,2959.60,34
01-09-2026 13:06,2959.50,2959.60,2958.60,2958.60,38
01-09-2026 13:07,2958.50,2958.70,2957.90,2958.20,30
01-09-2026 13:08,2958.40,2958.70,2957.80,2958.10,38
01-09-2026 13:09,2958.00,2958.40,2957.70,2957.70,37
01-09-2026 13:10,2957.60,2957.90,2957.20,2957.50,39
01-09-2026 13:11,2957.30,2957.70,2957.20,2957.30,26
01-09-2026 13:12,2957.40,2957.40,2956.80,2956.80,26
01-09-2026 13:13,2956.70,2956.90,2956.40,2956.50,39
01-09-2026 13:14,2956.60,2956.70,2956.10,2956.20,25
01-09-2026 13:15,2956.20,2956.20,2954.90,2955.10,38
01-09-2026 13:16,2955.20,2955.40,2954.40,2955.30,46
01-09-2026 13:17,2955.40,2956.60,2955.40,2956.60,32
01-09-2026 13:18,2956.40,2957.80,2956.40,2957.70,32
01-09-2026 13:19,2957.60,2957.90,2957.40,2957.60,23
01-09-2026 13:20,2957.60,2958.10,2957.60,2958.10,30
01-09-2026 13:21,2957.90,2958.20,2957.50,2957.60,36
01-09-2026 13:22,2957.50,2958.10,2957.40,2957.50,27
01-09-2026 13:23,2957.60,2957.80,2957.20,2957.30,26
01-09-2026 13:24,2957.30,2958.30,2957.30,2957.50,23
01-09-2026 13:25,2957.40,2958.00,2957.20,2958.00,33
01-09-2026 13:26,2957.90,2958.00,2957.00,2957.20,28
01-09-2026 13:27,2957.20,2957.30,2956.50,2956.70,40
01-09-2026 13:28,2956.80,2957.40,2956.80,2957.20,16
01-09-2026 13:29,2957.20,2957.70,2956.90,2957.40,36
01-09-2026 13:30,2957.30,2957.30,2955.80,2956.30,52
01-09-2026 13:31,2956.40,2956.40,2955.80,2956.20,37
01-09-2026 13:32,2956.10,2956.90,2955.60,2956.00,47
01-09-2026 13:33,2956.00,2956.30,2955.20,2955.20,34
01-09-2026 13:34,2955.30,2955.80,2954.90,2955.70,38
01-09-2026 13:35,2955.60,2958.00,2954.20,2954.20,136
01-09-2026 13:36,2954.30,2955.50,2953.30,2953.60,168
01-09-2026 13:37,2953.80,2954.00,2952.20,2953.40,133
01-09-2026 13:38,2953.30,2953.50,2952.30,2952.80,72
01-09-2026 13:39,2952.90,2953.80,2950.80,2951.30,69
01-09-2026 13:40,2951.50,2952.10,2950.80,2951.60,70
01-09-2026 13:41,2951.50,2952.20,2950.80,2951.20,78
01-09-2026 13:42,2951.30,2952.20,2950.70,2952.00,59
01-09-2026 13:43,2952.10,2952.30,2951.20,2951.40,61
01-09-2026 13:44,2951.50,2952.40,2951.50,2952.00,57
01-09-2026 13:45,2952.20,2953.40,2952.10,2953.20,57
01-09-2026 13:46,2953.10,2953.20,2951.90,2951.90,59
01-09-2026 13:47,2952.00,2952.00,2950.40,2950.80,54
01-09-2026 13:48,2951.00,2951.40,2950.00,2950.50,42
01-09-2026 13:49,2950.50,2950.90,2949.90,2950.50,49
01-09-2026 13:50,2950.50,2950.80,2949.90,2950.60,48
01-09-2026 13:51,2950.60,2950.80,2948.80,2949.60,59
01-09-2026 13:52,2949.80,2950.00,2949.30,2949.30,46
01-09-2026 13:53,2949.50,2949.90,2948.60,2948.90,48
01-09-2026 13:54,2948.90,2948.90,2948.30,2948.60,38
01-09-2026 13:55,2948.70,2949.10,2948.20,2948.60,51
01-09-2026 13:56,2948.50,2949.00,2948.00,2948.50,50
01-09-2026 13:57,2948.50,2948.60,2946.60,2947.20,72
01-09-2026 13:58,2947.00,2947.10,2946.30,2946.60,49
01-09-2026 13:59,2946.50,2946.80,2946.10,2946.40,61
01-09-2026 14:00,2946.50,2947.00,2945.30,2945.70,68
01-09-2026 14:01,2945.70,2946.00,2944.50,2945.30,59
01-09-2026 14:02,2945.20,2945.80,2944.70,2945.50,56
01-09-2026 14:03,2945.50,2946.80,2945.40,2946.30,51
01-09-2026 14:04,2946.40,2946.40,2945.80,2946.10,34
01-09-2026 14:05,2946.40,2946.50,2944.80,2944.80,56
01-09-2026 14:06,2944.80,2945.70,2944.70,2945.10,47
01-09-2026 14:07,2945.20,2945.30,2943.60,2943.80,69
01-09-2026 14:08,2943.80,2943.90,2943.20,2943.60,44
01-09-2026 14:09,2943.50,2944.50,2943.40,2943.90,37
01-09-2026 14:10,2943.80,2944.80,2943.40,2944.40,54
01-09-2026 14:11,2944.50,2944.70,2943.40,2943.90,57
01-09-2026 14:12,2944.00,2944.00,2942.40,2942.40,51
01-09-2026 14:13,2942.20,2942.50,2941.40,2942.00,57
01-09-2026 14:14,2942.10,2943.20,2942.10,2942.60,58
01-09-2026 14:15,2942.60,2943.60,2942.10,2943.10,62
01-09-2026 14:16,2943.20,2943.50,2942.70,2943.40,55
01-09-2026 14:17,2943.50,2943.50,2942.40,2943.40,55
01-09-2026 14:18,2943.20,2943.20,2941.90,2942.70,54
01-09-2026 14:19,2942.80,2943.90,2942.30,2943.80,48
01-09-2026 14:20,2943.70,2943.80,2942.90,2943.10,42
01-09-2026 14:21,2943.20,2943.60,2943.10,2943.50,36
01-09-2026 14:22,2943.50,2944.90,2943.50,2944.90,40
01-09-2026 14:23,2944.80,2945.80,2944.70,2945.20,46
01-09-2026 14:24,2945.20,2946.30,2945.20,2945.90,34
01-09-2026 14:25,2945.80,2947.20,2945.80,2946.70,51
01-09-2026 14:26,2946.60,2946.60,2945.00,2945.00,50
01-09-2026 14:27,2945.10,2946.00,2945.10,2945.50,25
01-09-2026 14:28,2945.60,2945.70,2945.00,2945.20,34
01-09-2026 14:29,2945.20,2945.30,2943.60,2943.60,33
01-09-2026 14:30,2943.80,2944.30,2943.10,2943.20,54
01-09-2026 14:31,2943.30,2944.30,2943.20,2943.70,52
01-09-2026 14:32,2943.70,2944.20,2943.60,2944.20,29
01-09-2026 14:33,2944.00,2944.80,2944.00,2944.50,24
01-09-2026 14:34,2944.40,2945.60,2944.30,2945.40,45
01-09-2026 14:35,2945.30,2946.20,2945.00,2945.70,56
01-09-2026 14:36,2945.60,2945.60,2943.90,2944.40,52
01-09-2026 14:37,2944.30,2944.80,2944.20,2944.70,39
01-09-2026 14:38,2944.60,2944.70,2943.80,2943.80,33
01-09-2026 14:39,2943.70,2944.50,2943.70,2943.80,40
01-09-2026 14:40,2943.80,2944.70,2943.80,2943.80,39
01-09-2026 14:41,2943.80,2944.40,2943.80,2943.90,31
01-09-2026 14:42,2944.10,2944.50,2943.40,2943.80,57
01-09-2026 14:43,2943.90,2944.00,2942.70,2942.80,33
01-09-2026 14:44,2942.80,2943.60,2942.70,2942.90,44
01-09-2026 14:45,2942.90,2943.30,2942.30,2943.00,44
01-09-2026 14:46,2942.80,2943.70,2942.80,2943.60,43
01-09-2026 14:47,2943.60,2944.00,2943.20,2943.60,36
01-09-2026 14:48,2943.60,2943.90,2942.90,2942.90,49
01-09-2026 14:49,2942.80,2943.80,2942.80,2943.20,42
01-09-2026 14:50,2943.30,2943.40,2942.30,2942.80,48
01-09-2026 14:51,2942.70,2943.70,2942.50,2942.80,47
01-09-2026 14:52,2942.80,2943.20,2942.50,2943.10,23
01-09-2026 14:53,2943.10,2943.10,2942.30,2942.80,37
01-09-2026 14:54,2942.70,2942.80,2941.70,2941.70,32
01-09-2026 14:55,2941.80,2942.00,2941.60,2941.90,34
01-09-2026 14:56,2941.70,2941.80,2941.40,2941.50,35
01-09-2026 14:57,2941.50,2941.90,2941.20,2941.30,43
01-09-2026 14:58,2941.20,2941.80,2941.10,2941.70,43
01-09-2026 14:59,2941.80,2942.10,2941.40,2942.00,29
01-09-2026 15:00,2942.10,2942.60,2941.30,2941.70,55
01-09-2026 15:01,2941.60,2941.80,2941.20,2941.40,36
01-09-2026 15:02,2941.50,2942.30,2941.40,2941.60,40
01-09-2026 15:03,2941.80,2942.40,2941.40,2941.50,48
01-09-2026 15:04,2941.50,2942.50,2941.50,2942.10,47
01-09-2026 15:05,2942.00,2942.60,2941.80,2941.90,30
01-09-2026 15:06,2942.00,2942.30,2941.70,2942.00,38
01-09-2026 15:07,2941.90,2942.20,2941.40,2941.70,30
01-09-2026 15:08,2941.70,2941.80,2940.80,2941.10,41
01-09-2026 15:09,2941.20,2941.40,2941.00,2941.20,26
01-09-2026 15:10,2941.30,2941.90,2941.00,2941.70,30
01-09-2026 15:11,2941.70,2942.10,2941.50,2941.70,19
01-09-2026 15:12,2941.60,2942.00,2941.50,2941.70,29
01-09-2026 15:13,2941.90,2942.00,2941.70,2941.80,23
01-09-2026 15:14,2941.80,2942.20,2941.60,2941.60,25
01-09-2026 15:15,2941.50,2942.50,2941.50,2942.50,23
01-09-2026 15:16,2942.60,2943.20,2942.30,2942.80,37
01-09-2026 15:17,2942.90,2943.20,2942.50,2943.00,23
01-09-2026 15:18,2943.10,2943.20,2942.80,2942.80,20
01-09-2026 15:19,2942.90,2942.90,2942.20,2942.30,32
01-09-2026 15:20,2942.30,2943.30,2942.20,2943.20,28
01-09-2026 15:21,2943.20,2943.20,2942.50,2942.70,27
01-09-2026 15:22,2942.60,2943.00,2942.50,2942.70,16
01-09-2026 15:23,2942.90,2943.10,2942.20,2942.60,25
01-09-2026 15:24,2942.70,2942.70,2942.40,2942.70,28
01-09-2026 15:25,2942.80,2943.00,2942.10,2942.20,25
01-09-2026 15:26,2942.30,2942.70,2942.20,2942.60,18
01-09-2026 15:27,2942.50,2942.60,2942.20,2942.50,19
01-09-2026 15:28,2942.40,2942.50,2941.90,2941.90,20
01-09-2026 15:29,2941.80,2942.10,2941.50,2941.60,29
01-09-2026 15:30,2941.70,2942.40,2941.70,2942.30,28
01-09-2026 15:31,2942.10,2942.50,2941.80,2942.30,20
01-09-2026 15:32,2942.40,2942.90,2942.20,2942.40,24
01-09-2026 15:33,2942.50,2942.50,2941.20,2941.20,41
01-09-2026 15:34,2941.20,2941.60,2940.70,2941.40,43
01-09-2026 15:35,2941.50,2942.40,2941.40,2942.20,22
01-09-2026 15:36,2942.10,2942.40,2941.70,2941.90,24
01-09-2026 15:37,2941.90,2942.60,2941.90,2942.40,21
01-09-2026 15:38,2942.20,2943.00,2942.20,2942.60,18
01-09-2026 15:39,2942.60,2942.80,2942.30,2942.30,20
01-09-2026 15:40,2942.30,2943.20,2942.20,2943.20,15
01-09-2026 15:41,2943.20,2943.80,2943.10,2943.80,19
01-09-2026 15:42,2943.90,2944.70,2943.90,2944.40,14
01-09-2026 15:43,2944.30,2945.20,2944.30,2945.00,23
01-09-2026 15:44,2944.80,2945.10,2944.60,2944.80,20
01-09-2026 15:45,2944.80,2945.30,2944.70,2945.30,23
01-09-2026 15:46,2945.40,2945.50,2945.10,2945.20,24
01-09-2026 15:47,2945.50,2945.70,2944.80,2945.70,29
01-09-2026 15:48,2945.70,2945.80,2944.60,2945.00,26
01-09-2026 15:49,2944.90,2945.50,2944.80,2945.50,22
01-09-2026 15:50,2945.60,2946.10,2945.40,2946.10,20
01-09-2026 15:51,2946.00,2947.80,2946.00,2947.70,30
01-09-2026 15:52,2947.80,2948.00,2947.70,2947.90,10
01-09-2026 15:53,2947.90,2948.30,2947.70,2947.90,27
01-09-2026 15:54,2948.00,2948.40,2948.00,2948.20,13
01-09-2026 15:55,2948.20,2948.80,2948.20,2948.70,21
01-09-2026 15:56,2948.60,2948.90,2948.50,2948.90,13
01-09-2026 15:57,2948.90,2949.10,2948.20,2948.30,14
01-09-2026 15:58,2948.20,2948.20,2947.60,2947.90,23
01-09-2026 15:59,2948.00,2948.00,2947.70,2947.80,18
01-09-2026 16:00,2947.70,2948.30,2947.60,2948.30,14
01-09-2026 16:01,2948.30,2948.30,2947.40,2947.60,25
01-09-2026 16:02,2947.70,2948.40,2947.60,2948.40,12
01-09-2026 16:03,2948.50,2948.90,2948.50,2948.90,19
01-09-2026 16:04,2948.90,2949.40,2948.90,2949.40,24
01-09-2026 16:05,2949.50,2949.70,2949.20,2949.20,23
01-09-2026 16:06,2949.30,2949.40,2949.00,2949.30,15
01-09-2026 16:07,2949.20,2949.40,2948.80,2948.80,10
01-09-2026 16:08,2948.90,2949.50,2948.80,2949.40,12
01-09-2026 16:09,2949.30,2949.30,2948.30,2948.40,25
01-09-2026 16:10,2948.30,2948.30,2947.40,2947.60,23
01-09-2026 16:11,2947.60,2947.60,2947.30,2947.40,16
01-09-2026 16:12,2947.30,2947.50,2946.80,2946.80,22
01-09-2026 16:13,2946.90,2946.90,2946.30,2946.70,21
01-09-2026 16:14,2946.70,2947.30,2946.30,2946.30,23
01-09-2026 16:15,2946.40,2946.50,2945.80,2945.90,33
01-09-2026 16:16,2945.80,2946.00,2945.60,2945.90,17
01-09-2026 16:17,2945.70,2947.70,2945.10,2946.80,41
01-09-2026 16:18,2946.70,2947.10,2945.40,2945.70,77
01-09-2026 16:19,2945.60,2946.10,2945.10,2945.80,33
01-09-2026 16:20,2945.70,2945.70,2944.70,2945.20,30
01-09-2026 16:21,2945.30,2945.50,2944.10,2944.20,42
01-09-2026 16:22,2944.20,2944.70,2944.00,2944.40,27
01-09-2026 16:23,2944.60,2945.00,2944.50,2945.00,18
01-09-2026 16:24,2944.90,2945.80,2944.90,2945.60,27
01-09-2026 16:25,2945.70,2946.00,2945.40,2945.80,33
01-09-2026 16:26,2945.90,2945.90,2945.50,2945.60,18
01-09-2026 16:27,2945.60,2945.70,2945.30,2945.50,23
01-09-2026 16:28,2945.40,2945.50,2945.10,2945.10,20
01-09-2026 16:29,2944.90,2945.10,2944.60,2945.00,13
01-09-2026 16:30,2945.00,2945.10,2944.10,2944.40,51
01-09-2026 16:31,2944.30,2944.50,2943.40,2943.70,31
01-09-2026 16:32,2943.60,2944.10,2943.50,2943.70,31
01-09-2026 16:33,2943.80,2943.90,2943.60,2943.80,15
01-09-2026 16:34,2943.70,2944.40,2943.40,2944.10,29
01-09-2026 16:35,2944.20,2944.20,2942.40,2943.00,53
01-09-2026 16:36,2943.10,2943.50,2942.20,2942.40,45
01-09-2026 16:37,2942.50,2943.30,2942.20,2943.30,27
01-09-2026 16:38,2943.40,2943.80,2942.80,2943.20,58
01-09-2026 16:39,2943.30,2943.50,2943.00,2943.40,22
01-09-2026 16:40,2943.70,2943.90,2943.50,2943.70,29
01-09-2026 16:41,2943.60,2944.30,2943.60,2943.90,21
01-09-2026 16:42,2943.80,2944.40,2943.70,2943.70,25
01-09-2026 16:43,2943.60,2943.70,2943.10,2943.50,24
01-09-2026 16:44,2943.40,2943.40,2941.90,2942.60,42
01-09-2026 16:45,2942.70,2943.40,2942.60,2943.20,35
01-09-2026 16:46,2943.10,2943.30,2942.60,2942.60,29
01-09-2026 16:47,2942.70,2943.20,2942.20,2942.30,39
01-09-2026 16:48,2942.30,2943.10,2942.20,2943.10,19
01-09-2026 16:49,2943.20,2943.40,2942.70,2942.80,27
01-09-2026 16:50,2942.90,2943.30,2942.80,2943.00,29
01-09-2026 16:51,2943.10,2943.50,2942.80,2942.90,32
01-09-2026 16:52,2942.90,2943.10,2942.30,2942.60,35
01-09-2026 16:53,2942.80,2943.50,2942.70,2943.40,21
01-09-2026 16:54,2943.40,2943.50,2942.60,2943.00,35
01-09-2026 16:55,2942.90,2943.30,2942.70,2942.80,28
01-09-2026 16:56,2942.90,2943.50,2942.40,2943.50,27
01-09-2026 16:57,2943.50,2943.80,2943.10,2943.50,39
01-09-2026 16:58,2943.40,2944.20,2943.40,2943.80,34
01-09-2026 16:59,2943.70,2944.10,2943.60,2944.00,20
01-09-2026 17:00,2943.90,2945.40,2943.80,2945.20,33
01-09-2026 17:01,2945.10,2945.40,2944.70,2944.90,32
01-09-2026 17:02,2945.00,2945.00,2944.40,2944.50,26
01-09-2026 17:03,2944.30,2944.90,2944.30,2944.80,17
01-09-2026 17:04,2944.70,2944.80,2944.40,2944.40,26
01-09-2026 17:05,2944.50,2944.70,2944.20,2944.20,21
01-09-2026 17:06,2944.20,2945.60,2944.20,2945.40,28
01-09-2026 17:07,2945.30,2945.50,2945.10,2945.40,23
01-09-2026 17:08,2945.50,2946.20,2945.50,2946.20,31
01-09-2026 17:09,2946.20,2946.80,2946.10,2946.70,11
01-09-2026 17:10,2946.60,2946.80,2946.40,2946.80,19
01-09-2026 17:11,2946.70,2946.80,2946.60,2946.60,12
01-09-2026 17:12,2946.60,2947.10,2946.60,2947.00,13
01-09-2026 17:13,2946.90,2947.00,2946.00,2946.20,25
01-09-2026 17:14,2946.20,2946.30,2945.60,2945.60,21
01-09-2026 17:15,2945.60,2945.80,2945.20,2945.80,24
01-09-2026 17:16,2945.70,2946.30,2945.70,2945.90,21
01-09-2026 17:17,2945.90,2946.00,2944.90,2945.00,19
01-09-2026 17:18,2944.90,2946.00,2944.90,2946.00,22
01-09-2026 17:19,2945.90,2945.90,2944.60,2945.00,37
01-09-2026 17:20,2944.90,2945.00,2944.40,2944.60,17
01-09-2026 17:21,2944.60,2944.60,2944.20,2944.50,24
01-09-2026 17:22,2944.40,2944.70,2943.80,2943.80,33
01-09-2026 17:23,2943.90,2944.70,2943.90,2944.70,18
01-09-2026 17:24,2944.90,2945.00,2943.60,2943.60,33
01-09-2026 17:25,2943.50,2943.50,2941.90,2942.60,49
01-09-2026 17:26,2942.50,2942.60,2941.70,2942.00,34
01-09-2026 17:27,2941.90,2942.60,2941.90,2942.20,45
01-09-2026 17:28,2942.00,2942.10,2941.00,2941.20,38
01-09-2026 17:29,2941.20,2941.50,2941.00,2941.20,37
01-09-2026 17:30,2941.20,2941.60,2939.50,2939.60,70
01-09-2026 17:31,2939.80,2940.40,2939.30,2939.80,49
01-09-2026 17:32,2939.80,2941.10,2939.30,2940.90,55
01-09-2026 17:33,2940.80,2941.30,2940.20,2940.80,44
01-09-2026 17:34,2940.70,2941.50,2940.40,2940.80,31
01-09-2026 17:35,2940.90,2941.20,2940.70,2940.90,37
01-09-2026 17:36,2940.80,2941.40,2940.40,2940.40,41
01-09-2026 17:37,2940.30,2941.70,2940.30,2941.40,31
01-09-2026 17:38,2941.50,2941.70,2940.80,2941.00,42
01-09-2026 17:39,2941.10,2941.70,2940.60,2940.80,49
01-09-2026 17:40,2941.00,2941.00,2940.00,2940.00,39
01-09-2026 17:41,2940.20,2940.70,2940.20,2940.30,36
01-09-2026 17:42,2940.30,2940.80,2940.10,2940.80,23
01-09-2026 17:43,2940.80,2941.00,2940.10,2940.70,35
01-09-2026 17:44,2940.80,2941.30,2940.70,2941.30,32
01-09-2026 17:45,2941.30,2942.20,2941.10,2942.20,43
01-09-2026 17:46,2942.10,2942.60,2942.10,2942.50,34
01-09-2026 17:47,2942.60,2943.30,2942.40,2943.00,36
01-09-2026 17:48,2942.90,2942.90,2941.70,2941.90,26
01-09-2026 17:49,2941.90,2942.10,2941.20,2941.20,27
01-09-2026 17:50,2941.00,2941.10,2940.20,2940.60,48
01-09-2026 17:51,2940.70,2941.00,2940.20,2941.00,35
01-09-2026 17:52,2940.90,2941.80,2940.60,2941.50,36
01-09-2026 17:53,2941.50,2941.80,2940.60,2941.80,39
01-09-2026 17:54,2941.80,2942.10,2941.30,2941.70,32
01-09-2026 17:55,2941.80,2942.20,2941.60,2942.00,29
01-09-2026 17:56,2942.10,2942.90,2942.00,2942.40,37
01-09-2026 17:57,2942.40,2942.90,2942.20,2942.60,27
01-09-2026 17:58,2942.40,2943.10,2942.40,2942.80,17
01-09-2026 17:59,2942.80,2942.90,2942.30,2942.40,17
01-09-2026 18:00,2942.30,2942.30,2941.30,2941.30,41
01-09-2026 18:01,2941.20,2941.60,2940.00,2940.30,32
01-09-2026 18:02,2940.40,2940.40,2939.60,2940.20,38
01-09-2026 18:03,2940.30,2940.90,2940.30,2940.70,18
01-09-2026 18:04,2940.70,2941.10,2940.50,2940.50,33
01-09-2026 18:05,2940.40,2940.40,2939.60,2939.70,40
01-09-2026 18:06,2939.60,2939.60,2938.80,2939.10,32
01-09-2026 18:07,2939.20,2939.20,2938.50,2938.50,30
01-09-2026 18:08,2938.40,2939.00,2938.40,2939.00,30
01-09-2026 18:09,2938.80,2941.20,2938.80,2939.90,86
01-09-2026 18:10,2939.80,2940.10,2939.50,2940.00,53
01-09-2026 18:11,2940.00,2940.40,2939.90,2940.00,48
01-09-2026 18:12,2940.00,2940.00,2939.10,2939.60,29
01-09-2026 18:13,2939.60,2939.80,2938.90,2939.00,27
01-09-2026 18:14,2939.10,2939.70,2939.10,2939.60,16
01-09-2026 18:15,2939.70,2939.90,2939.00,2939.30,24
01-09-2026 18:16,2939.30,2939.80,2939.00,2939.60,33
01-09-2026 18:17,2939.50,2940.90,2939.50,2940.50,29
01-09-2026 18:18,2940.40,2940.50,2939.20,2939.40,31
01-09-2026 18:19,2939.50,2940.30,2939.40,2940.20,24
01-09-2026 18:20,2940.30,2940.50,2939.70,2940.50,30
01-09-2026 18:21,2940.50,2941.70,2940.50,2941.60,29
01-09-2026 18:22,2941.40,2941.50,2940.50,2940.60,23
01-09-2026 18:23,2940.80,2941.20,2940.80,2941.00,21
01-09-2026 18:24,2940.90,2941.00,2940.60,2940.70,24
01-09-2026 18:25,2940.60,2940.70,2940.20,2940.70,18
01-09-2026 18:26,2940.60,2940.60,2939.60,2940.50,28
01-09-2026 18:27,2940.40,2940.70,2940.30,2940.50,20
01-09-2026 18:28,2940.40,2940.40,2939.90,2939.90,9
01-09-2026 18:29,2939.90,2939.90,2939.40,2939.50,22
01-09-2026 18:30,2939.50,2940.10,2939.10,2939.20,41
01-09-2026 18:31,2939.10,2939.40,2938.40,2938.90,37
01-09-2026 18:32,2939.00,2939.50,2938.50,2938.50,42
01-09-2026 18:33,2938.60,2938.60,2937.30,2937.70,62
01-09-2026 18:34,2937.80,2938.20,2937.60,2937.80,47
01-09-2026 18:35,2937.70,2938.10,2937.40,2937.80,55
01-09-2026 18:36,2937.70,2938.20,2937.40,2937.70,44
01-09-2026 18:37,2937.60,2938.90,2937.60,2938.60,53
01-09-2026 18:38,2938.60,2939.00,2938.50,2938.70,35
01-09-2026 18:39,2938.80,2938.90,2937.80,2938.20,34
01-09-2026 18:40,2938.20,2938.60,2937.80,2938.10,36
01-09-2026 18:41,2938.00,2938.40,2937.50,2937.60,31
01-09-2026 18:42,2937.60,2938.50,2937.50,2938.30,41
01-09-2026 18:43,2938.50,2938.90,2938.40,2938.80,32
01-09-2026 18:44,2938.90,2938.90,2938.10,2938.20,28
01-09-2026 18:45,2938.30,2938.90,2938.20,2938.90,32
01-09-2026 18:46,2938.80,2938.80,2937.70,2937.70,37
01-09-2026 18:47,2937.80,2938.10,2937.60,2938.10,26
01-09-2026 18:48,2938.20,2938.40,2937.70,2938.40,19
01-09-2026 18:49,2938.30,2939.20,2938.00,2939.20,18
01-09-2026 18:50,2939.20,2940.00,2938.60,2940.00,44
01-09-2026 18:51,2939.90,2940.30,2939.60,2939.90,35
01-09-2026 18:52,2939.90,2940.30,2939.50,2940.10,24
01-09-2026 18:53,2940.20,2940.50,2939.90,2940.10,33
01-09-2026 18:54,2940.00,2941.00,2940.00,2941.00,20
01-09-2026 18:55,2941.00,2941.00,2939.80,2940.60,53
01-09-2026 18:56,2940.50,2940.80,2939.90,2940.00,35
01-09-2026 18:57,2939.90,2940.20,2939.60,2940.20,39
01-09-2026 18:58,2940.10,2940.40,2938.60,2939.10,56
01-09-2026 18:59,2939.10,2939.70,2938.00,2938.70,102
01-09-2026 19:00,2938.90,2942.70,2937.20,2941.60,481
01-09-2026 19:01,2941.60,2948.80,2940.30,2948.10,284
01-09-2026 19:02,2948.20,2948.40,2942.50,2943.00,258
01-09-2026 19:03,2943.20,2943.20,2940.70,2941.90,220
01-09-2026 19:04,2942.10,2942.40,2939.50,2939.70,177
01-09-2026 19:05,2939.90,2940.80,2937.40,2938.00,210
01-09-2026 19:06,2938.20,2938.70,2934.30,2934.90,153
01-09-2026 19:07,2935.10,2936.10,2933.90,2934.60,188
01-09-2026 19:08,2934.50,2935.20,2932.80,2935.20,118
01-09-2026 19:09,2935.30,2935.90,2934.10,2935.60,205
01-09-2026 19:10,2935.60,2936.40,2934.00,2934.60,178
01-09-2026 19:11,2934.60,2935.60,2933.40,2934.80,138
01-09-2026 19:12,2934.60,2934.80,2932.60,2933.50,130
01-09-2026 19:13,2933.40,2934.20,2932.00,2932.90,100
01-09-2026 19:14,2932.80,2935.00,2932.40,2934.50,104
01-09-2026 19:15,2934.40,2934.40,2931.70,2931.90,137
01-09-2026 19:16,2932.00,2933.50,2931.70,2931.90,115
01-09-2026 19:17,2932.00,2934.40,2931.40,2933.00,129
01-09-2026 19:18,2933.00,2934.00,2932.30,2933.40,125
01-09-2026 19:19,2933.20,2935.60,2932.90,2935.60,118
01-09-2026 19:20,2935.50,2938.90,2935.50,2936.00,151
01-09-2026 19:21,2936.20,2937.00,2935.30,2935.40,143
01-09-2026 19:22,2935.30,2935.30,2933.40,2933.80,114
01-09-2026 19:23,2933.70,2933.90,2932.40,2932.80,109
01-09-2026 19:24,2932.90,2934.80,2932.60,2934.50,108
01-09-2026 19:25,2934.60,2935.20,2933.70,2934.60,132
01-09-2026 19:26,2934.50,2934.80,2933.30,2934.50,105
01-09-2026 19:27,2934.50,2935.20,2933.80,2934.50,102
01-09-2026 19:28,2934.40,2934.40,2933.20,2933.40,64
01-09-2026 19:29,2933.30,2934.70,2932.60,2934.10,100
01-09-2026 19:30,2932.90,2935.40,2930.10,2932.50,424
01-09-2026 19:31,2930.80,2935.90,2930.80,2935.80,292
01-09-2026 19:32,2934.30,2935.80,2931.20,2934.10,294
01-09-2026 19:33,2932.50,2936.50,2931.50,2936.40,257
01-09-2026 19:34,2936.50,2936.80,2935.70,2935.70,98
01-09-2026 19:35,2935.80,2936.90,2934.90,2935.50,109
01-09-2026 19:36,2935.60,2938.10,2935.60,2936.90,110
01-09-2026 19:37,2937.00,2938.10,2936.30,2938.10,114
01-09-2026 19:38,2937.90,2938.40,2937.00,2937.50,116
01-09-2026 19:39,2937.50,2938.00,2937.00,2937.30,110
01-09-2026 19:40,2937.50,2937.70,2935.90,2936.90,122
01-09-2026 19:41,2936.80,2937.10,2934.90,2935.30,108
01-09-2026 19:42,2935.40,2935.60,2934.20,2934.50,98
01-09-2026 19:43,2934.40,2936.70,2934.20,2936.70,103
01-09-2026 19:44,2936.80,2939.20,2936.60,2938.90,82
01-09-2026 19:45,2939.00,2941.50,2939.00,2940.90,105
01-09-2026 19:46,2940.80,2940.90,2939.50,2940.80,115
01-09-2026 19:47,2940.90,2940.90,2939.10,2939.70,113
01-09-2026 19:48,2939.80,2939.80,2938.00,2938.10,80
01-09-2026 19:49,2938.20,2939.50,2937.50,2939.20,104
01-09-2026 19:50,2939.30,2940.10,2938.90,2939.90,96
01-09-2026 19:51,2939.80,2940.50,2939.50,2939.80,94
01-09-2026 19:52,2939.90,2942.40,2939.70,2942.00,92
01-09-2026 19:53,2942.10,2942.50,2941.30,2942.50,82
01-09-2026 19:54,2942.60,2943.30,2942.20,2942.70,86
01-09-2026 19:55,2942.70,2944.00,2942.50,2943.60,86
01-09-2026 19:56,2943.50,2943.50,2942.60,2943.10,74
01-09-2026 19:57,2943.00,2943.00,2941.50,2942.20,86
01-09-2026 19:58,2942.30,2943.50,2942.30,2943.20,80
01-09-2026 19:59,2943.20,2943.20,2941.50,2941.80,60
01-09-2026 20:00,2941.90,2943.80,2941.90,2943.80,78
01-09-2026 20:01,2943.60,2943.90,2943.10,2943.30,70
01-09-2026 20:02,2943.30,2945.00,2943.30,2945.00,70
01-09-2026 20:03,2944.80,2945.70,2944.20,2945.60,63
01-09-2026 20:04,2945.70,2946.40,2945.70,2946.30,54
01-09-2026 20:05,2946.20,2947.00,2946.00,2946.20,61
01-09-2026 20:06,2946.40,2946.70,2943.80,2944.00,81
01-09-2026 20:07,2944.10,2945.00,2943.30,2943.60,85
01-09-2026 20:08,2943.50,2944.10,2943.00,2943.40,86
01-09-2026 20:09,2943.40,2943.90,2942.70,2943.80,64
01-09-2026 20:10,2943.90,2944.70,2943.80,2944.50,85
01-09-2026 20:11,2944.60,2944.60,2943.20,2943.20,70
01-09-2026 20:12,2943.20,2943.80,2943.00,2943.20,75
01-09-2026 20:13,2943.10,2943.90,2942.70,2942.70,62
01-09-2026 20:14,2942.80,2943.70,2942.50,2943.70,66
01-09-2026 20:15,2943.60,2944.00,2942.60,2943.80,80
01-09-2026 20:16,2943.70,2944.00,2943.00,2943.80,72
01-09-2026 20:17,2943.70,2945.40,2943.60,2945.20,61
01-09-2026 20:18,2945.00,2945.40,2944.00,2944.10,72
01-09-2026 20:19,2944.00,2944.20,2942.40,2942.50,68
01-09-2026 20:20,2942.50,2942.70,2941.50,2942.40,73
01-09-2026 20:21,2942.30,2942.40,2939.80,2940.00,84
01-09-2026 20:22,2940.10,2940.50,2939.70,2940.10,63
01-09-2026 20:23,2940.30,2941.10,2940.10,2940.20,66
01-09-2026 20:24,2940.20,2941.40,2940.10,2941.20,52
01-09-2026 20:25,2941.30,2941.60,2941.00,2941.40,67
01-09-2026 20:26,2941.20,2942.10,2940.80,2941.80,65
01-09-2026 20:27,2941.80,2942.20,2940.70,2940.70,73
01-09-2026 20:28,2940.60,2940.60,2939.90,2940.50,57
01-09-2026 20:29,2940.40,2940.60,2939.60,2940.40,52
01-09-2026 20:30,2940.40,2941.60,2940.30,2940.70,77
01-09-2026 20:31,2940.70,2940.70,2939.20,2939.20,68
01-09-2026 20:32,2939.10,2940.80,2939.10,2940.30,70
01-09-2026 20:33,2940.30,2940.80,2939.60,2939.70,47
01-09-2026 20:34,2939.60,2940.10,2939.20,2939.90,54
01-09-2026 20:35,2939.90,2940.40,2939.60,2939.80,64
01-09-2026 20:36,2939.70,2939.80,2939.10,2939.30,68
01-09-2026 20:37,2939.30,2939.50,2938.50,2938.80,67
01-09-2026 20:38,2938.70,2939.70,2938.70,2939.30,63
01-09-2026 20:39,2939.20,2939.70,2938.50,2938.50,66
01-09-2026 20:40,2938.50,2940.10,2938.20,2939.50,70
01-09-2026 20:41,2939.50,2940.60,2939.50,2939.60,58
01-09-2026 20:42,2939.50,2939.60,2938.90,2939.20,50
01-09-2026 20:43,2939.30,2940.30,2938.90,2939.50,55
01-09-2026 20:44,2939.50,2940.30,2939.10,2939.40,66
01-09-2026 20:45,2939.30,2939.30,2938.00,2938.20,70
01-09-2026 20:46,2938.30,2939.00,2938.00,2938.20,55
01-09-2026 20:47,2938.30,2939.30,2938.30,2938.70,55
01-09-2026 20:48,2938.70,2938.90,2937.70,2937.90,60
01-09-2026 20:49,2938.00,2938.40,2937.80,2938.10,48
01-09-2026 20:50,2938.20,2938.20,2937.10,2937.40,47
01-09-2026 20:51,2937.50,2937.90,2937.10,2937.70,52
01-09-2026 20:52,2937.70,2938.70,2937.30,2937.70,55
01-09-2026 20:53,2937.50,2938.60,2937.10,2938.20,55
01-09-2026 20:54,2938.30,2938.80,2938.00,2938.20,61
01-09-2026 20:55,2938.10,2938.50,2937.30,2937.40,60
01-09-2026 20:56,2937.40,2938.20,2937.40,2937.60,54
01-09-2026 20:57,2937.60,2938.30,2937.50,2938.00,38
01-09-2026 20:58,2938.00,2938.80,2937.40,2938.70,57
01-09-2026 20:59,2938.70,2939.60,2938.50,2939.50,54
01-09-2026 21:00,2939.50,2939.80,2939.10,2939.40,70
01-09-2026 21:01,2939.40,2939.90,2938.30,2938.30,69
01-09-2026 21:02,2938.50,2939.00,2938.00,2938.50,58
01-09-2026 21:03,2938.60,2940.00,2938.50,2939.90,48
01-09-2026 21:04,2939.90,2940.30,2938.60,2938.70,56
01-09-2026 21:05,2938.60,2938.90,2937.90,2938.30,58
01-09-2026 21:06,2938.50,2939.10,2938.00,2939.10,47
01-09-2026 21:07,2939.10,2940.00,2938.90,2939.80,41
01-09-2026 21:08,2939.90,2940.30,2938.60,2939.20,49
01-09-2026 21:09,2939.30,2939.30,2938.80,2939.10,52
01-09-2026 21:10,2939.20,2939.90,2939.10,2939.70,48
01-09-2026 21:11,2939.60,2939.70,2938.70,2938.90,51
01-09-2026 21:12,2938.80,2939.90,2938.80,2939.90,44
01-09-2026 21:13,2939.70,2940.30,2939.70,2940.00,37
01-09-2026 21:14,2940.10,2940.50,2939.50,2940.50,43
01-09-2026 21:15,2940.40,2941.10,2940.20,2940.70,50
01-09-2026 21:16,2940.60,2940.90,2940.20,2940.70,45
01-09-2026 21:17,2940.80,2941.60,2940.80,2941.60,46
01-09-2026 21:18,2941.70,2942.40,2941.70,2942.30,46
01-09-2026 21:19,2942.30,2942.40,2941.80,2942.10,50
01-09-2026 21:20,2942.10,2942.10,2940.50,2940.50,58
01-09-2026 21:21,2940.50,2941.20,2940.40,2940.40,49
01-09-2026 21:22,2940.40,2940.70,2939.30,2939.40,45
01-09-2026 21:23,2939.50,2939.90,2939.00,2939.70,49
01-09-2026 21:24,2939.60,2939.60,2938.70,2939.30,49
01-09-2026 21:25,2939.30,2939.70,2939.00,2939.50,51
01-09-2026 21:26,2939.40,2939.60,2939.20,2939.30,45
01-09-2026 21:27,2939.10,2939.60,2939.00,2939.00,36
01-09-2026 21:28,2939.10,2939.30,2938.70,2939.20,45
01-09-2026 21:29,2939.30,2940.00,2939.20,2939.40,47
01-09-2026 21:30,2939.40,2940.00,2939.00,2939.80,50
01-09-2026 21:31,2939.90,2940.10,2939.10,2940.00,60
01-09-2026 21:32,2939.80,2940.00,2939.30,2939.30,56
01-09-2026 21:33,2939.40,2939.60,2939.10,2939.10,44
01-09-2026 21:34,2939.20,2939.50,2938.90,2939.30,47
01-09-2026 21:35,2939.30,2939.70,2938.40,2938.70,43
01-09-2026 21:36,2938.60,2938.90,2937.10,2937.10,49
01-09-2026 21:37,2937.10,2938.10,2937.00,2937.40,49
01-09-2026 21:38,2937.30,2937.30,2936.00,2936.60,44
01-09-2026 21:39,2936.60,2937.60,2936.60,2937.30,30
01-09-2026 21:40,2937.40,2937.60,2936.50,2937.10,59
01-09-2026 21:41,2937.30,2937.60,2936.90,2937.20,52
01-09-2026 21:42,2937.10,2938.60,2937.10,2938.10,54
01-09-2026 21:43,2938.10,2938.80,2938.00,2938.00,41
01-09-2026 21:44,2938.10,2938.20,2936.30,2936.50,56
01-09-2026 21:45,2936.30,2936.40,2935.60,2936.20,51
01-09-2026 21:46,2936.20,2936.30,2935.10,2935.30,52
01-09-2026 21:47,2935.20,2935.60,2934.10,2934.10,65
01-09-2026 21:48,2934.10,2934.20,2933.30,2933.50,59
01-09-2026 21:49,2933.60,2933.90,2933.10,2933.10,61
01-09-2026 21:50,2933.30,2933.30,2930.40,2930.50,71
01-09-2026 21:51,2930.60,2931.40,2929.50,2929.60,103
01-09-2026 21:52,2929.50,2930.40,2929.10,2929.90,90
01-09-2026 21:53,2930.00,2931.20,2929.70,2930.60,100
01-09-2026 21:54,2930.50,2930.60,2929.10,2929.80,84
01-09-2026 21:55,2929.60,2929.90,2928.50,2929.20,67
01-09-2026 21:56,2929.20,2929.20,2926.40,2926.40,69
01-09-2026 21:57,2926.60,2927.70,2926.30,2926.90,106
01-09-2026 21:58,2926.70,2928.00,2926.70,2927.30,76
01-09-2026 21:59,2927.20,2927.90,2927.20,2927.50,64
01-09-2026 22:00,2927.40,2927.90,2924.10,2924.40,94
01-09-2026 22:01,2924.30,2924.80,2923.70,2924.30,93
01-09-2026 22:02,2924.30,2924.50,2923.60,2924.20,79
01-09-2026 22:03,2924.20,2924.40,2923.40,2924.00,72
01-09-2026 22:04,2924.10,2924.10,2922.80,2923.20,61
01-09-2026 22:05,2923.20,2924.50,2923.20,2924.50,77
01-09-2026 22:06,2924.50,2925.30,2923.90,2924.40,65
01-09-2026 22:07,2924.60,2925.30,2923.70,2925.30,63
01-09-2026 22:08,2925.40,2926.70,2925.40,2926.60,64
01-09-2026 22:09,2926.60,2927.30,2926.60,2927.30,49
01-09-2026 22:10,2927.20,2927.50,2926.30,2927.00,54
01-09-2026 22:11,2927.00,2929.10,2926.90,2928.50,52
01-09-2026 22:12,2928.50,2928.70,2926.50,2926.60,53
01-09-2026 22:13,2926.60,2928.00,2926.60,2927.60,47
01-09-2026 22:14,2927.60,2927.60,2925.80,2926.30,46
01-09-2026 22:15,2926.30,2927.20,2925.90,2927.10,49
01-09-2026 22:16,2927.20,2928.20,2927.00,2927.40,51
01-09-2026 22:17,2927.50,2928.00,2927.00,2927.00,53
01-09-2026 22:18,2927.10,2927.70,2927.00,2927.40,52
01-09-2026 22:19,2927.30,2927.40,2926.80,2927.10,40
01-09-2026 22:20,2927.10,2927.80,2926.50,2927.80,45
01-09-2026 22:21,2927.80,2927.80,2927.00,2927.30,49
01-09-2026 22:22,2927.20,2927.90,2926.80,2927.60,47
01-09-2026 22:23,2927.50,2927.70,2926.50,2926.50,45
01-09-2026 22:24,2926.50,2927.30,2926.40,2927.30,33
01-09-2026 22:25,2927.50,2928.70,2927.40,2928.30,37
01-09-2026 22:26,2928.40,2929.00,2927.70,2929.00,48
01-09-2026 22:27,2929.10,2929.50,2928.60,2929.00,43
01-09-2026 22:28,2929.00,2929.90,2929.00,2929.00,38
01-09-2026 22:29,2929.10,2929.20,2928.30,2928.50,55
01-09-2026 22:30,2928.40,2928.60,2927.70,2928.00,77
01-09-2026 22:31,2928.10,2928.70,2927.30,2927.50,59
01-09-2026 22:32,2927.60,2928.20,2927.40,2927.90,52
01-09-2026 22:33,2928.00,2928.50,2927.00,2927.00,47
01-09-2026 22:34,2926.90,2927.90,2926.40,2926.40,41
01-09-2026 22:35,2926.50,2926.70,2926.10,2926.10,42
01-09-2026 22:36,2926.10,2926.90,2926.00,2926.60,44
01-09-2026 22:37,2926.50,2926.70,2925.60,2925.90,39
01-09-2026 22:38,2925.90,2926.70,2925.40,2926.40,48
01-09-2026 22:39,2926.40,2927.30,2926.40,2926.80,40
01-09-2026 22:40,2926.90,2927.10,2926.30,2926.50,43
01-09-2026 22:41,2926.60,2927.40,2926.40,2927.40,38
01-09-2026 22:42,2927.50,2927.70,2927.10,2927.30,33
01-09-2026 22:43,2927.30,2927.30,2926.40,2926.50,40
01-09-2026 22:44,2926.60,2927.10,2926.60,2926.60,39
01-09-2026 22:45,2926.70,2927.50,2926.40,2927.20,41
01-09-2026 22:46,2927.20,2927.50,2926.60,2926.90,52
01-09-2026 22:47,2926.90,2927.50,2926.50,2926.60,50
01-09-2026 22:48,2926.60,2927.60,2926.50,2927.50,42
01-09-2026 22:49,2927.40,2927.60,2927.00,2927.50,42
01-09-2026 22:50,2927.40,2928.20,2927.30,2927.30,44
01-09-2026 22:51,2927.40,2927.50,2926.50,2926.60,39
01-09-2026 22:52,2926.50,2926.60,2926.00,2926.30,37
01-09-2026 22:53,2926.40,2926.50,2926.00,2926.00,30
01-09-2026 22:54,2925.90,2926.50,2925.80,2926.30,30
01-09-2026 22:55,2926.40,2926.50,2923.70,2925.50,89
01-09-2026 22:56,2925.60,2926.30,2925.00,2925.80,87
01-09-2026 22:57,2925.70,2927.20,2925.50,2927.10,63
01-09-2026 22:58,2927.20,2927.20,2926.50,2926.90,54
01-09-2026 22:59,2926.90,2927.70,2926.50,2927.60,49
01-09-2026 23:00,2927.50,2928.80,2927.40,2928.00,56
01-09-2026 23:01,2928.10,2928.90,2927.80,2928.90,47
01-09-2026 23:02,2928.70,2928.70,2927.80,2928.10,46
01-09-2026 23:03,2927.90,2928.10,2927.40,2927.90,60
01-09-2026 23:04,2928.00,2928.80,2927.50,2927.80,53
01-09-2026 23:05,2928.00,2928.70,2927.90,2928.30,47
01-09-2026 23:06,2928.40,2928.40,2927.50,2927.70,44
01-09-2026 23:07,2927.60,2927.70,2927.00,2927.50,39
01-09-2026 23:08,2927.30,2927.50,2926.50,2927.50,41
01-09-2026 23:09,2927.50,2927.70,2926.70,2926.80,40
01-09-2026 23:10,2926.90,2927.60,2926.80,2927.10,39
01-09-2026 23:11,2927.00,2928.20,2926.90,2927.80,39
01-09-2026 23:12,2927.90,2928.10,2927.40,2927.90,35
01-09-2026 23:13,2928.00,2928.00,2927.30,2927.30,36
01-09-2026 23:14,2927.40,2927.80,2927.20,2927.80,36
01-09-2026 23:15,2927.70,2928.00,2927.20,2927.20,35
01-09-2026 23:16,2927.40,2927.50,2926.30,2926.60,37
01-09-2026 23:17,2926.70,2927.30,2926.60,2927.30,36
01-09-2026 23:18,2927.20,2927.40,2926.60,2926.70,36
01-09-2026 23:19,2926.90,2927.50,2926.90,2927.00,40
01-09-2026 23:20,2926.90,2927.50,2926.80,2927.40,39
01-09-2026 23:21,2927.40,2927.70,2927.00,2927.60,30
01-09-2026 23:22,2927.50,2927.60,2927.00,2927.00,37
01-09-2026 23:23,2927.00,2927.10,2926.70,2926.70,29
01-09-2026 23:24,2926.80,2927.10,2926.40,2926.40,25
01-09-2026 23:25,2926.30,2926.50,2926.10,2926.20,32
01-09-2026 23:26,2926.30,2926.40,2925.90,2925.90,14
01-09-2026 23:27,2925.90,2926.00,2925.50,2925.70,18
01-09-2026 23:28,2925.80,2926.30,2925.40,2926.30,34
01-09-2026 23:29,2926.50,2926.70,2926.10,2926.20,49
01-09-2026 23:30,2926.30,2926.70,2925.60,2925.80,50
01-09-2026 23:31,2925.90,2926.40,2925.30,2925.30,52
01-09-2026 23:32,2925.40,2926.10,2925.40,2926.00,33
01-09-2026 23:33,2926.00,2926.50,2925.80,2925.80,38
01-09-2026 23:34,2926.00,2926.00,2925.30,2925.90,32
01-09-2026 23:35,2925.70,2926.10,2925.50,2925.80,35
01-09-2026 23:36,2925.70,2925.80,2925.40,2925.40,29
01-09-2026 23:37,2925.40,2926.30,2925.40,2926.10,30
01-09-2026 23:38,2926.20,2926.70,2926.10,2926.60,27
01-09-2026 23:39,2926.50,2926.50,2925.50,2925.90,41
01-09-2026 23:40,2925.80,2926.40,2925.70,2925.70,40
01-09-2026 23:41,2925.80,2926.40,2925.50,2926.00,24
01-09-2026 23:42,2925.90,2926.40,2925.60,2925.70,37
01-09-2026 23:43,2925.60,2925.70,2924.70,2924.80,29
01-09-2026 23:44,2924.70,2925.40,2924.70,2925.30,25
01-09-2026 23:45,2925.40,2925.70,2925.20,2925.50,40
01-09-2026 23:46,2925.50,2925.90,2925.30,2925.70,44
01-09-2026 23:47,2925.70,2926.70,2925.40,2926.70,39
01-09-2026 23:48,2926.70,2926.90,2926.20,2926.40,45
01-09-2026 23:49,2926.40,2926.50,2925.90,2926.00,31
01-09-2026 23:50,2925.90,2926.20,2925.50,2925.90,43
01-09-2026 23:51,2926.00,2926.10,2925.60,2926.00,31
01-09-2026 23:52,2925.90,2926.30,2925.70,2926.00,30
01-09-2026 23:53,2925.90,2925.90,2925.30,2925.80,39
01-09-2026 23:54,2925.70,2926.10,2925.20,2925.90,29
01-09-2026 23:55,2925.70,2926.20,2925.20,2926.20,46
01-09-2026 23:56,2926.20,2926.20,2925.50,2925.50,31
01-09-2026 23:57,2925.50,2925.50,2925.10,2925.10,32
01-09-2026 23:58,2925.00,2925.00,2924.50,2924.60,31
01-09-2026 23:59,2924.70,2924.80,2924.50,2924.80,24
02-09-2026 00:00,2924.80,2925.00,2924.40,2924.40,41
02-09-2026 00:01,2924.40,2924.70,2924.10,2924.30,25
02-09-2026 00:02,2924.20,2925.40,2924.20,2925.00,45
02-09-2026 00:03,2925.10,2925.10,2923.80,2923.80,45
02-09-2026 00:04,2923.80,2924.00,2923.20,2923.80,37
02-09-2026 00:05,2923.70,2924.60,2923.70,2924.40,35
02-09-2026 00:06,2924.50,2924.70,2923.80,2923.80,39
02-09-2026 00:07,2923.90,2924.00,2923.30,2923.80,39
02-09-2026 00:08,2923.90,2923.90,2923.40,2923.40,37
02-09-2026 00:09,2923.40,2923.60,2923.20,2923.50,25
02-09-2026 00:10,2923.40,2923.80,2923.20,2923.30,41
02-09-2026 00:11,2923.20,2923.30,2922.30,2922.40,29
02-09-2026 00:12,2922.30,2922.60,2921.90,2921.90,35
02-09-2026 00:13,2921.80,2922.20,2921.70,2921.90,42
02-09-2026 00:14,2921.90,2921.90,2920.90,2920.90,39
02-09-2026 00:15,2921.00,2921.10,2919.10,2919.10,60
02-09-2026 00:16,2919.10,2920.70,2919.10,2920.60,49
02-09-2026 00:17,2920.60,2921.70,2920.60,2921.50,56
02-09-2026 00:18,2921.60,2921.80,2920.60,2921.00,46
02-09-2026 00:19,2921.10,2922.20,2921.10,2921.50,52
02-09-2026 00:20,2921.50,2921.70,2920.90,2921.20,44
02-09-2026 00:21,2921.20,2921.70,2920.80,2921.50,38
02-09-2026 00:22,2921.50,2922.80,2921.20,2922.30,51
02-09-2026 00:23,2922.10,2922.20,2921.70,2921.90,43
02-09-2026 00:24,2921.90,2922.10,2921.70,2921.90,19
02-09-2026 00:25,2921.70,2922.90,2921.60,2922.70,45
02-09-2026 00:26,2922.80,2923.90,2922.50,2923.70,47
02-09-2026 00:27,2923.70,2923.70,2922.90,2923.60,52
02-09-2026 00:28,2923.70,2924.30,2923.50,2924.00,27
02-09-2026 00:29,2924.10,2924.20,2923.50,2923.60,36
02-09-2026 00:30,2923.50,2925.30,2923.40,2924.90,64
02-09-2026 00:31,2925.00,2925.20,2924.50,2925.20,50
02-09-2026 00:32,2925.30,2925.60,2924.40,2924.60,44
02-09-2026 00:33,2924.50,2925.30,2924.30,2925.00,43
02-09-2026 00:34,2925.10,2925.70,2924.80,2925.20,49
02-09-2026 00:35,2925.20,2925.30,2923.70,2923.70,47
02-09-2026 00:36,2923.70,2924.40,2923.40,2923.90,50
02-09-2026 00:37,2924.00,2924.10,2923.10,2923.30,40
02-09-2026 00:38,2923.20,2923.70,2923.00,2923.70,32
02-09-2026 00:39,2923.70,2924.10,2923.30,2924.00,34
02-09-2026 00:40,2924.00,2924.40,2923.70,2924.40,31
02-09-2026 00:41,2924.40,2925.60,2924.40,2924.80,32
02-09-2026 00:42,2924.80,2926.10,2924.70,2925.90,41
02-09-2026 00:43,2926.00,2926.00,2925.60,2926.00,32
02-09-2026 00:44,2925.90,2927.20,2925.90,2927.20,37
02-09-2026 00:45,2927.30,2927.80,2927.20,2927.80,50
02-09-2026 00:46,2927.80,2927.90,2927.10,2927.50,42
02-09-2026 00:47,2927.40,2927.80,2926.70,2926.80,35
02-09-2026 00:48,2926.80,2927.90,2926.50,2926.70,45
02-09-2026 00:49,2926.80,2927.30,2926.60,2926.90,36
02-09-2026 00:50,2926.80,2927.00,2926.00,2926.10,35
02-09-2026 00:51,2926.10,2926.50,2925.70,2925.70,38
02-09-2026 00:52,2925.80,2926.90,2925.50,2926.70,38
02-09-2026 00:53,2926.60,2926.70,2926.20,2926.50,39
02-09-2026 00:54,2926.50,2926.60,2925.90,2926.10,38
02-09-2026 00:55,2926.00,2926.40,2925.80,2926.10,32
02-09-2026 00:56,2926.00,2926.40,2925.90,2926.00,36
02-09-2026 00:57,2926.10,2926.40,2925.90,2926.20,35
02-09-2026 00:58,2926.30,2926.50,2926.10,2926.50,31
02-09-2026 00:59,2926.60,2926.70,2925.90,2926.20,25
02-09-2026 01:00,2926.10,2926.10,2924.80,2924.90,53
02-09-2026 01:01,2924.80,2925.10,2924.50,2924.50,39
02-09-2026 01:02,2924.60,2924.60,2923.90,2924.00,33
02-09-2026 01:03,2924.10,2924.70,2923.90,2924.70,44
02-09-2026 01:04,2924.60,2925.50,2924.60,2925.30,33
02-09-2026 01:05,2925.50,2925.50,2924.70,2924.80,52
02-09-2026 01:06,2924.80,2924.80,2923.30,2923.30,40
02-09-2026 01:07,2923.20,2923.40,2923.00,2923.20,31
02-09-2026 01:08,2923.20,2923.30,2922.90,2922.90,26
02-09-2026 01:09,2922.90,2923.40,2922.50,2922.50,28
02-09-2026 01:10,2922.50,2923.30,2922.00,2923.30,54
02-09-2026 01:11,2923.30,2924.00,2923.20,2923.70,40
02-09-2026 01:12,2923.50,2923.60,2922.20,2922.20,40
02-09-2026 01:13,2922.20,2922.80,2922.00,2922.70,41
02-09-2026 01:14,2922.60,2923.00,2922.30,2923.00,29
02-09-2026 01:15,2923.00,2923.70,2922.60,2922.60,67
02-09-2026 01:16,2922.60,2922.60,2922.00,2922.30,38
02-09-2026 01:17,2922.60,2923.60,2922.40,2923.60,40
02-09-2026 01:18,2923.50,2923.90,2923.20,2923.40,50
02-09-2026 01:19,2923.40,2923.80,2922.90,2923.60,39
02-09-2026 01:20,2923.50,2923.50,2921.80,2922.20,85
02-09-2026 01:21,2922.20,2922.80,2922.20,2922.50,58
02-09-2026 01:22,2922.50,2922.80,2922.00,2922.00,47
02-09-2026 01:23,2921.90,2921.90,2920.90,2921.80,46
02-09-2026 01:24,2921.90,2922.20,2921.60,2921.90,42
02-09-2026 01:25,2921.90,2922.70,2921.10,2921.90,95
02-09-2026 01:26,2921.80,2921.80,2921.10,2921.40,49
02-09-2026 01:27,2921.60,2921.80,2921.00,2921.60,49
02-09-2026 01:28,2921.50,2922.80,2921.40,2922.70,47
02-09-2026 01:29,2922.60,2925.80,2922.30,2925.30,137
02-09-2026 01:30,2925.50,2926.70,2923.40,2923.50,109
02-09-2026 01:31,2923.50,2924.10,2923.20,2923.40,66
02-09-2026 01:32,2923.40,2924.30,2923.20,2923.80,27
02-09-2026 01:33,2923.70,2923.80,2923.30,2923.40,22
02-09-2026 01:34,2923.30,2924.50,2923.30,2924.50,33
02-09-2026 01:35,2924.70,2924.70,2923.90,2924.40,36
02-09-2026 01:36,2924.50,2924.90,2924.10,2924.30,30
02-09-2026 01:37,2924.30,2924.50,2924.00,2924.50,26
02-09-2026 01:38,2924.60,2924.60,2924.20,2924.40,10
02-09-2026 01:39,2924.30,2924.40,2923.90,2924.00,14
02-09-2026 01:40,2923.80,2924.10,2923.60,2923.70,13
02-09-2026 01:41,2923.60,2923.80,2923.60,2923.80,11
02-09-2026 01:42,2923.80,2924.00,2923.60,2923.90,14
02-09-2026 01:43,2923.90,2924.40,2923.90,2924.40,13
02-09-2026 01:44,2924.40,2924.80,2924.40,2924.40,13
02-09-2026 01:45,2924.50,2924.80,2924.40,2924.70,8
02-09-2026 01:46,2924.60,2925.60,2924.50,2925.50,27
02-09-2026 01:47,2925.30,2925.70,2925.30,2925.30,17
02-09-2026 01:48,2925.40,2926.10,2925.30,2925.80,16
02-09-2026 01:49,2925.70,2926.00,2925.50,2925.80,15
02-09-2026 01:50,2925.90,2926.70,2925.80,2926.50,14
02-09-2026 01:51,2926.50,2926.50,2926.10,2926.10,9
02-09-2026 01:52,2925.90,2926.20,2925.90,2926.00,11
02-09-2026 01:53,2925.90,2925.90,2925.80,2925.80,6
02-09-2026 01:54,2925.90,2926.00,2925.80,2925.90,15
02-09-2026 01:55,2925.90,2926.20,2925.80,2926.00,17
02-09-2026 01:56,2926.00,2926.10,2925.90,2926.00,5
02-09-2026 01:57,2926.00,2926.30,2926.00,2926.30,14
02-09-2026 01:58,2926.20,2926.30,2926.10,2926.20,13
02-09-2026 01:59,2926.10,2926.10,2925.90,2925.90,5
02-09-2026 02:00,2926.00,2926.10,2925.90,2925.90,7
02-09-2026 02:01,2926.00,2926.10,2925.60,2925.60,9
02-09-2026 02:02,2925.70,2925.70,2925.40,2925.50,7
02-09-2026 02:03,2925.50,2925.50,2925.20,2925.20,10
02-09-2026 02:04,2925.20,2925.20,2924.90,2925.00,5
02-09-2026 02:05,2924.90,2925.10,2924.80,2924.80,6
02-09-2026 02:06,2924.90,2925.00,2924.80,2924.90,5
02-09-2026 02:07,2924.80,2925.10,2924.80,2925.10,8
02-09-2026 02:08,2925.20,2925.30,2925.10,2925.30,4
02-09-2026 02:09,2925.20,2925.30,2925.10,2925.20,11
02-09-2026 02:10,2925.20,2925.20,2924.90,2925.10,8
02-09-2026 02:11,2925.10,2925.10,2925.00,2925.10,3
02-09-2026 02:12,2925.00,2927.10,2925.00,2926.20,51
02-09-2026 02:13,2926.10,2926.30,2925.70,2925.80,18
02-09-2026 02:14,2925.80,2926.00,2925.70,2926.00,9
02-09-2026 02:15,2926.10,2926.10,2925.30,2925.40,13
02-09-2026 02:16,2925.40,2925.60,2925.40,2925.50,9
02-09-2026 02:17,2925.40,2925.60,2925.20,2925.30,7
02-09-2026 02:18,2925.30,2925.70,2925.30,2925.60,8
02-09-2026 02:19,2925.70,2925.70,2925.40,2925.60,9
02-09-2026 02:20,2925.50,2925.60,2925.30,2925.60,12
02-09-2026 02:21,2925.60,2925.90,2925.60,2925.90,4
02-09-2026 02:22,2925.80,2926.10,2925.80,2926.00,13
02-09-2026 02:23,2926.00,2926.00,2925.70,2925.80,9
02-09-2026 02:24,2925.70,2926.10,2925.60,2925.70,17
02-09-2026 02:25,2925.80,2926.20,2925.70,2926.00,18
02-09-2026 02:26,2925.90,2925.90,2925.70,2925.80,8
02-09-2026 02:27,2925.80,2926.10,2925.80,2925.90,9
02-09-2026 02:28,2926.00,2926.00,2925.50,2925.70,16
02-09-2026 03:30,2926.00,2926.80,2925.30,2925.30,31
02-09-2026 03:31,2925.80,2925.90,2925.00,2925.20,22
02-09-2026 03:32,2925.20,2925.20,2924.90,2925.00,10
02-09-2026 03:33,2925.00,2926.10,2924.90,2925.30,26
02-09-2026 03:34,2925.40,2925.60,2925.20,2925.20,15
02-09-2026 03:35,2925.20,2925.20,2924.60,2924.80,15
02-09-2026 03:36,2924.70,2924.80,2924.60,2924.60,12
02-09-2026 03:37,2924.60,2924.80,2924.40,2924.80,11
02-09-2026 03:38,2924.90,2925.40,2924.90,2925.30,11
02-09-2026 03:39,2925.30,2925.30,2924.70,2925.10,26
02-09-2026 03:40,2924.90,2925.10,2924.70,2924.80,15
02-09-2026 03:41,2924.70,2924.80,2924.70,2924.70,7
02-09-2026 03:42,2924.70,2924.80,2924.50,2924.50,12
02-09-2026 03:43,2924.50,2924.70,2924.50,2924.70,5
02-09-2026 03:44,2924.60,2924.90,2924.60,2924.90,4
02-09-2026 03:45,2924.80,2925.00,2924.80,2924.90,4
02-09-2026 03:46,2924.90,2924.90,2924.60,2924.70,5
02-09-2026 03:47,2924.70,2924.70,2924.50,2924.50,3
02-09-2026 03:48,2924.50,2924.60,2924.40,2924.60,4
02-09-2026 03:49,2924.60,2924.60,2924.50,2924.60,5
02-09-2026 03:50,2924.50,2924.60,2924.50,2924.60,6
02-09-2026 03:51,2924.40,2924.40,2924.30,2924.30,2
02-09-2026 03:52,2924.40,2924.50,2924.10,2924.40,9
02-09-2026 03:53,2924.50,2924.60,2924.40,2924.40,4
02-09-2026 03:54,2924.40,2924.80,2924.40,2924.80,5
02-09-2026 03:55,2924.70,2924.70,2924.40,2924.40,8
02-09-2026 03:56,2924.50,2924.90,2924.30,2924.90,18
02-09-2026 03:57,2924.80,2924.90,2924.40,2924.40,13
02-09-2026 03:58,2924.40,2924.50,2924.20,2924.40,5
02-09-2026 03:59,2924.40,2924.40,2924.30,2924.40,5
02-09-2026 04:00,2924.30,2924.50,2924.20,2924.50,10
02-09-2026 04:01,2924.60,2924.60,2924.40,2924.40,2
02-09-2026 04:02,2924.30,2924.50,2924.30,2924.50,3
02-09-2026 04:03,2924.50,2924.90,2924.50,2924.80,8
02-09-2026 04:04,2924.60,2924.70,2924.60,2924.60,7
02-09-2026 04:05,2924.60,2924.70,2924.10,2924.60,13
02-09-2026 04:06,2924.70,2924.70,2924.50,2924.70,4
02-09-2026 04:07,2924.70,2924.80,2924.70,2924.70,3
02-09-2026 04:08,2924.80,2924.80,2924.50,2924.70,9
02-09-2026 04:09,2924.70,2924.80,2924.60,2924.70,4
02-09-2026 04:10,2924.80,2925.00,2924.60,2924.60,11
02-09-2026 04:11,2924.70,2924.70,2924.30,2924.40,5
02-09-2026 04:12,2924.40,2924.40,2924.30,2924.30,2
02-09-2026 04:13,2924.40,2924.50,2924.30,2924.40,10
02-09-2026 04:14,2924.30,2924.40,2924.30,2924.40,2
02-09-2026 04:15,2924.40,2924.50,2924.30,2924.50,4
02-09-2026 04:16,2924.70,2924.70,2924.40,2924.40,14
02-09-2026 04:17,2924.30,2924.70,2924.30,2924.60,11
02-09-2026 04:18,2924.60,2924.80,2924.50,2924.80,11
02-09-2026 04:19,2924.90,2925.20,2924.80,2924.90,16
02-09-2026 04:20,2924.90,2924.90,2924.80,2924.80,6
02-09-2026 04:21,2924.90,2925.40,2924.90,2925.10,15
02-09-2026 04:22,2925.00,2925.20,2925.00,2925.00,5
02-09-2026 04:23,2924.90,2924.90,2924.80,2924.90,3
02-09-2026 04:24,2924.80,2924.90,2924.60,2924.80,11
02-09-2026 04:25,2924.90,2925.00,2924.60,2924.60,7
02-09-2026 04:26,2924.60,2924.60,2924.50,2924.50,4
02-09-2026 04:27,2924.50,2924.60,2924.50,2924.60,2
02-09-2026 04:28,2924.70,2924.90,2924.60,2924.80,7
02-09-2026 04:29,2924.70,2924.90,2924.70,2924.90,7
02-09-2026 04:30,2924.80,2925.00,2924.70,2924.90,19
02-09-2026 04:31,2924.80,2925.10,2924.80,2924.80,9
02-09-2026 04:32,2924.80,2924.80,2924.60,2924.80,5
02-09-2026 04:33,2924.80,2924.90,2924.80,2924.90,2
02-09-2026 04:34,2924.90,2924.90,2924.90,2924.90,1
02-09-2026 04:35,2924.90,2924.90,2924.90,2924.90,1
02-09-2026 04:37,2924.80,2924.90,2924.70,2924.80,5
02-09-2026 04:38,2924.90,2925.20,2924.90,2925.00,4
02-09-2026 04:39,2924.90,2924.90,2924.90,2924.90,1
02-09-2026 04:40,2925.00,2925.00,2925.00,2925.00,1
02-09-2026 04:41,2924.90,2925.00,2924.90,2924.90,3
02-09-2026 04:42,2925.00,2925.00,2924.90,2925.00,5
02-09-2026 04:44,2924.90,2925.00,2924.90,2925.00,6
02-09-2026 04:45,2924.90,2925.00,2924.90,2925.00,2
02-09-2026 04:46,2924.90,2925.00,2924.80,2924.90,9
02-09-2026 04:49,2924.80,2924.80,2924.80,2924.80,1
02-09-2026 04:50,2924.90,2924.90,2924.90,2924.90,1
02-09-2026 04:51,2924.80,2924.80,2924.50,2924.70,8
02-09-2026 04:52,2924.60,2924.70,2924.60,2924.70,12
02-09-2026 04:53,2924.50,2924.70,2924.50,2924.70,4
02-09-2026 04:54,2924.80,2925.00,2924.80,2924.90,7
02-09-2026 04:55,2924.80,2924.80,2924.70,2924.80,5
02-09-2026 04:56,2924.80,2925.10,2924.80,2924.90,7
02-09-2026 04:57,2924.80,2924.80,2924.70,2924.80,3
02-09-2026 04:58,2924.80,2925.00,2924.80,2924.90,6
02-09-2026 04:59,2925.00,2925.10,2924.90,2925.10,4
02-09-2026 05:00,2925.00,2925.10,2924.90,2925.10,12
02-09-2026 05:01,2925.10,2925.30,2925.10,2925.30,10
02-09-2026 05:02,2925.20,2925.40,2925.20,2925.30,8
02-09-2026 05:03,2925.30,2925.30,2925.30,2925.30,1
02-09-2026 05:04,2925.30,2925.40,2925.20,2925.20,4
02-09-2026 05:05,2925.10,2925.20,2925.10,2925.10,3
02-09-2026 05:06,2925.20,2925.30,2925.00,2925.20,13
02-09-2026 05:07,2925.30,2925.30,2925.20,2925.20,2
02-09-2026 05:08,2925.20,2925.50,2925.20,2925.30,5
02-09-2026 05:09,2925.20,2925.20,2924.90,2924.90,10
02-09-2026 05:10,2924.90,2925.00,2924.90,2925.00,10
02-09-2026 05:11,2924.90,2925.00,2924.90,2924.90,7
02-09-2026 05:12,2924.90,2924.90,2924.80,2924.80,4
02-09-2026 05:13,2924.80,2924.80,2924.60,2924.60,3
02-09-2026 05:14,2924.50,2924.90,2924.50,2924.90,9
02-09-2026 05:15,2925.00,2925.10,2924.30,2924.50,20
02-09-2026 05:16,2924.60,2925.10,2924.60,2925.00,11
02-09-2026 05:17,2924.90,2925.10,2924.90,2925.10,3
02-09-2026 05:18,2925.00,2925.20,2925.00,2925.10,9
02-09-2026 05:19,2925.10,2925.10,2924.90,2925.00,6
02-09-2026 05:20,2925.10,2925.40,2924.90,2925.10,12
02-09-2026 05:21,2925.00,2925.10,2924.80,2924.80,7
02-09-2026 05:22,2924.80,2924.90,2924.80,2924.90,4
02-09-2026 05:23,2925.00,2925.10,2925.00,2925.00,3
02-09-2026 05:24,2925.00,2925.00,2924.90,2924.90,10
02-09-2026 05:25,2924.80,2925.00,2924.60,2925.00,11
02-09-2026 05:26,2925.00,2925.10,2924.90,2925.10,6
02-09-2026 05:27,2925.00,2925.20,2924.90,2924.90,8
02-09-2026 05:28,2924.90,2925.10,2924.90,2925.10,11
02-09-2026 05:29,2925.00,2925.20,2924.90,2925.00,11
02-09-2026 05:30,2925.10,2925.30,2923.90,2924.10,38
02-09-2026 05:31,2924.20,2924.80,2924.20,2924.50,30
02-09-2026 05:32,2924.40,2924.40,2923.80,2924.10,20
02-09-2026 05:33,2924.10,2924.30,2923.80,2924.30,18
02-09-2026 05:34,2924.30,2924.40,2924.00,2924.00,20
02-09-2026 05:35,2924.10,2924.20,2923.20,2923.70,39
02-09-2026 05:36,2923.70,2923.90,2922.70,2922.90,39
02-09-2026 05:37,2922.90,2923.40,2922.80,2923.10,34
02-09-2026 05:38,2923.00,2923.60,2923.00,2923.30,14
02-09-2026 05:39,2923.40,2924.40,2923.40,2923.70,32
02-09-2026 05:40,2923.60,2923.80,2923.30,2923.30,38
02-09-2026 05:41,2923.30,2923.30,2922.70,2922.70,29
02-09-2026 05:42,2922.70,2923.50,2922.60,2923.10,22
02-09-2026 05:43,2922.90,2923.70,2922.90,2923.70,22
02-09-2026 05:44,2923.60,2923.80,2923.20,2923.60,32
02-09-2026 05:45,2923.50,2924.70,2923.50,2924.20,48
02-09-2026 05:46,2924.20,2924.30,2923.90,2924.20,35
02-09-2026 05:47,2924.10,2924.40,2924.00,2924.00,16
02-09-2026 05:48,2924.00,2924.30,2924.00,2924.10,13
02-09-2026 05:49,2923.90,2923.90,2922.90,2923.30,27
02-09-2026 05:50,2923.40,2923.50,2923.20,2923.30,23
02-09-2026 05:51,2923.30,2923.90,2923.30,2923.70,18
02-09-2026 05:52,2923.60,2926.20,2923.10,2925.00,88
02-09-2026 05:53,2924.90,2925.50,2924.10,2924.10,68
02-09-2026 05:54,2924.00,2924.10,2923.20,2923.50,33
02-09-2026 05:55,2923.60,2923.70,2922.60,2922.80,38
02-09-2026 05:56,2922.90,2923.30,2922.80,2923.10,29
02-09-2026 05:57,2923.10,2923.10,2922.30,2922.50,27
02-09-2026 05:58,2922.30,2923.20,2922.30,2923.10,27
02-09-2026 05:59,2923.00,2923.00,2922.30,2922.40,28
02-09-2026 06:00,2922.30,2922.50,2921.50,2922.20,37
02-09-2026 06:01,2922.10,2922.60,2921.90,2922.60,29
02-09-2026 06:02,2922.40,2923.60,2922.40,2923.60,30
02-09-2026 06:03,2923.40,2923.40,2922.50,2922.60,28
02-09-2026 06:04,2922.50,2922.70,2922.30,2922.30,22
02-09-2026 06:05,2922.30,2923.00,2922.30,2923.00,30
02-09-2026 06:06,2923.10,2923.20,2922.30,2922.30,28
02-09-2026 06:07,2922.40,2923.20,2922.40,2923.00,20
02-09-2026 06:08,2922.90,2922.90,2922.40,2922.60,22
02-09-2026 06:09,2922.60,2922.70,2922.30,2922.30,16
02-09-2026 06:10,2922.20,2922.20,2921.30,2921.30,25
02-09-2026 06:11,2921.20,2922.00,2921.10,2921.80,28
02-09-2026 06:12,2921.80,2922.30,2921.80,2922.10,18
02-09-2026 06:13,2922.10,2922.30,2922.00,2922.00,21
02-09-2026 06:14,2922.10,2922.80,2922.10,2922.40,20
02-09-2026 06:15,2922.30,2922.60,2922.30,2922.50,17
02-09-2026 06:16,2922.40,2922.60,2922.20,2922.20,15
02-09-2026 06:17,2922.20,2922.50,2922.00,2922.10,21
02-09-2026 06:18,2922.10,2922.20,2921.80,2921.90,16
02-09-2026 06:19,2922.00,2922.20,2921.90,2922.00,23
02-09-2026 06:20,2922.10,2922.20,2921.40,2921.40,25
02-09-2026 06:21,2921.40,2921.80,2921.30,2921.70,31
02-09-2026 06:22,2921.60,2921.70,2921.40,2921.60,15
02-09-2026 06:23,2921.50,2921.50,2921.40,2921.50,3
02-09-2026 06:24,2921.40,2921.50,2921.20,2921.20,11
02-09-2026 06:25,2921.30,2921.80,2921.30,2921.40,16
02-09-2026 06:26,2921.40,2921.60,2921.30,2921.30,12
02-09-2026 06:27,2921.40,2921.70,2921.30,2921.70,12
02-09-2026 06:28,2921.80,2922.00,2921.50,2921.70,21
02-09-2026 06:29,2921.60,2921.60,2919.70,2919.80,42
02-09-2026 06:30,2919.60,2921.20,2919.30,2920.50,52
02-09-2026 06:31,2920.50,2920.60,2919.90,2920.10,29
02-09-2026 06:32,2920.10,2920.40,2919.90,2920.40,30
02-09-2026 06:33,2920.30,2921.40,2920.20,2921.20,36
02-09-2026 06:34,2921.10,2921.40,2920.80,2921.20,34
02-09-2026 06:35,2921.10,2921.10,2920.10,2920.10,36
02-09-2026 06:36,2920.20,2920.50,2919.90,2920.00,24
02-09-2026 06:37,2920.00,2920.50,2919.80,2920.50,21
02-09-2026 06:38,2920.40,2920.40,2919.70,2919.90,25
02-09-2026 06:39,2919.90,2920.10,2919.70,2919.80,15
02-09-2026 06:40,2919.80,2919.90,2919.40,2919.90,14
02-09-2026 06:41,2919.80,2919.80,2919.10,2919.40,14
02-09-2026 06:42,2919.50,2919.50,2919.30,2919.30,10
02-09-2026 06:43,2919.40,2919.50,2918.40,2919.40,50
02-09-2026 06:44,2919.20,2919.50,2919.00,2919.30,27
02-09-2026 06:45,2919.20,2920.40,2919.00,2920.40,31
02-09-2026 06:46,2920.20,2920.70,2920.20,2920.30,29
02-09-2026 06:47,2920.20,2920.50,2919.70,2919.90,35
02-09-2026 06:48,2919.80,2920.60,2919.80,2920.60,28
02-09-2026 06:49,2920.50,2920.60,2920.10,2920.40,23
02-09-2026 06:50,2920.40,2920.50,2920.30,2920.50,20
02-09-2026 06:51,2920.50,2920.70,2920.40,2920.60,18
02-09-2026 06:52,2920.70,2920.90,2919.90,2919.90,24
02-09-2026 06:53,2920.10,2921.00,2919.70,2921.00,41
02-09-2026 06:54,2920.90,2921.10,2920.30,2921.10,26
02-09-2026 06:55,2921.10,2921.40,2920.90,2921.20,30
02-09-2026 06:56,2921.10,2921.60,2921.00,2921.10,26
02-09-2026 06:57,2921.10,2921.20,2920.80,2920.80,11
02-09-2026 06:58,2920.70,2920.80,2920.30,2920.60,23
02-09-2026 06:59,2920.60,2920.90,2920.50,2920.60,16
02-09-2026 07:00,2920.50,2920.70,2919.50,2920.10,42
02-09-2026 07:01,2920.20,2920.90,2920.00,2920.80,27
02-09-2026 07:02,2920.90,2921.10,2920.50,2920.90,22
02-09-2026 07:03,2921.00,2921.00,2920.50,2920.70,20
02-09-2026 07:04,2920.70,2921.20,2920.60,2921.20,18
02-09-2026 07:05,2921.20,2921.30,2920.60,2920.60,25
02-09-2026 07:06,2920.60,2920.60,2920.20,2920.50,20
02-09-2026 07:07,2920.40,2920.40,2920.00,2920.00,19
02-09-2026 07:08,2920.10,2920.10,2919.60,2919.80,19
02-09-2026 07:09,2919.80,2920.40,2919.80,2920.00,23
02-09-2026 07:10,2920.00,2920.30,2919.90,2920.20,19
02-09-2026 07:11,2920.10,2920.60,2920.10,2920.60,28
02-09-2026 07:12,2920.50,2920.80,2920.20,2920.70,20
02-09-2026 07:13,2920.80,2921.00,2920.40,2920.50,20
02-09-2026 07:14,2920.40,2920.50,2920.20,2920.40,14
02-09-2026 07:15,2920.30,2920.60,2920.30,2920.60,22
02-09-2026 07:16,2920.40,2920.50,2920.30,2920.30,10
02-09-2026 07:17,2920.20,2920.20,2919.90,2920.10,21
02-09-2026 07:18,2920.10,2920.20,2919.80,2920.10,15
02-09-2026 07:19,2920.10,2920.40,2920.00,2920.10,17
02-09-2026 07:20,2920.00,2920.10,2919.00,2919.40,28
02-09-2026 07:21,2919.30,2919.80,2919.30,2919.40,23
02-09-2026 07:22,2919.40,2919.60,2919.10,2919.60,27
02-09-2026 07:23,2919.50,2920.10,2919.50,2919.60,33
02-09-2026 07:24,2919.70,2920.40,2919.60,2920.30,41
02-09-2026 07:25,2920.30,2921.00,2920.10,2921.00,37
02-09-2026 07:26,2920.80,2920.80,2920.10,2920.20,33
02-09-2026 07:27,2920.10,2920.40,2920.00,2920.10,32
02-09-2026 07:28,2920.20,2920.90,2920.10,2920.90,26
02-09-2026 07:29,2921.00,2921.20,2920.60,2921.10,29
02-09-2026 07:30,2921.10,2921.20,2920.50,2920.70,29
02-09-2026 07:31,2920.60,2921.00,2920.60,2920.80,28
02-09-2026 07:32,2920.70,2920.70,2920.40,2920.40,16
02-09-2026 07:33,2920.50,2920.50,2919.90,2920.00,28
02-09-2026 07:34,2920.00,2920.30,2920.00,2920.10,25
02-09-2026 07:35,2920.20,2920.40,2919.90,2920.10,21
02-09-2026 07:36,2920.20,2920.70,2920.10,2920.70,25
02-09-2026 07:37,2920.80,2921.20,2920.80,2920.80,29
02-09-2026 07:38,2920.90,2920.90,2920.50,2920.80,22
02-09-2026 07:39,2920.70,2920.80,2920.40,2920.70,22
02-09-2026 07:40,2920.70,2921.10,2920.60,2920.90,24
02-09-2026 07:41,2920.80,2921.20,2920.60,2920.90,19
02-09-2026 07:42,2920.90,2921.10,2920.90,2921.00,12
02-09-2026 07:43,2921.10,2921.50,2921.00,2921.50,21
02-09-2026 07:44,2921.50,2921.70,2921.50,2921.60,4
02-09-2026 07:45,2921.60,2922.00,2921.60,2922.00,25
02-09-2026 07:46,2922.00,2922.40,2921.90,2922.40,10
02-09-2026 07:47,2922.50,2922.50,2922.10,2922.30,12
02-09-2026 07:48,2922.20,2922.90,2922.20,2922.80,13
02-09-2026 07:49,2922.90,2923.00,2922.80,2923.00,14
02-09-2026 07:50,2923.00,2923.60,2922.90,2923.60,23
02-09-2026 07:51,2923.70,2923.80,2923.30,2923.40,12
02-09-2026 07:52,2923.20,2923.40,2922.20,2922.20,22
02-09-2026 07:53,2922.30,2922.90,2922.30,2922.90,26
02-09-2026 07:54,2922.90,2923.20,2922.90,2923.20,8
02-09-2026 07:55,2923.10,2923.50,2923.10,2923.20,18
02-09-2026 07:56,2923.20,2923.20,2922.90,2923.10,8
02-09-2026 07:57,2923.10,2923.30,2923.10,2923.20,10
02-09-2026 07:58,2923.30,2923.50,2923.20,2923.30,7
02-09-2026 07:59,2923.30,2923.30,2922.80,2922.80,18
02-09-2026 08:00,2922.80,2922.90,2922.50,2922.60,20
02-09-2026 08:01,2922.70,2922.80,2922.00,2922.40,17
02-09-2026 08:02,2922.30,2922.70,2922.30,2922.60,10
02-09-2026 08:03,2922.50,2922.50,2922.10,2922.20,14
02-09-2026 08:04,2922.20,2922.30,2922.20,2922.30,8
02-09-2026 08:05,2922.40,2922.40,2922.20,2922.20,5
02-09-2026 08:06,2922.20,2922.30,2921.80,2922.10,13
02-09-2026 08:07,2922.00,2922.10,2921.90,2921.90,18
02-09-2026 08:08,2921.90,2922.00,2921.90,2921.90,5
02-09-2026 08:09,2921.90,2922.00,2921.70,2922.00,14
02-09-2026 08:10,2922.00,2922.40,2922.00,2922.30,13
02-09-2026 08:11,2922.30,2922.40,2922.10,2922.30,15
02-09-2026 08:12,2922.30,2922.30,2922.20,2922.30,7
02-09-2026 08:13,2922.20,2922.20,2922.00,2922.10,4
02-09-2026 08:14,2922.10,2922.10,2922.00,2922.00,8
02-09-2026 08:15,2921.90,2922.20,2921.90,2922.20,5
02-09-2026 08:16,2922.20,2922.20,2922.00,2922.00,3
02-09-2026 08:17,2922.00,2922.20,2922.00,2922.20,9
02-09-2026 08:18,2922.30,2922.60,2922.20,2922.30,12
02-09-2026 08:19,2922.30,2922.50,2922.30,2922.50,5
02-09-2026 08:20,2922.50,2922.70,2922.50,2922.50,13
02-09-2026 08:21,2922.50,2922.70,2922.30,2922.70,9
02-09-2026 08:22,2922.60,2922.60,2922.30,2922.40,5
02-09-2026 08:23,2922.30,2922.40,2922.10,2922.10,14
02-09-2026 08:24,2922.20,2922.30,2922.10,2922.10,10
02-09-2026 08:25,2922.10,2922.20,2921.80,2921.90,9
02-09-2026 08:26,2921.90,2922.10,2921.90,2921.90,15
02-09-2026 08:27,2921.80,2922.30,2921.80,2922.10,9
02-09-2026 08:28,2922.10,2922.20,2921.80,2921.90,6
02-09-2026 08:29,2921.90,2922.30,2921.90,2922.20,7
02-09-2026 08:30,2922.20,2922.40,2922.10,2922.40,17
02-09-2026 08:31,2922.30,2922.70,2922.20,2922.20,13
02-09-2026 08:32,2922.10,2922.10,2921.60,2921.70,9
02-09-2026 08:33,2921.70,2922.10,2921.70,2921.80,16
02-09-2026 08:34,2921.70,2922.00,2921.70,2922.00,8
02-09-2026 08:35,2921.90,2921.90,2921.50,2921.60,8
02-09-2026 08:36,2921.50,2921.60,2921.20,2921.30,26
02-09-2026 08:37,2921.30,2921.40,2921.20,2921.40,6
02-09-2026 08:38,2921.40,2921.40,2921.20,2921.20,5
02-09-2026 08:39,2921.10,2921.70,2921.10,2921.70,12
02-09-2026 08:40,2921.80,2922.30,2921.70,2922.20,17
02-09-2026 08:41,2922.10,2922.30,2921.90,2921.90,14
02-09-2026 08:42,2921.80,2922.00,2921.70,2922.00,15
02-09-2026 08:43,2921.90,2922.00,2921.90,2922.00,6
02-09-2026 08:44,2921.90,2922.10,2921.70,2921.90,17
02-09-2026 08:45,2922.00,2922.00,2921.50,2921.60,12
02-09-2026 08:46,2921.60,2921.60,2921.40,2921.50,12
02-09-2026 08:47,2921.40,2921.60,2921.40,2921.50,8
02-09-2026 08:48,2921.40,2921.70,2921.40,2921.50,13
02-09-2026 08:49,2921.40,2921.70,2921.40,2921.50,10
02-09-2026 08:50,2921.60,2921.60,2921.40,2921.50,14
02-09-2026 08:51,2921.60,2921.60,2921.20,2921.40,7
02-09-2026 08:52,2921.30,2921.30,2921.10,2921.20,4
02-09-2026 08:53,2921.10,2921.30,2921.00,2921.00,9
02-09-2026 08:54,2921.00,2921.30,2921.00,2921.30,8
02-09-2026 08:55,2921.40,2921.60,2921.30,2921.60,11
02-09-2026 08:56,2921.50,2921.50,2921.20,2921.20,8
02-09-2026 08:57,2921.10,2921.40,2921.10,2921.30,5
02-09-2026 08:58,2921.40,2921.50,2921.10,2921.20,11
02-09-2026 08:59,2921.10,2921.20,2920.80,2920.80,14
02-09-2026 09:00,2920.90,2920.90,2920.30,2920.50,22
02-09-2026 09:01,2920.40,2920.40,2920.20,2920.20,11
02-09-2026 09:02,2920.10,2920.40,2920.10,2920.40,12
02-09-2026 09:03,2920.30,2920.60,2920.30,2920.40,17
02-09-2026 09:04,2920.30,2920.40,2920.30,2920.30,11
02-09-2026 09:05,2920.40,2920.70,2920.10,2920.70,13
02-09-2026 09:06,2920.60,2921.00,2920.50,2920.50,19
02-09-2026 09:07,2920.60,2920.60,2920.30,2920.30,11
02-09-2026 09:08,2920.40,2920.80,2920.40,2920.80,4
02-09-2026 09:09,2920.80,2920.80,2920.70,2920.80,7
02-09-2026 09:10,2920.70,2920.90,2920.60,2920.70,17
02-09-2026 09:11,2920.70,2920.70,2920.60,2920.60,6
02-09-2026 09:12,2920.50,2920.60,2920.00,2920.20,14
02-09-2026 09:13,2920.10,2920.40,2920.10,2920.40,19
02-09-2026 09:14,2920.50,2920.70,2920.50,2920.60,6
02-09-2026 09:15,2920.70,2921.20,2920.60,2921.10,14
02-09-2026 09:16,2921.00,2921.10,2920.70,2920.70,13
02-09-2026 09:17,2920.60,2921.00,2920.60,2921.00,10
02-09-2026 09:18,2920.90,2921.00,2920.90,2920.90,3
02-09-2026 09:19,2920.90,2920.90,2920.70,2920.70,5
02-09-2026 09:20,2920.60,2920.60,2920.50,2920.50,8
02-09-2026 09:21,2920.50,2920.60,2920.40,2920.50,7
02-09-2026 09:22,2920.60,2920.70,2920.30,2920.50,14
02-09-2026 09:23,2920.40,2920.70,2920.40,2920.60,7
02-09-2026 09:24,2920.60,2920.90,2920.50,2920.90,7
02-09-2026 09:25,2920.80,2920.90,2920.80,2920.80,5
02-09-2026 09:26,2920.80,2920.90,2920.60,2920.60,5
02-09-2026 09:27,2920.50,2920.50,2920.40,2920.50,3
02-09-2026 09:28,2920.50,2920.80,2920.50,2920.70,5
02-09-2026 09:29,2920.70,2920.80,2920.60,2920.60,3
02-09-2026 09:30,2920.70,2921.00,2920.60,2920.80,18
02-09-2026 09:31,2920.70,2920.70,2920.60,2920.70,3
02-09-2026 09:32,2920.60,2920.60,2920.50,2920.50,2
02-09-2026 09:33,2920.40,2920.70,2920.40,2920.70,4
02-09-2026 09:34,2920.60,2920.60,2920.30,2920.30,6
02-09-2026 09:35,2920.30,2920.60,2920.30,2920.50,7
02-09-2026 09:36,2920.50,2920.60,2920.30,2920.30,5
02-09-2026 09:37,2920.30,2920.50,2920.30,2920.30,5
02-09-2026 09:38,2920.20,2920.60,2920.20,2920.60,9
02-09-2026 09:39,2920.50,2920.50,2919.70,2919.70,10
02-09-2026 09:40,2919.70,2920.00,2919.70,2920.00,11
02-09-2026 09:41,2919.90,2919.90,2919.60,2919.70,11
02-09-2026 09:42,2919.70,2919.90,2919.70,2919.80,10
02-09-2026 09:43,2919.70,2919.90,2919.70,2919.90,6
02-09-2026 09:44,2920.00,2920.40,2920.00,2920.40,11
02-09-2026 09:45,2920.30,2921.00,2920.20,2921.00,12
02-09-2026 09:46,2921.10,2921.10,2920.60,2920.70,20
02-09-2026 09:47,2920.60,2920.90,2920.40,2920.80,22
02-09-2026 09:48,2920.90,2921.00,2920.80,2920.80,6
02-09-2026 09:49,2920.80,2920.80,2920.70,2920.80,3
02-09-2026 09:50,2920.60,2920.80,2920.40,2920.70,11
02-09-2026 09:51,2920.70,2920.80,2920.40,2920.40,18
02-09-2026 09:52,2920.40,2920.50,2920.20,2920.20,13
02-09-2026 09:53,2920.20,2920.30,2920.10,2920.10,4
02-09-2026 09:54,2920.20,2920.40,2920.20,2920.40,3
02-09-2026 09:55,2920.30,2920.40,2920.20,2920.20,9
02-09-2026 09:56,2920.20,2920.50,2920.20,2920.30,16
02-09-2026 09:57,2920.30,2920.60,2920.20,2920.30,18
02-09-2026 09:58,2920.20,2920.40,2920.20,2920.40,12
02-09-2026 09:59,2920.30,2920.30,2920.10,2920.10,3
02-09-2026 10:00,2920.10,2920.10,2919.90,2920.00,9
02-09-2026 10:01,2920.10,2920.70,2920.10,2920.70,11
02-09-2026 10:02,2920.70,2920.90,2920.70,2920.90,12
02-09-2026 10:03,2920.90,2920.90,2920.20,2920.30,15
02-09-2026 10:04,2920.40,2920.80,2920.40,2920.70,21
02-09-2026 10:05,2920.60,2920.80,2920.30,2920.50,9
02-09-2026 10:06,2920.50,2920.60,2920.30,2920.30,15
02-09-2026 10:07,2920.40,2920.70,2920.40,2920.50,13
02-09-2026 10:08,2920.40,2920.40,2920.20,2920.20,5
02-09-2026 10:09,2920.30,2920.30,2920.20,2920.20,6
02-09-2026 10:10,2920.30,2920.30,2920.10,2920.10,7
02-09-2026 10:11,2920.20,2920.20,2920.00,2920.10,4
02-09-2026 10:12,2920.00,2920.20,2920.00,2920.20,5
02-09-2026 10:13,2920.10,2920.40,2920.10,2920.40,6
02-09-2026 10:14,2920.30,2920.30,2920.00,2920.10,9
02-09-2026 10:15,2920.00,2920.50,2920.00,2920.40,8
02-09-2026 10:16,2920.50,2920.50,2920.20,2920.30,11
02-09-2026 10:17,2920.20,2920.30,2920.00,2920.20,12
02-09-2026 10:18,2920.10,2920.50,2920.00,2920.50,9
02-09-2026 10:19,2920.40,2920.50,2920.00,2920.10,13
02-09-2026 10:20,2920.10,2920.40,2920.10,2920.30,6
02-09-2026 10:21,2920.30,2920.40,2920.20,2920.40,4
02-09-2026 10:22,2920.30,2920.30,2920.10,2920.30,4
02-09-2026 10:23,2920.30,2920.50,2920.10,2920.50,9
02-09-2026 10:24,2920.40,2920.50,2920.40,2920.40,11
02-09-2026 10:25,2920.30,2920.40,2920.20,2920.40,6
02-09-2026 10:26,2920.40,2920.50,2920.30,2920.30,8
02-09-2026 10:27,2920.30,2920.30,2920.10,2920.20,4
02-09-2026 10:28,2920.20,2920.40,2920.20,2920.40,7
02-09-2026 10:29,2920.30,2920.40,2920.20,2920.30,8
02-09-2026 10:30,2920.40,2920.50,2919.90,2920.40,12
02-09-2026 10:31,2920.50,2920.50,2919.60,2919.70,16
02-09-2026 10:32,2919.60,2919.90,2919.50,2919.50,11
02-09-2026 10:33,2919.60,2919.80,2919.60,2919.80,9
02-09-2026 10:34,2919.70,2919.70,2919.60,2919.70,7
02-09-2026 10:35,2919.80,2919.90,2919.40,2919.70,13
02-09-2026 10:36,2919.70,2919.70,2919.20,2919.30,9
02-09-2026 10:37,2919.30,2919.50,2919.30,2919.40,6
02-09-2026 10:38,2919.40,2919.50,2919.40,2919.50,4
02-09-2026 10:39,2919.40,2919.50,2919.30,2919.30,8
02-09-2026 10:40,2919.40,2920.40,2919.40,2920.20,22
02-09-2026 10:41,2920.20,2920.40,2920.20,2920.30,16
02-09-2026 10:42,2920.30,2920.40,2920.20,2920.30,5
02-09-2026 10:43,2920.20,2920.90,2920.20,2920.90,13
02-09-2026 10:44,2920.80,2921.20,2920.70,2920.80,15
02-09-2026 10:45,2920.90,2920.90,2920.60,2920.90,16
02-09-2026 10:46,2920.80,2921.10,2920.80,2921.00,15
02-09-2026 10:47,2920.90,2921.40,2920.70,2921.30,12
02-09-2026 10:48,2921.30,2921.70,2921.20,2921.60,16
02-09-2026 10:49,2921.50,2921.90,2921.40,2921.50,22
02-09-2026 10:50,2921.60,2921.70,2921.40,2921.50,12
02-09-2026 10:51,2921.60,2921.70,2921.40,2921.40,11
02-09-2026 10:52,2921.40,2921.50,2921.20,2921.30,18
02-09-2026 10:53,2921.40,2921.80,2921.10,2921.70,19
02-09-2026 10:54,2921.60,2922.00,2921.60,2922.00,7
02-09-2026 10:55,2922.10,2922.40,2922.00,2922.30,7
02-09-2026 10:56,2922.40,2922.50,2922.30,2922.30,10
02-09-2026 10:57,2922.50,2922.60,2922.30,2922.40,18
02-09-2026 10:58,2922.50,2922.80,2922.30,2922.70,17
02-09-2026 10:59,2922.60,2922.90,2922.60,2922.90,12
02-09-2026 11:00,2923.00,2924.10,2923.00,2924.10,30
02-09-2026 11:01,2924.00,2924.20,2923.20,2923.20,23
02-09-2026 11:02,2923.20,2923.60,2923.20,2923.50,15
02-09-2026 11:03,2923.50,2923.50,2923.30,2923.50,17
02-09-2026 11:04,2923.70,2923.70,2922.70,2922.80,26
02-09-2026 11:05,2922.80,2923.00,2922.70,2922.80,20
02-09-2026 11:06,2922.60,2922.60,2922.10,2922.40,16
02-09-2026 11:07,2922.50,2922.80,2922.40,2922.40,16
02-09-2026 11:08,2922.40,2922.40,2922.10,2922.20,17
02-09-2026 11:09,2922.30,2922.30,2922.10,2922.10,9
02-09-2026 11:10,2922.10,2922.60,2922.00,2922.60,18
02-09-2026 11:11,2922.50,2922.90,2922.30,2922.90,24
02-09-2026 11:12,2922.90,2923.60,2922.90,2923.50,18
02-09-2026 11:13,2923.60,2923.90,2923.50,2923.80,14
02-09-2026 11:14,2923.70,2923.90,2923.60,2923.90,18
02-09-2026 11:15,2923.90,2924.20,2923.90,2923.90,16
02-09-2026 11:16,2924.00,2924.00,2923.70,2923.70,10
02-09-2026 11:17,2923.70,2923.80,2923.60,2923.70,6
02-09-2026 11:18,2923.60,2924.00,2923.50,2923.90,14
02-09-2026 11:19,2923.80,2923.90,2923.60,2923.60,11
02-09-2026 11:20,2923.70,2923.70,2922.90,2923.00,24
02-09-2026 11:21,2923.20,2923.30,2923.00,2923.30,10
02-09-2026 11:22,2923.20,2923.30,2922.00,2922.40,24
02-09-2026 11:23,2922.40,2922.40,2921.90,2921.90,10
02-09-2026 11:24,2921.80,2921.80,2921.20,2921.30,15
02-09-2026 11:25,2921.40,2921.70,2921.20,2921.60,19
02-09-2026 11:26,2921.60,2922.30,2921.60,2922.00,13
02-09-2026 11:27,2921.90,2922.00,2921.60,2921.60,7
02-09-2026 11:28,2921.70,2922.00,2921.70,2922.00,6
02-09-2026 11:29,2922.00,2922.00,2921.70,2921.90,12
02-09-2026 11:30,2921.80,2922.60,2921.80,2922.10,41
02-09-2026 11:31,2922.00,2922.20,2921.50,2921.60,29
02-09-2026 11:32,2921.80,2921.90,2921.40,2921.70,28
02-09-2026 11:33,2921.60,2921.70,2921.00,2921.00,25
02-09-2026 11:34,2921.00,2921.30,2920.80,2921.20,19
02-09-2026 11:35,2921.30,2921.40,2920.90,2921.30,30
02-09-2026 11:36,2921.20,2921.30,2921.00,2921.20,17
02-09-2026 11:37,2921.30,2921.50,2921.20,2921.20,18
02-09-2026 11:38,2921.20,2921.60,2921.00,2921.60,13
02-09-2026 11:39,2921.70,2921.80,2921.50,2921.70,13
02-09-2026 11:40,2921.80,2922.20,2921.70,2922.20,25
02-09-2026 11:41,2922.10,2922.20,2921.90,2921.90,25
02-09-2026 11:42,2921.90,2922.10,2921.90,2922.10,8
02-09-2026 11:43,2922.10,2923.00,2922.10,2922.80,36
02-09-2026 11:44,2922.90,2923.20,2922.20,2922.40,20
02-09-2026 11:45,2922.50,2922.80,2922.30,2922.40,19
02-09-2026 11:46,2922.50,2922.50,2921.50,2921.50,17
02-09-2026 11:47,2921.50,2921.60,2920.90,2921.00,13
02-09-2026 11:48,2921.10,2921.10,2920.70,2920.70,20
02-09-2026 11:49,2920.60,2920.70,2920.30,2920.50,14
02-09-2026 11:50,2920.50,2920.80,2920.50,2920.60,20
02-09-2026 11:51,2920.60,2920.80,2920.40,2920.50,11
02-09-2026 11:52,2920.50,2920.60,2920.00,2920.30,24
02-09-2026 11:53,2920.40,2920.70,2920.30,2920.70,9
02-09-2026 11:54,2920.70,2920.90,2920.50,2920.90,16
02-09-2026 11:55,2920.90,2921.80,2920.80,2921.80,16
02-09-2026 11:56,2921.90,2922.20,2921.70,2922.20,25
02-09-2026 11:57,2922.10,2922.20,2921.10,2921.10,27
02-09-2026 11:58,2921.20,2921.60,2921.00,2921.00,16
02-09-2026 11:59,2921.00,2921.30,2920.10,2920.20,37
02-09-2026 12:00,2920.40,2921.00,2920.40,2920.60,43
02-09-2026 12:01,2920.70,2921.40,2920.70,2921.20,35
02-09-2026 12:02,2921.00,2922.00,2921.00,2922.00,35
02-09-2026 12:03,2921.90,2921.90,2920.70,2920.70,27
02-09-2026 12:04,2920.80,2921.70,2920.70,2921.70,18
02-09-2026 12:05,2921.60,2922.40,2921.50,2922.20,34
02-09-2026 12:06,2922.30,2922.70,2921.80,2921.80,30
02-09-2026 12:07,2921.80,2921.90,2921.40,2921.70,25
02-09-2026 12:08,2921.70,2922.30,2921.70,2922.30,22
02-09-2026 12:09,2922.30,2924.50,2922.30,2924.50,42
02-09-2026 12:10,2924.60,2925.00,2924.20,2924.70,30
02-09-2026 12:11,2924.70,2925.70,2924.70,2925.60,21
02-09-2026 12:12,2925.50,2925.60,2925.10,2925.30,18
02-09-2026 12:13,2925.40,2926.20,2925.40,2925.70,35
02-09-2026 12:14,2925.80,2925.90,2924.80,2924.90,34
02-09-2026 12:15,2924.90,2924.90,2924.20,2924.40,36
02-09-2026 12:16,2924.50,2924.60,2924.00,2924.10,23
02-09-2026 12:17,2924.10,2924.60,2924.10,2924.30,26
02-09-2026 12:18,2924.30,2924.60,2924.10,2924.40,24
02-09-2026 12:19,2924.40,2924.80,2924.30,2924.40,22
02-09-2026 12:20,2924.30,2924.50,2924.10,2924.20,15
02-09-2026 12:21,2924.20,2924.70,2924.10,2924.40,17
02-09-2026 12:22,2924.50,2924.70,2924.10,2924.60,22
02-09-2026 12:23,2924.60,2924.70,2924.10,2924.30,17
02-09-2026 12:24,2924.20,2924.50,2924.20,2924.30,25
02-09-2026 12:25,2924.40,2925.10,2924.40,2924.70,17
02-09-2026 12:26,2924.60,2925.30,2924.60,2925.30,19
02-09-2026 12:27,2925.20,2925.50,2925.10,2925.40,16
02-09-2026 12:28,2925.50,2926.70,2925.50,2926.70,31
02-09-2026 12:29,2926.60,2927.30,2926.40,2927.20,21
02-09-2026 12:30,2927.00,2928.50,2926.20,2928.00,68
02-09-2026 12:31,2928.00,2928.20,2927.60,2927.80,32
02-09-2026 12:32,2927.90,2929.30,2927.90,2928.90,37
02-09-2026 12:33,2928.80,2929.60,2928.70,2929.50,25
02-09-2026 12:34,2929.40,2929.60,2929.00,2929.30,21
02-09-2026 12:35,2929.30,2929.40,2928.90,2929.00,42
02-09-2026 12:36,2929.20,2930.60,2929.20,2930.20,38
02-09-2026 12:37,2930.20,2930.80,2930.20,2930.50,36
02-09-2026 12:38,2930.50,2931.20,2930.50,2931.10,31
02-09-2026 12:39,2931.20,2932.50,2931.00,2932.50,33
02-09-2026 12:40,2932.40,2932.70,2931.20,2931.30,36
02-09-2026 12:41,2931.30,2931.60,2930.90,2930.90,37
02-09-2026 12:42,2931.00,2931.10,2929.60,2929.80,30
02-09-2026 12:43,2929.80,2929.90,2928.60,2928.70,28
02-09-2026 12:44,2928.80,2929.00,2927.80,2928.80,37
02-09-2026 12:45,2928.70,2928.80,2928.10,2928.70,35
02-09-2026 12:46,2928.60,2929.20,2928.30,2928.90,21
02-09-2026 12:47,2928.70,2929.20,2928.40,2929.10,21
02-09-2026 12:48,2929.20,2929.70,2929.20,2929.30,20
02-09-2026 12:49,2929.30,2930.00,2929.30,2929.60,22
02-09-2026 12:50,2929.60,2929.70,2929.10,2929.50,32
02-09-2026 12:51,2929.50,2929.60,2929.10,2929.10,22
02-09-2026 12:52,2928.90,2929.20,2928.60,2928.60,16
02-09-2026 12:53,2928.60,2929.90,2928.50,2929.20,38
02-09-2026 12:54,2929.10,2929.10,2928.60,2928.80,19
02-09-2026 12:55,2928.60,2928.60,2927.40,2927.60,28
02-09-2026 12:56,2927.50,2928.90,2927.50,2928.90,32
02-09-2026 12:57,2928.80,2929.50,2928.60,2928.60,30
02-09-2026 12:58,2928.60,2929.50,2928.60,2929.10,28
02-09-2026 12:59,2929.00,2929.10,2928.70,2928.70,26
02-09-2026 13:00,2928.70,2928.80,2927.80,2928.30,34
02-09-2026 13:01,2928.30,2928.90,2927.50,2928.00,47
02-09-2026 13:02,2927.80,2928.00,2927.50,2927.80,25
02-09-2026 13:03,2927.90,2928.00,2927.00,2927.60,35
02-09-2026 13:04,2927.50,2928.20,2927.40,2928.10,24
02-09-2026 13:05,2928.20,2928.30,2927.00,2927.00,35
02-09-2026 13:06,2927.10,2927.50,2927.00,2927.30,19
02-09-2026 13:07,2927.30,2927.40,2927.10,2927.40,11
02-09-2026 13:08,2927.30,2927.90,2926.90,2926.90,20
02-09-2026 13:09,2926.90,2927.10,2926.30,2926.30,17
02-09-2026 13:10,2926.40,2926.50,2926.00,2926.40,34
02-09-2026 13:11,2926.30,2926.40,2926.10,2926.40,17
02-09-2026 13:12,2926.30,2926.40,2925.70,2926.20,25
02-09-2026 13:13,2926.20,2926.90,2926.20,2926.30,20
02-09-2026 13:14,2926.10,2926.10,2925.50,2925.50,13
02-09-2026 13:15,2925.50,2925.50,2925.00,2925.00,35
02-09-2026 13:16,2924.90,2925.40,2924.80,2925.20,21
02-09-2026 13:17,2925.30,2925.50,2925.20,2925.50,15
02-09-2026 13:18,2925.60,2926.40,2925.60,2925.80,34
02-09-2026 13:19,2925.70,2925.70,2925.30,2925.30,26
02-09-2026 13:20,2925.40,2925.40,2924.70,2925.00,38
02-09-2026 13:21,2925.10,2925.30,2924.80,2924.90,24
02-09-2026 13:22,2924.80,2924.90,2924.00,2924.30,19
02-09-2026 13:23,2924.30,2924.90,2924.30,2924.90,13
02-09-2026 13:24,2924.90,2926.50,2924.90,2926.20,29
02-09-2026 13:25,2926.10,2926.90,2926.00,2926.90,26
02-09-2026 13:26,2927.00,2927.00,2926.10,2926.30,29
02-09-2026 13:27,2926.40,2926.70,2926.20,2926.30,18
02-09-2026 13:28,2926.40,2926.80,2926.00,2926.30,21
02-09-2026 13:29,2926.00,2926.40,2926.00,2926.10,17
02-09-2026 13:30,2925.90,2926.70,2925.30,2925.30,58
02-09-2026 13:31,2925.40,2926.50,2925.40,2925.80,43
02-09-2026 13:32,2925.80,2926.30,2925.00,2925.20,45
02-09-2026 13:33,2925.20,2926.50,2925.20,2926.20,38
02-09-2026 13:34,2926.10,2927.40,2926.10,2927.40,35
02-09-2026 13:35,2927.20,2927.20,2925.90,2926.30,47
02-09-2026 13:36,2926.40,2926.70,2925.30,2926.00,29
02-09-2026 13:37,2925.90,2926.30,2925.60,2925.80,24
02-09-2026 13:38,2925.80,2926.20,2925.60,2926.10,26
02-09-2026 13:39,2926.20,2926.30,2925.60,2926.30,30
02-09-2026 13:40,2926.40,2927.00,2926.20,2926.90,24
02-09-2026 13:41,2926.80,2926.80,2925.90,2926.00,33
02-09-2026 13:42,2925.90,2926.20,2925.60,2926.20,28
02-09-2026 13:43,2926.00,2926.20,2925.90,2926.00,23
02-09-2026 13:44,2925.90,2926.00,2925.00,2925.60,33
02-09-2026 13:45,2925.40,2926.00,2925.10,2925.10,28
02-09-2026 13:46,2925.20,2925.60,2924.90,2925.40,25
02-09-2026 13:47,2925.40,2925.50,2924.80,2925.10,28
02-09-2026 13:48,2925.20,2925.30,2924.40,2924.60,22
02-09-2026 13:49,2924.70,2924.80,2924.50,2924.50,27
02-09-2026 13:50,2924.50,2924.80,2923.90,2923.90,33
02-09-2026 13:51,2923.90,2924.30,2923.60,2924.00,27
02-09-2026 13:52,2923.90,2924.70,2923.90,2924.70,31
02-09-2026 13:53,2924.50,2924.70,2923.90,2924.00,20
02-09-2026 13:54,2923.90,2924.00,2923.70,2923.70,12
02-09-2026 13:55,2923.70,2924.80,2923.70,2924.00,28
02-09-2026 13:56,2924.00,2924.20,2923.90,2924.10,25
02-09-2026 13:57,2924.20,2924.60,2924.00,2924.50,31
02-09-2026 13:58,2924.50,2924.70,2923.70,2923.80,32
02-09-2026 13:59,2923.80,2924.20,2923.60,2924.00,20
02-09-2026 14:00,2924.10,2924.90,2923.80,2924.90,35
02-09-2026 14:01,2924.70,2925.20,2924.30,2924.70,32
02-09-2026 14:02,2924.60,2925.20,2924.60,2924.60,42
02-09-2026 14:03,2924.50,2924.90,2924.00,2924.20,32
02-09-2026 14:04,2924.20,2924.40,2924.20,2924.20,13
02-09-2026 14:05,2924.30,2924.50,2923.70,2924.50,23
02-09-2026 14:06,2924.40,2924.90,2924.30,2924.40,35
02-09-2026 14:07,2924.40,2924.70,2924.10,2924.60,29
02-09-2026 14:08,2924.50,2924.60,2924.10,2924.30,36
02-09-2026 14:09,2924.40,2924.70,2924.10,2924.20,28
02-09-2026 14:10,2924.10,2924.50,2923.90,2924.10,24
02-09-2026 14:11,2924.10,2924.30,2923.40,2923.50,26
02-09-2026 14:12,2923.40,2923.60,2923.00,2923.10,21
02-09-2026 14:13,2923.10,2923.30,2922.80,2923.10,25
02-09-2026 14:14,2923.00,2923.30,2922.60,2923.00,20
02-09-2026 14:15,2923.10,2923.20,2922.70,2922.80,25
02-09-2026 14:16,2922.70,2922.90,2922.60,2922.70,9
02-09-2026 14:17,2922.60,2922.60,2922.10,2922.20,16
02-09-2026 14:18,2922.30,2922.30,2921.90,2922.00,14
02-09-2026 14:19,2922.00,2922.50,2922.00,2922.40,18
02-09-2026 14:20,2922.30,2922.40,2921.60,2921.80,26
02-09-2026 14:21,2921.60,2921.80,2920.80,2921.20,33
02-09-2026 14:22,2921.10,2921.30,2920.20,2920.70,34
02-09-2026 14:23,2920.60,2920.80,2920.00,2920.00,17
02-09-2026 14:24,2920.10,2920.10,2919.00,2919.20,36
02-09-2026 14:25,2919.30,2920.10,2919.00,2920.00,44
02-09-2026 14:26,2919.90,2920.60,2919.90,2919.90,36
02-09-2026 14:27,2920.00,2920.00,2919.50,2919.80,29
02-09-2026 14:28,2919.70,2920.10,2919.60,2920.00,32
02-09-2026 14:29,2919.90,2920.00,2919.30,2920.00,32
02-09-2026 14:30,2919.90,2921.30,2919.90,2920.70,65
02-09-2026 14:31,2920.60,2921.50,2920.60,2920.90,28
02-09-2026 14:32,2920.90,2922.20,2920.90,2921.80,34
02-09-2026 14:33,2921.60,2922.60,2921.10,2922.00,41
02-09-2026 14:34,2921.90,2922.10,2921.00,2922.00,31
02-09-2026 14:35,2922.10,2923.60,2922.00,2923.60,32
02-09-2026 14:36,2923.40,2923.60,2922.60,2922.60,20
02-09-2026 14:37,2922.60,2922.70,2921.70,2922.20,32
02-09-2026 14:38,2922.10,2922.30,2921.90,2922.00,20
02-09-2026 14:39,2922.00,2922.70,2922.00,2922.20,25
02-09-2026 14:40,2922.20,2922.30,2921.80,2922.30,25
02-09-2026 14:41,2922.40,2922.70,2921.40,2921.70,32
02-09-2026 14:42,2921.70,2922.00,2921.30,2921.30,18
02-09-2026 14:43,2921.20,2921.30,2920.60,2920.70,20
02-09-2026 14:44,2920.60,2920.60,2919.20,2919.40,36
02-09-2026 14:45,2919.50,2919.70,2919.10,2919.20,40
02-09-2026 14:46,2919.30,2919.90,2919.30,2919.40,31
02-09-2026 14:47,2919.40,2919.90,2919.20,2919.90,24
02-09-2026 14:48,2919.80,2920.60,2919.70,2920.50,22
02-09-2026 14:49,2920.50,2920.90,2920.40,2920.90,24
02-09-2026 14:50,2920.80,2920.90,2920.00,2920.10,39
02-09-2026 14:51,2920.20,2920.30,2919.60,2919.60,34
02-09-2026 14:52,2919.60,2919.60,2919.10,2919.20,23
02-09-2026 14:53,2919.20,2919.40,2918.70,2918.80,23
02-09-2026 14:54,2918.60,2918.90,2918.40,2918.70,31
02-09-2026 14:55,2918.80,2919.00,2918.80,2918.90,16
02-09-2026 14:56,2918.80,2919.20,2918.60,2919.00,29
02-09-2026 14:57,2919.10,2919.90,2918.90,2919.40,25
02-09-2026 14:58,2919.30,2919.60,2919.30,2919.60,17
02-09-2026 14:59,2919.50,2919.90,2919.50,2919.70,26
02-09-2026 15:00,2919.80,2919.80,2919.30,2919.50,26
02-09-2026 15:01,2919.40,2919.40,2918.30,2918.60,34
02-09-2026 15:02,2918.60,2918.60,2918.00,2918.00,16
02-09-2026 15:03,2918.10,2918.10,2917.60,2917.80,31
02-09-2026 15:04,2917.80,2917.90,2917.60,2917.80,13
02-09-2026 15:05,2917.70,2918.20,2917.60,2917.90,23
02-09-2026 15:06,2917.90,2918.00,2917.50,2917.70,33
02-09-2026 15:07,2917.70,2918.70,2917.70,2918.50,24
02-09-2026 15:08,2918.40,2919.60,2918.30,2919.00,39
02-09-2026 15:09,2919.00,2919.40,2918.80,2919.10,28
02-09-2026 15:10,2919.10,2919.20,2918.80,2919.10,26
02-09-2026 15:11,2919.10,2919.50,2919.10,2919.50,14
02-09-2026 15:12,2919.50,2919.50,2918.80,2919.20,26
02-09-2026 15:13,2919.10,2919.30,2918.90,2918.90,11
02-09-2026 15:14,2918.90,2919.00,2918.50,2918.70,18
02-09-2026 15:15,2918.80,2919.50,2918.80,2918.90,19
02-09-2026 15:16,2918.80,2919.00,2918.50,2918.80,26
02-09-2026 15:17,2918.90,2919.40,2918.80,2918.90,21
02-09-2026 15:18,2919.00,2919.70,2919.00,2919.30,22
02-09-2026 15:19,2919.40,2919.50,2919.00,2919.30,24
02-09-2026 15:20,2919.20,2919.30,2918.90,2919.30,15
02-09-2026 15:21,2919.30,2919.30,2918.50,2918.60,17
02-09-2026 15:22,2918.50,2918.80,2918.40,2918.80,17
02-09-2026 15:23,2918.80,2919.20,2918.80,2919.00,12
02-09-2026 15:24,2918.90,2919.00,2918.70,2918.80,20
02-09-2026 15:25,2918.90,2919.00,2918.70,2919.00,20
02-09-2026 15:26,2918.90,2919.60,2918.90,2919.20,26
02-09-2026 15:27,2919.10,2919.40,2919.10,2919.20,12
02-09-2026 15:28,2919.30,2919.40,2919.00,2919.30,18
02-09-2026 15:29,2919.20,2919.50,2919.10,2919.40,19
02-09-2026 15:30,2919.30,2919.60,2919.00,2919.00,24
02-09-2026 15:31,2918.90,2919.30,2918.40,2918.70,25
02-09-2026 15:32,2918.60,2918.60,2918.10,2918.10,19
02-09-2026 15:33,2918.10,2918.20,2917.60,2917.90,16
02-09-2026 15:34,2918.00,2918.00,2917.70,2917.70,16
02-09-2026 15:35,2917.80,2918.20,2917.70,2918.00,24
02-09-2026 15:36,2917.80,2917.90,2917.10,2917.30,17
02-09-2026 15:37,2917.30,2917.60,2917.30,2917.40,17
02-09-2026 15:38,2917.50,2917.60,2917.30,2917.30,10
02-09-2026 15:39,2917.20,2917.50,2916.90,2917.00,20
02-09-2026 15:40,2916.90,2917.30,2916.70,2916.70,13
02-09-2026 15:41,2916.70,2917.60,2916.60,2917.30,18
02-09-2026 15:42,2917.20,2917.20,2916.70,2917.10,15
02-09-2026 15:43,2917.10,2918.50,2916.90,2918.50,27
02-09-2026 15:44,2918.50,2919.00,2918.30,2919.00,17
02-09-2026 15:45,2918.90,2919.10,2918.60,2918.90,22
02-09-2026 15:46,2918.80,2918.90,2918.20,2918.60,27
02-09-2026 15:47,2918.70,2918.90,2918.60,2918.90,12
02-09-2026 15:48,2919.10,2919.10,2918.40,2918.50,17
02-09-2026 15:49,2918.40,2918.50,2918.20,2918.40,19
02-09-2026 15:50,2918.30,2918.60,2918.30,2918.60,13
02-09-2026 15:51,2918.70,2918.70,2918.30,2918.70,15
02-09-2026 15:52,2918.60,2918.80,2918.40,2918.40,15
02-09-2026 15:53,2918.40,2918.90,2918.30,2918.70,25
02-09-2026 15:54,2918.80,2918.90,2918.40,2918.80,16
02-09-2026 15:55,2918.80,2919.20,2918.50,2919.00,21
02-09-2026 15:56,2919.10,2919.40,2918.20,2919.30,42
02-09-2026 15:57,2919.20,2919.40,2918.70,2919.00,17
02-09-2026 15:58,2918.90,2919.10,2918.70,2918.70,22
02-09-2026 15:59,2918.60,2918.60,2918.20,2918.30,20
02-09-2026 16:00,2918.30,2918.40,2918.00,2918.20,20
02-09-2026 16:01,2918.30,2918.30,2917.10,2917.10,30
02-09-2026 16:02,2917.20,2917.60,2917.00,2917.20,24
02-09-2026 16:03,2917.10,2918.10,2917.10,2918.00,22
02-09-2026 16:04,2918.10,2918.20,2917.90,2918.10,11
02-09-2026 16:05,2918.10,2918.30,2917.60,2917.70,20
02-09-2026 16:06,2917.80,2917.90,2917.50,2917.70,16
02-09-2026 16:07,2917.50,2917.70,2917.40,2917.70,16
02-09-2026 16:08,2917.50,2917.50,2916.80,2916.80,10
02-09-2026 16:09,2917.00,2917.10,2916.70,2917.10,17
02-09-2026 16:10,2917.10,2917.40,2917.10,2917.30,13
02-09-2026 16:11,2917.10,2917.20,2916.90,2916.90,16
02-09-2026 16:12,2916.90,2917.20,2916.80,2917.00,19
02-09-2026 16:13,2916.90,2917.00,2916.60,2916.70,14
02-09-2026 16:14,2916.80,2917.00,2916.70,2917.00,12
02-09-2026 16:15,2916.90,2917.10,2916.50,2916.60,19
02-09-2026 16:16,2916.50,2916.50,2916.10,2916.40,15
02-09-2026 16:17,2916.50,2917.10,2916.50,2917.10,13
02-09-2026 16:18,2917.10,2917.10,2916.80,2917.10,16
02-09-2026 16:19,2916.90,2917.40,2916.90,2917.30,14
02-09-2026 16:20,2917.20,2917.20,2916.50,2916.70,16
02-09-2026 16:21,2916.80,2916.80,2916.30,2916.70,13
02-09-2026 16:22,2916.60,2916.60,2915.90,2916.10,20
02-09-2026 16:23,2916.00,2916.60,2915.90,2916.50,21
02-09-2026 16:24,2916.50,2916.80,2916.30,2916.30,27
02-09-2026 16:25,2916.40,2916.80,2916.40,2916.70,29
02-09-2026 16:26,2916.60,2916.90,2916.20,2916.20,31
02-09-2026 16:27,2916.30,2916.90,2916.30,2916.90,20
02-09-2026 16:28,2916.90,2917.30,2916.90,2917.10,12
02-09-2026 16:29,2917.00,2918.20,2916.80,2918.20,16
02-09-2026 16:30,2918.10,2918.10,2916.20,2916.30,46
02-09-2026 16:31,2916.20,2916.20,2915.50,2915.70,39
02-09-2026 16:32,2915.60,2915.80,2915.40,2915.40,29
02-09-2026 16:33,2915.30,2915.40,2914.50,2915.10,30
02-09-2026 16:34,2914.90,2915.20,2914.70,2915.00,19
02-09-2026 16:35,2915.10,2915.50,2915.00,2915.50,36
02-09-2026 16:36,2915.40,2916.00,2915.20,2915.90,22
02-09-2026 16:37,2915.80,2916.80,2915.10,2916.80,38
02-09-2026 16:38,2916.80,2918.10,2916.60,2917.90,33
02-09-2026 16:39,2917.80,2920.80,2917.80,2919.80,53
02-09-2026 16:40,2919.70,2920.70,2918.80,2920.40,88
02-09-2026 16:41,2920.30,2920.60,2919.70,2920.00,41
02-09-2026 16:42,2919.90,2920.70,2919.40,2920.40,43
02-09-2026 16:43,2920.40,2920.40,2919.80,2919.90,27
02-09-2026 16:44,2920.00,2925.10,2919.60,2923.90,158
02-09-2026 16:45,2923.80,2924.90,2922.50,2923.20,138
02-09-2026 16:46,2923.20,2924.20,2922.80,2923.30,80
02-09-2026 16:47,2923.20,2923.20,2921.60,2921.90,45
02-09-2026 16:48,2922.00,2922.00,2921.10,2921.30,41
02-09-2026 16:49,2921.40,2922.90,2921.10,2922.60,55
02-09-2026 16:50,2922.60,2923.10,2921.80,2922.50,52
02-09-2026 16:51,2922.50,2923.10,2922.20,2923.10,29
02-09-2026 16:52,2923.20,2923.30,2922.40,2923.30,27
02-09-2026 16:53,2923.20,2923.80,2922.80,2923.70,34
02-09-2026 16:54,2923.60,2923.80,2923.20,2923.70,27
02-09-2026 16:55,2923.50,2923.90,2922.80,2923.00,28
02-09-2026 16:56,2923.10,2923.60,2922.70,2923.40,34
02-09-2026 16:57,2923.50,2925.00,2923.50,2925.00,36
02-09-2026 16:58,2925.10,2925.20,2924.60,2924.60,23
02-09-2026 16:59,2924.50,2924.50,2923.50,2924.00,35
02-09-2026 17:00,2923.90,2925.30,2923.90,2925.10,33
02-09-2026 17:01,2925.10,2925.10,2924.30,2924.60,19
02-09-2026 17:02,2924.50,2925.70,2924.40,2925.70,35
02-09-2026 17:03,2925.60,2926.80,2925.50,2926.80,37
02-09-2026 17:04,2926.90,2927.10,2926.10,2926.90,36
02-09-2026 17:05,2926.90,2927.70,2926.60,2927.70,34
02-09-2026 17:06,2927.40,2927.70,2926.70,2927.00,40
02-09-2026 17:07,2927.10,2927.60,2926.80,2927.10,30
02-09-2026 17:08,2927.00,2928.10,2927.00,2927.30,30
02-09-2026 17:09,2927.20,2927.40,2926.90,2927.00,19
02-09-2026 17:10,2927.00,2927.00,2926.20,2926.70,36
02-09-2026 17:11,2926.80,2926.80,2925.40,2925.40,24
02-09-2026 17:12,2925.30,2926.10,2925.20,2925.70,33
02-09-2026 17:13,2925.50,2926.00,2925.40,2925.70,43
02-09-2026 17:14,2925.50,2926.30,2925.10,2925.60,33
02-09-2026 17:15,2925.50,2926.50,2925.00,2926.50,33
02-09-2026 17:16,2926.40,2926.70,2925.80,2926.70,23
02-09-2026 17:17,2926.60,2926.60,2926.20,2926.40,22
02-09-2026 17:18,2926.50,2926.60,2926.20,2926.30,17
02-09-2026 17:19,2926.20,2926.30,2925.50,2925.60,21
02-09-2026 17:20,2925.50,2925.60,2925.30,2925.40,14
02-09-2026 17:21,2925.30,2925.40,2924.90,2924.90,15
02-09-2026 17:22,2924.90,2925.80,2924.70,2925.80,30
02-09-2026 17:23,2925.80,2926.10,2925.70,2925.90,21
02-09-2026 17:24,2925.80,2926.80,2925.60,2926.30,27
02-09-2026 17:25,2926.30,2926.50,2925.90,2926.20,20
02-09-2026 17:26,2926.30,2926.40,2925.60,2926.00,29
02-09-2026 17:27,2925.90,2926.90,2925.80,2926.90,26
02-09-2026 17:28,2927.10,2927.60,2926.70,2927.40,31
02-09-2026 17:29,2927.40,2929.50,2927.20,2929.50,46
02-09-2026 17:30,2929.50,2929.90,2928.20,2929.10,89
02-09-2026 17:31,2929.20,2929.50,2928.50,2928.50,51
02-09-2026 17:32,2928.50,2928.90,2927.80,2927.90,35
02-09-2026 17:33,2927.90,2929.20,2927.90,2929.20,51
02-09-2026 17:34,2929.30,2929.90,2929.10,2929.90,24
02-09-2026 17:35,2929.80,2931.80,2929.80,2931.80,67
02-09-2026 17:36,2931.90,2931.90,2931.00,2931.60,40
02-09-2026 17:37,2931.60,2931.80,2930.30,2930.40,44
02-09-2026 17:38,2930.50,2930.50,2929.20,2929.20,29
02-09-2026 17:39,2929.00,2929.30,2928.40,2928.40,35
02-09-2026 17:40,2928.40,2928.70,2927.80,2928.60,48
02-09-2026 17:41,2928.40,2928.90,2928.30,2928.50,35
02-09-2026 17:42,2928.50,2929.10,2928.20,2928.70,30
02-09-2026 17:43,2928.90,2930.10,2928.90,2930.00,26
02-09-2026 17:44,2929.90,2931.70,2929.60,2931.40,42
02-09-2026 17:45,2931.30,2931.50,2928.70,2928.70,62
02-09-2026 17:46,2928.80,2929.10,2928.60,2928.90,38
02-09-2026 17:47,2928.90,2929.80,2928.70,2929.10,32
02-09-2026 17:48,2928.90,2929.70,2928.70,2929.50,41
02-09-2026 17:49,2929.40,2929.40,2928.70,2929.00,33
02-09-2026 17:50,2928.90,2933.80,2928.50,2933.80,139
02-09-2026 17:51,2933.70,2935.40,2932.90,2933.00,209
02-09-2026 17:52,2932.90,2933.10,2932.00,2932.20,97
02-09-2026 17:53,2932.20,2933.60,2931.10,2931.30,89
02-09-2026 17:54,2931.30,2932.10,2931.20,2931.90,46
02-09-2026 17:55,2932.00,2932.20,2930.80,2931.00,48
02-09-2026 17:56,2930.90,2931.20,2930.60,2930.60,38
02-09-2026 17:57,2930.80,2930.80,2929.80,2930.00,30
02-09-2026 17:58,2930.00,2930.80,2930.00,2930.30,28
02-09-2026 17:59,2930.50,2930.90,2930.00,2930.20,29
02-09-2026 18:00,2930.00,2931.00,2930.00,2930.20,45
02-09-2026 18:01,2930.00,2930.20,2929.70,2929.90,44
02-09-2026 18:02,2929.80,2930.10,2929.30,2929.50,33
02-09-2026 18:03,2929.60,2929.80,2929.20,2929.30,38
02-09-2026 18:04,2929.20,2929.50,2928.80,2929.10,39
02-09-2026 18:05,2928.90,2929.00,2928.40,2928.70,31
02-09-2026 18:06,2928.60,2928.80,2928.30,2928.50,20
02-09-2026 18:07,2928.70,2928.70,2928.10,2928.20,26
02-09-2026 18:08,2928.30,2928.40,2927.90,2928.30,31
02-09-2026 18:09,2928.10,2928.40,2928.00,2928.30,12
02-09-2026 18:10,2928.10,2928.90,2928.10,2928.70,25
02-09-2026 18:11,2928.80,2928.90,2928.30,2928.40,19
02-09-2026 18:12,2928.30,2928.40,2927.70,2927.70,17
02-09-2026 18:13,2927.70,2928.00,2927.70,2927.90,16
02-09-2026 18:14,2927.90,2927.90,2927.70,2927.90,15
02-09-2026 18:15,2927.80,2928.00,2927.20,2927.90,30
02-09-2026 18:16,2927.80,2928.00,2927.30,2927.30,17
02-09-2026 18:17,2927.20,2928.10,2927.10,2928.10,19
02-09-2026 18:18,2928.00,2928.00,2927.60,2927.70,20
02-09-2026 18:19,2927.80,2927.90,2927.50,2927.80,16
02-09-2026 18:20,2927.80,2928.00,2927.60,2927.70,19
02-09-2026 18:21,2927.70,2927.70,2926.90,2927.10,18
02-09-2026 18:22,2927.10,2927.20,2926.20,2926.40,19
02-09-2026 18:23,2926.40,2926.40,2925.80,2926.00,22
02-09-2026 18:24,2926.10,2926.60,2926.10,2926.20,20
02-09-2026 18:25,2926.20,2926.30,2925.70,2925.80,32
02-09-2026 18:26,2925.80,2926.20,2925.60,2925.80,26
02-09-2026 18:27,2925.70,2925.80,2925.50,2925.80,18
02-09-2026 18:28,2925.70,2925.90,2925.30,2925.30,21
02-09-2026 18:29,2925.30,2925.50,2925.00,2925.40,22
02-09-2026 18:30,2925.40,2927.30,2925.40,2926.70,60
02-09-2026 18:31,2926.60,2927.00,2926.30,2926.70,33
02-09-2026 18:32,2926.80,2927.70,2926.70,2927.60,29
02-09-2026 18:33,2927.60,2927.70,2927.40,2927.40,16
02-09-2026 18:34,2927.50,2927.50,2926.80,2927.10,28
02-09-2026 18:35,2927.20,2928.00,2927.20,2927.60,57
02-09-2026 18:36,2927.50,2928.50,2927.40,2928.20,26
02-09-2026 18:37,2928.10,2928.30,2927.70,2927.90,30
02-09-2026 18:38,2928.00,2928.10,2927.70,2927.90,15
02-09-2026 18:39,2927.90,2928.00,2927.40,2927.50,23
02-09-2026 18:40,2927.30,2927.60,2927.20,2927.40,24
02-09-2026 18:41,2927.30,2927.90,2927.30,2927.60,35
02-09-2026 18:42,2927.50,2927.70,2927.30,2927.70,27
02-09-2026 18:43,2927.80,2928.00,2927.40,2927.80,21
02-09-2026 18:44,2927.80,2927.80,2927.20,2927.40,15
02-09-2026 18:45,2927.40,2927.50,2927.00,2927.10,24
02-09-2026 18:46,2927.00,2927.70,2927.00,2927.20,38
02-09-2026 18:47,2927.30,2927.70,2927.00,2927.60,26
02-09-2026 18:48,2927.50,2928.10,2927.40,2928.10,26
02-09-2026 18:49,2928.00,2928.50,2928.00,2928.30,26
02-09-2026 18:50,2928.40,2928.80,2928.20,2928.30,35
02-09-2026 18:51,2928.40,2928.80,2928.30,2928.70,23
02-09-2026 18:52,2928.70,2929.10,2928.50,2928.60,24
02-09-2026 18:53,2928.70,2929.80,2928.70,2929.60,26
02-09-2026 18:54,2929.60,2930.40,2929.60,2930.40,17
02-09-2026 18:55,2930.30,2931.80,2930.30,2931.70,46
02-09-2026 18:56,2931.60,2933.90,2931.50,2933.90,69
02-09-2026 18:57,2933.70,2935.20,2933.50,2935.20,74
02-09-2026 18:58,2935.00,2935.40,2934.40,2935.40,71
02-09-2026 18:59,2935.60,2936.00,2934.10,2934.30,81
02-09-2026 19:00,2934.40,2935.90,2931.00,2932.80,444
02-09-2026 19:01,2933.00,2937.00,2932.10,2936.80,280
02-09-2026 19:02,2936.70,2939.80,2936.60,2939.80,169
02-09-2026 19:03,2939.70,2941.20,2939.40,2941.10,150
02-09-2026 19:04,2941.20,2944.70,2940.50,2944.70,129
02-09-2026 19:05,2944.80,2945.90,2943.10,2945.00,203
02-09-2026 19:06,2945.20,2946.10,2944.70,2945.20,201
02-09-2026 19:07,2945.00,2946.20,2943.90,2944.30,157
02-09-2026 19:08,2944.20,2945.10,2942.70,2944.00,175
02-09-2026 19:09,2944.10,2944.90,2942.50,2944.50,168
02-09-2026 19:10,2944.30,2944.70,2942.30,2942.70,164
02-09-2026 19:11,2942.90,2943.40,2941.40,2943.20,141
02-09-2026 19:12,2943.10,2944.80,2943.00,2943.50,144
02-09-2026 19:13,2943.70,2944.60,2942.40,2942.90,122
02-09-2026 19:14,2943.00,2946.30,2942.80,2946.30,100
02-09-2026 19:15,2946.30,2946.30,2942.90,2943.20,165
02-09-2026 19:16,2943.30,2944.50,2942.20,2943.30,131
02-09-2026 19:17,2943.50,2943.80,2941.80,2943.30,135
02-09-2026 19:18,2943.40,2946.10,2943.40,2946.10,107
02-09-2026 19:19,2946.00,2946.10,2943.30,2944.00,117
02-09-2026 19:20,2944.10,2945.60,2943.10,2943.60,125
02-09-2026 19:21,2943.60,2943.80,2941.00,2941.70,101
02-09-2026 19:22,2941.60,2944.60,2941.40,2944.10,120
02-09-2026 19:23,2944.20,2944.90,2943.50,2944.20,109
02-09-2026 19:24,2944.30,2945.30,2943.90,2944.60,122
02-09-2026 19:25,2944.70,2945.30,2943.00,2944.30,107
02-09-2026 19:26,2944.40,2944.50,2943.40,2944.50,92
02-09-2026 19:27,2944.40,2944.40,2943.20,2943.50,95
02-09-2026 19:28,2943.40,2944.10,2942.90,2942.90,53
02-09-2026 19:29,2943.00,2943.30,2942.00,2942.80,65
02-09-2026 19:30,2942.60,2944.30,2941.60,2943.60,133
02-09-2026 19:31,2943.80,2945.70,2943.60,2945.10,125
02-09-2026 19:32,2944.90,2947.80,2944.80,2947.50,124
02-09-2026 19:33,2947.60,2947.90,2946.40,2946.80,103
02-09-2026 19:34,2946.60,2950.70,2946.60,2950.70,94
02-09-2026 19:35,2950.80,2952.00,2950.70,2951.30,90
02-09-2026 19:36,2951.20,2951.30,2949.30,2951.30,109
02-09-2026 19:37,2951.30,2951.70,2949.60,2950.30,69
02-09-2026 19:38,2950.40,2951.50,2949.60,2950.80,103
02-09-2026 19:39,2951.00,2951.60,2949.10,2949.80,84
02-09-2026 19:40,2949.60,2952.20,2949.00,2951.60,115
02-09-2026 19:41,2951.40,2951.70,2949.70,2951.20,102
02-09-2026 19:42,2951.10,2951.60,2950.30,2950.90,107
02-09-2026 19:43,2951.00,2951.20,2950.20,2950.80,107
02-09-2026 19:44,2951.40,2952.40,2951.10,2951.10,84
02-09-2026 19:45,2951.10,2952.40,2951.10,2952.30,74
02-09-2026 19:46,2952.20,2953.20,2951.80,2953.10,82
02-09-2026 19:47,2953.10,2954.60,2952.90,2954.50,76
02-09-2026 19:48,2954.60,2955.20,2953.80,2955.00,72
02-09-2026 19:49,2955.20,2955.80,2955.00,2955.40,64
02-09-2026 19:50,2955.30,2955.50,2954.00,2954.40,79
02-09-2026 19:51,2954.50,2956.40,2954.20,2956.30,66
02-09-2026 19:52,2956.40,2956.70,2954.10,2954.40,74
02-09-2026 19:53,2954.20,2954.30,2952.40,2953.40,84
02-09-2026 19:54,2953.50,2954.00,2953.00,2953.30,77
02-09-2026 19:55,2953.20,2953.70,2952.20,2952.90,92
02-09-2026 19:56,2952.80,2953.90,2952.70,2953.10,89
02-09-2026 19:57,2953.00,2953.60,2952.80,2953.30,81
02-09-2026 19:58,2953.40,2953.90,2953.10,2953.40,57
02-09-2026 19:59,2953.30,2954.20,2952.50,2953.00,81
02-09-2026 20:00,2953.00,2954.00,2952.00,2952.50,104
02-09-2026 20:01,2952.60,2953.10,2951.00,2951.70,88
02-09-2026 20:02,2951.70,2952.00,2950.60,2951.40,91
02-09-2026 20:03,2951.40,2951.70,2950.80,2951.60,82
02-09-2026 20:04,2951.50,2953.90,2951.50,2953.90,90
02-09-2026 20:05,2954.00,2954.90,2953.70,2954.50,89
02-09-2026 20:06,2954.50,2954.60,2953.50,2953.80,78
02-09-2026 20:07,2953.90,2955.60,2953.80,2955.40,67
02-09-2026 20:08,2955.30,2955.80,2955.10,2955.40,57
02-09-2026 20:09,2955.60,2956.00,2954.80,2956.00,65
02-09-2026 20:10,2956.00,2956.00,2954.30,2954.90,73
02-09-2026 20:11,2954.90,2955.10,2954.50,2954.90,47
02-09-2026 20:12,2954.90,2955.40,2954.00,2954.30,79
02-09-2026 20:13,2954.40,2955.40,2954.30,2955.10,53
02-09-2026 20:14,2955.30,2956.00,2955.20,2955.40,47
02-09-2026 20:15,2955.50,2955.50,2953.50,2953.90,70
02-09-2026 20:16,2954.00,2954.10,2952.60,2953.10,60
02-09-2026 20:17,2953.00,2953.50,2952.60,2953.40,60
02-09-2026 20:18,2953.30,2953.80,2952.00,2952.40,68
02-09-2026 20:19,2952.30,2953.00,2952.00,2952.80,78
02-09-2026 20:20,2952.80,2952.80,2950.90,2951.00,71
02-09-2026 20:21,2950.90,2951.50,2950.20,2951.50,67
02-09-2026 20:22,2951.30,2952.20,2951.10,2951.80,70
02-09-2026 20:23,2951.90,2952.20,2950.90,2952.20,66
02-09-2026 20:24,2952.00,2952.50,2951.70,2952.50,76
02-09-2026 20:25,2952.30,2953.50,2951.50,2951.50,66
02-09-2026 20:26,2951.60,2951.70,2950.60,2951.00,60
02-09-2026 20:27,2951.10,2951.20,2950.20,2950.90,64
02-09-2026 20:28,2950.90,2951.00,2949.40,2950.00,57
02-09-2026 20:29,2950.10,2950.70,2949.70,2950.70,57
02-09-2026 20:30,2950.60,2950.90,2948.50,2948.50,71
02-09-2026 20:31,2948.60,2949.30,2948.50,2948.60,62
02-09-2026 20:32,2948.50,2949.00,2947.30,2947.70,84
02-09-2026 20:33,2947.70,2948.00,2947.00,2947.20,72
02-09-2026 20:34,2947.10,2947.40,2946.10,2946.50,75
02-09-2026 20:35,2946.60,2947.30,2946.10,2946.40,82
02-09-2026 20:36,2946.50,2947.40,2946.20,2946.50,93
02-09-2026 20:37,2946.50,2946.60,2945.70,2946.30,62
02-09-2026 20:38,2946.20,2947.10,2945.90,2946.60,55
02-09-2026 20:39,2946.60,2947.00,2946.20,2946.50,54
02-09-2026 20:40,2946.60,2946.60,2945.60,2946.20,59
02-09-2026 20:41,2946.20,2947.60,2945.70,2947.60,67
02-09-2026 20:42,2947.70,2947.90,2945.80,2945.80,68
02-09-2026 20:43,2945.90,2946.10,2945.10,2945.10,49
02-09-2026 20:44,2945.20,2945.80,2945.00,2945.80,72
02-09-2026 20:45,2945.90,2946.80,2945.40,2946.70,65
02-09-2026 20:46,2946.60,2947.60,2946.50,2947.50,52
02-09-2026 20:47,2947.60,2948.30,2947.20,2947.40,61
02-09-2026 20:48,2947.30,2947.90,2947.00,2947.50,61
02-09-2026 20:49,2947.60,2948.30,2947.60,2948.00,51
02-09-2026 20:50,2948.00,2948.20,2946.20,2946.30,65
02-09-2026 20:51,2946.20,2946.60,2945.20,2945.50,61
02-09-2026 20:52,2945.30,2945.60,2944.90,2945.30,59
02-09-2026 20:53,2945.20,2945.30,2943.90,2944.20,83
02-09-2026 20:54,2944.20,2945.50,2944.20,2944.90,55
02-09-2026 20:55,2945.00,2945.10,2944.60,2944.70,45
02-09-2026 20:56,2944.70,2944.90,2944.10,2944.40,56
02-09-2026 20:57,2944.40,2945.70,2944.40,2945.30,54
02-09-2026 20:58,2945.40,2946.50,2945.30,2945.80,60
02-09-2026 20:59,2945.80,2946.30,2945.10,2946.10,54
02-09-2026 21:00,2946.20,2946.90,2945.00,2945.30,76
02-09-2026 21:01,2945.20,2945.80,2945.00,2945.40,57
02-09-2026 21:02,2945.40,2946.50,2945.10,2946.40,63
02-09-2026 21:03,2946.40,2947.10,2946.20,2946.80,48
02-09-2026 21:04,2946.80,2947.70,2946.70,2947.20,63
02-09-2026 21:05,2947.10,2948.00,2947.10,2947.80,51
02-09-2026 21:06,2948.00,2948.70,2947.60,2947.70,46
02-09-2026 21:07,2947.80,2947.80,2947.00,2947.40,55
02-09-2026 21:08,2947.50,2948.20,2947.40,2947.90,53
02-09-2026 21:09,2947.80,2948.10,2947.10,2947.60,62
02-09-2026 21:10,2947.60,2948.90,2947.50,2948.80,44
02-09-2026 21:11,2948.80,2949.20,2948.20,2949.20,54
02-09-2026 21:12,2949.30,2950.50,2949.30,2949.90,59
02-09-2026 21:13,2949.80,2949.90,2948.90,2949.20,49
02-09-2026 21:14,2949.20,2949.50,2948.20,2948.40,54
02-09-2026 21:15,2948.40,2948.40,2946.80,2946.80,62
02-09-2026 21:16,2946.90,2948.00,2946.70,2947.90,59
02-09-2026 21:17,2947.90,2948.80,2947.40,2948.00,53
02-09-2026 21:18,2948.10,2948.80,2947.30,2948.40,58
02-09-2026 21:19,2948.40,2948.40,2947.00,2947.60,42
02-09-2026 21:20,2947.80,2948.60,2947.80,2948.40,56
02-09-2026 21:21,2948.50,2948.90,2948.20,2948.90,56
02-09-2026 21:22,2948.90,2949.60,2948.60,2949.20,52
02-09-2026 21:23,2949.30,2949.40,2948.60,2949.10,55
02-09-2026 21:24,2948.90,2949.10,2947.70,2947.70,48
02-09-2026 21:25,2947.70,2948.30,2947.60,2948.30,35
02-09-2026 21:26,2948.40,2948.70,2947.80,2948.40,42
02-09-2026 21:27,2948.40,2949.50,2948.30,2949.40,49
02-09-2026 21:28,2949.30,2949.90,2949.30,2949.70,39
02-09-2026 21:29,2949.80,2950.80,2949.70,2950.60,36
02-09-2026 21:30,2950.70,2951.30,2950.60,2950.80,50
02-09-2026 21:31,2950.70,2950.80,2948.90,2949.10,58
02-09-2026 21:32,2949.20,2949.60,2948.80,2949.20,54
02-09-2026 21:33,2949.10,2949.50,2948.70,2948.90,53
02-09-2026 21:34,2948.80,2950.40,2948.80,2950.10,54
02-09-2026 21:35,2950.20,2950.30,2949.10,2949.90,45
02-09-2026 21:36,2949.90,2950.00,2949.20,2949.70,49
02-09-2026 21:37,2949.60,2950.80,2949.60,2950.50,33
02-09-2026 21:38,2950.60,2950.60,2949.70,2950.50,40
02-09-2026 21:39,2950.40,2950.70,2949.80,2950.00,41
02-09-2026 21:40,2949.90,2950.50,2949.80,2950.50,31
02-09-2026 21:41,2950.50,2950.70,2950.20,2950.20,37
02-09-2026 21:42,2950.30,2950.80,2950.30,2950.80,29
02-09-2026 21:43,2950.90,2951.20,2950.50,2950.90,43
02-09-2026 21:44,2950.90,2951.30,2950.90,2951.10,43
02-09-2026 21:45,2951.10,2951.30,2950.80,2951.20,39
02-09-2026 21:46,2951.10,2951.20,2950.40,2950.50,45
02-09-2026 21:47,2950.40,2950.60,2949.90,2949.90,49
02-09-2026 21:48,2949.80,2950.30,2949.60,2950.20,49
02-09-2026 21:49,2950.30,2950.70,2950.20,2950.40,39
02-09-2026 21:50,2950.40,2950.80,2950.00,2950.30,40
02-09-2026 21:51,2950.30,2950.50,2949.80,2950.00,40
02-09-2026 21:52,2950.00,2950.80,2949.90,2950.80,24
02-09-2026 21:53,2950.80,2950.80,2950.00,2950.00,33
02-09-2026 21:54,2949.90,2950.30,2949.70,2949.80,37
02-09-2026 21:55,2949.90,2950.40,2949.50,2949.50,36
02-09-2026 21:56,2949.60,2949.90,2949.30,2949.50,36
02-09-2026 21:57,2949.60,2949.80,2948.90,2949.00,45
02-09-2026 21:58,2949.20,2949.30,2948.40,2948.50,42
02-09-2026 21:59,2948.40,2948.60,2947.70,2948.00,26
02-09-2026 22:00,2948.00,2948.30,2947.80,2947.80,48
02-09-2026 22:01,2948.00,2949.30,2947.90,2949.30,42
02-09-2026 22:02,2949.20,2949.30,2948.60,2949.10,43
02-09-2026 22:03,2949.20,2949.50,2948.90,2948.90,37
02-09-2026 22:04,2949.00,2949.90,2948.90,2949.10,36
02-09-2026 22:05,2948.90,2949.40,2948.90,2949.20,36
02-09-2026 22:06,2949.30,2949.70,2948.90,2949.10,40
02-09-2026 22:07,2949.20,2949.80,2948.70,2949.50,34
02-09-2026 22:08,2949.40,2950.00,2949.20,2949.80,26
02-09-2026 22:09,2949.80,2950.40,2949.60,2950.30,33
02-09-2026 22:10,2950.40,2950.60,2949.80,2950.10,41
02-09-2026 22:11,2950.10,2950.20,2949.70,2950.00,35
02-09-2026 22:12,2950.00,2950.40,2949.80,2949.90,37
02-09-2026 22:13,2949.80,2950.20,2949.70,2950.00,41
02-09-2026 22:14,2950.00,2950.50,2950.00,2950.00,32
02-09-2026 22:15,2950.00,2950.70,2949.90,2950.50,42
02-09-2026 22:16,2950.50,2950.50,2949.60,2949.70,37
02-09-2026 22:17,2949.80,2949.80,2949.10,2949.10,27
02-09-2026 22:18,2949.00,2949.20,2948.40,2948.50,41
02-09-2026 22:19,2948.50,2949.20,2948.30,2949.10,35
02-09-2026 22:20,2949.20,2949.30,2948.50,2949.30,38
02-09-2026 22:21,2949.20,2949.60,2948.80,2949.00,44
02-09-2026 22:22,2949.00,2949.60,2948.80,2949.30,30
02-09-2026 22:23,2949.20,2950.60,2949.20,2950.60,35
02-09-2026 22:24,2950.50,2951.00,2950.00,2951.00,42
02-09-2026 22:25,2950.90,2951.20,2949.70,2949.70,41
02-09-2026 22:26,2949.60,2951.00,2949.60,2951.00,32
02-09-2026 22:27,2950.90,2951.00,2950.50,2950.70,43
02-09-2026 22:28,2950.70,2950.90,2950.60,2950.60,25
02-09-2026 22:29,2950.60,2951.00,2950.50,2950.80,23
02-09-2026 22:30,2951.00,2951.70,2950.80,2951.40,36
02-09-2026 22:31,2951.40,2952.20,2951.40,2952.00,25
02-09-2026 22:32,2952.00,2952.10,2951.50,2952.10,27
02-09-2026 22:33,2952.20,2952.80,2952.00,2952.70,36
02-09-2026 22:34,2952.70,2953.60,2952.50,2953.50,27
02-09-2026 22:35,2953.50,2953.60,2953.00,2953.10,36
02-09-2026 22:36,2953.10,2953.20,2952.30,2952.50,38
02-09-2026 22:37,2952.60,2952.80,2951.90,2952.40,40
02-09-2026 22:38,2952.50,2952.80,2952.30,2952.50,45
02-09-2026 22:39,2952.60,2952.90,2952.10,2952.40,39
02-09-2026 22:40,2952.50,2952.90,2952.10,2952.30,43
02-09-2026 22:41,2952.30,2952.50,2951.80,2952.30,38
02-09-2026 22:42,2952.30,2952.80,2952.00,2952.60,32
02-09-2026 22:43,2952.50,2953.10,2952.40,2953.10,27
02-09-2026 22:44,2953.20,2953.70,2952.90,2952.90,36
02-09-2026 22:45,2953.00,2953.00,2952.10,2952.60,46
02-09-2026 22:46,2952.50,2952.70,2952.40,2952.70,24
02-09-2026 22:47,2952.60,2952.70,2951.70,2951.70,28
02-09-2026 22:48,2951.80,2952.00,2950.90,2950.90,35
02-09-2026 22:49,2951.00,2951.60,2950.90,2951.50,37
02-09-2026 22:50,2951.40,2951.60,2951.00,2951.10,30
02-09-2026 22:51,2951.20,2951.60,2950.80,2951.60,38
02-09-2026 22:52,2951.60,2951.70,2950.80,2951.00,42
02-09-2026 22:53,2951.10,2951.60,2951.10,2951.60,33
02-09-2026 22:54,2951.50,2951.60,2950.40,2950.40,34
02-09-2026 22:55,2950.30,2950.70,2950.20,2950.50,36
02-09-2026 22:56,2950.60,2951.20,2950.40,2950.50,36
02-09-2026 22:57,2950.40,2950.50,2950.00,2950.10,36
02-09-2026 22:58,2950.20,2950.80,2950.00,2950.70,30
02-09-2026 22:59,2950.90,2951.20,2950.80,2951.20,21
02-09-2026 23:00,2951.30,2951.60,2950.80,2950.90,44
02-09-2026 23:01,2951.00,2951.60,2950.70,2951.60,28
02-09-2026 23:02,2951.50,2951.70,2950.80,2950.90,32
02-09-2026 23:03,2950.90,2951.40,2950.70,2951.40,33
02-09-2026 23:04,2951.40,2951.40,2951.00,2951.10,21
02-09-2026 23:05,2951.20,2952.00,2951.10,2951.90,25
02-09-2026 23:06,2951.80,2952.00,2951.40,2951.70,30
02-09-2026 23:07,2951.80,2952.60,2951.70,2951.80,27
02-09-2026 23:08,2951.70,2951.70,2950.80,2951.50,38
02-09-2026 23:09,2951.50,2951.80,2951.00,2951.20,42
02-09-2026 23:10,2951.30,2951.80,2951.20,2951.50,22
02-09-2026 23:11,2951.50,2951.50,2950.70,2951.10,34
02-09-2026 23:12,2951.10,2952.00,2950.90,2951.60,46
02-09-2026 23:13,2951.60,2952.50,2951.60,2952.00,52
02-09-2026 23:14,2952.00,2953.20,2952.00,2953.10,51
02-09-2026 23:15,2953.20,2954.90,2953.20,2954.70,67
02-09-2026 23:16,2954.60,2955.20,2954.60,2954.90,45
02-09-2026 23:17,2954.80,2955.00,2953.90,2955.00,40
02-09-2026 23:18,2954.90,2955.20,2954.20,2954.20,34
02-09-2026 23:19,2954.30,2954.60,2953.90,2953.90,39
02-09-2026 23:20,2954.00,2954.50,2953.90,2954.40,35
02-09-2026 23:21,2954.40,2954.80,2954.00,2954.50,45
02-09-2026 23:22,2954.60,2954.90,2954.40,2954.40,36
02-09-2026 23:23,2954.40,2955.00,2954.40,2955.00,23
02-09-2026 23:24,2955.10,2955.20,2954.50,2954.60,29
02-09-2026 23:25,2954.60,2954.80,2953.90,2954.80,40
02-09-2026 23:26,2954.70,2954.80,2954.10,2954.20,29
02-09-2026 23:27,2954.30,2955.30,2954.30,2955.20,38
02-09-2026 23:28,2955.30,2955.30,2954.90,2955.00,28
02-09-2026 23:29,2954.90,2954.90,2954.60,2954.60,16
02-09-2026 23:30,2954.70,2955.10,2953.60,2953.60,46
02-09-2026 23:31,2953.70,2953.80,2952.80,2952.90,40
02-09-2026 23:32,2952.90,2954.50,2952.90,2954.40,43
02-09-2026 23:33,2954.50,2955.70,2954.50,2955.50,39
02-09-2026 23:34,2955.60,2956.00,2955.50,2955.70,35
02-09-2026 23:35,2955.80,2956.30,2955.30,2956.10,40
02-09-2026 23:36,2956.00,2956.30,2955.40,2955.60,37
02-09-2026 23:37,2955.60,2955.90,2955.30,2955.90,41
02-09-2026 23:38,2955.80,2956.20,2955.60,2956.10,31
02-09-2026 23:39,2956.10,2956.20,2955.70,2955.90,29
02-09-2026 23:40,2956.00,2956.70,2955.90,2956.50,31
02-09-2026 23:41,2956.60,2956.60,2955.80,2955.80,28
02-09-2026 23:42,2955.80,2956.20,2955.60,2955.90,30
02-09-2026 23:43,2956.00,2956.80,2956.00,2956.50,32
02-09-2026 23:44,2956.50,2956.50,2955.80,2956.30,24
02-09-2026 23:45,2956.40,2956.90,2956.30,2956.60,33
02-09-2026 23:46,2956.70,2956.70,2956.10,2956.40,28
02-09-2026 23:47,2956.30,2956.30,2955.80,2956.10,34
02-09-2026 23:48,2956.20,2959.70,2955.80,2958.20,106
02-09-2026 23:49,2958.30,2958.50,2957.30,2957.60,88
02-09-2026 23:50,2957.60,2958.10,2957.10,2957.50,59
02-09-2026 23:51,2957.60,2958.10,2956.90,2957.30,63
02-09-2026 23:52,2957.30,2957.40,2956.70,2957.40,41
02-09-2026 23:53,2957.40,2957.60,2957.00,2957.30,38
02-09-2026 23:54,2957.30,2957.50,2956.80,2957.30,31
02-09-2026 23:55,2957.30,2957.50,2957.00,2957.00,35
02-09-2026 23:56,2957.00,2957.60,2956.90,2957.40,41
02-09-2026 23:57,2957.40,2957.50,2956.90,2957.10,30
02-09-2026 23:58,2957.20,2957.60,2957.10,2957.40,34
02-09-2026 23:59,2957.50,2957.70,2957.20,2957.60,35
03-09-2026 00:00,2957.70,2958.90,2957.50,2958.90,37
03-09-2026 00:01,2959.00,2959.10,2958.20,2958.20,34
03-09-2026 00:02,2958.10,2958.90,2958.00,2958.80,28
03-09-2026 00:03,2958.70,2959.00,2958.50,2958.90,33
03-09-2026 00:04,2958.80,2958.90,2958.10,2958.30,31
03-09-2026 00:05,2958.30,2958.90,2958.30,2958.40,21
03-09-2026 00:06,2958.30,2958.50,2958.00,2958.20,30
03-09-2026 00:07,2958.20,2958.40,2958.00,2958.10,34
03-09-2026 00:08,2958.20,2958.40,2957.60,2957.70,29
03-09-2026 00:09,2957.50,2957.70,2956.70,2956.90,46
03-09-2026 00:10,2957.00,2957.30,2956.80,2957.00,39
03-09-2026 00:11,2956.90,2957.70,2956.40,2957.40,40
03-09-2026 00:12,2957.40,2957.80,2957.20,2957.50,31
03-09-2026 00:13,2957.60,2957.90,2957.40,2957.70,20
03-09-2026 00:14,2957.90,2958.10,2957.30,2958.10,27
03-09-2026 00:15,2958.10,2958.70,2958.10,2958.60,26
03-09-2026 00:16,2958.60,2958.60,2957.20,2957.20,28
03-09-2026 00:17,2957.20,2957.50,2957.00,2957.40,35
03-09-2026 00:18,2957.40,2958.90,2957.40,2958.90,28
03-09-2026 00:19,2958.80,2958.90,2958.30,2958.50,33
03-09-2026 00:20,2958.40,2958.80,2958.20,2958.30,39
03-09-2026 00:21,2958.10,2958.80,2958.00,2958.40,32
03-09-2026 00:22,2958.50,2958.60,2958.00,2958.50,29
03-09-2026 00:23,2958.60,2959.40,2958.60,2958.90,25
03-09-2026 00:24,2959.00,2959.00,2958.60,2958.90,25
03-09-2026 00:25,2959.00,2959.50,2958.90,2959.30,21
03-09-2026 00:26,2959.50,2959.60,2959.30,2959.60,31
03-09-2026 00:27,2959.70,2959.80,2958.90,2958.90,25
03-09-2026 00:28,2958.80,2958.90,2958.60,2958.90,21
03-09-2026 00:29,2959.00,2959.10,2958.80,2959.00,27
03-09-2026 00:30,2958.90,2959.90,2958.90,2959.10,46
03-09-2026 00:31,2959.20,2959.60,2958.40,2958.40,35
03-09-2026 00:32,2958.50,2959.10,2958.40,2959.10,30
03-09-2026 00:33,2959.00,2959.20,2958.70,2958.80,29
03-09-2026 00:34,2958.70,2959.30,2958.40,2959.20,29
03-09-2026 00:35,2959.40,2960.00,2959.00,2959.80,32
03-09-2026 00:36,2959.90,2960.20,2959.50,2959.60,25
03-09-2026 00:37,2959.50,2960.00,2959.30,2959.50,30
03-09-2026 00:38,2959.50,2960.10,2959.50,2960.10,29
03-09-2026 00:39,2960.20,2961.00,2960.10,2960.70,29
03-09-2026 00:40,2960.80,2961.00,2960.70,2961.00,29
03-09-2026 00:41,2961.10,2961.30,2960.70,2961.00,24
03-09-2026 00:42,2961.10,2961.40,2960.90,2961.20,16
03-09-2026 00:43,2961.10,2961.90,2961.10,2961.60,22
03-09-2026 00:44,2961.60,2961.90,2961.30,2961.80,27
03-09-2026 00:45,2961.80,2962.50,2961.70,2961.70,40
03-09-2026 00:46,2961.80,2961.90,2961.30,2961.80,26
03-09-2026 00:47,2961.80,2961.90,2960.70,2960.90,33
03-09-2026 00:48,2961.00,2961.10,2960.60,2960.70,26
03-09-2026 00:49,2960.60,2960.70,2960.30,2960.60,27
03-09-2026 00:50,2960.50,2960.50,2959.00,2959.00,43
03-09-2026 00:51,2959.10,2959.20,2958.70,2959.00,38
03-09-2026 00:52,2959.00,2959.40,2958.80,2959.20,43
03-09-2026 00:53,2959.30,2959.50,2959.00,2959.20,22
03-09-2026 00:54,2959.10,2959.10,2958.70,2958.90,24
03-09-2026 00:55,2958.90,2959.70,2958.80,2958.90,40
03-09-2026 00:56,2958.80,2959.90,2958.80,2959.90,35
03-09-2026 00:57,2960.00,2960.00,2959.10,2959.10,34
03-09-2026 00:58,2959.10,2959.40,2958.90,2959.20,23
03-09-2026 00:59,2959.20,2959.80,2959.00,2959.80,32
03-09-2026 01:00,2959.60,2960.50,2959.50,2960.20,38
03-09-2026 01:01,2960.40,2960.40,2959.70,2960.30,50
03-09-2026 01:02,2960.30,2960.90,2959.70,2960.80,50
03-09-2026 01:03,2960.90,2961.00,2959.70,2959.70,37
03-09-2026 01:04,2959.80,2960.20,2959.50,2960.20,35
03-09-2026 01:05,2960.10,2960.10,2959.50,2959.60,41
03-09-2026 01:06,2959.60,2960.40,2959.60,2960.20,37
03-09-2026 01:07,2960.30,2960.90,2960.20,2960.70,34
03-09-2026 01:08,2960.70,2960.90,2960.40,2960.60,32
03-09-2026 01:09,2960.60,2960.60,2960.00,2960.10,22
03-09-2026 01:10,2960.00,2960.50,2959.80,2959.80,35
03-09-2026 01:11,2959.90,2960.00,2959.00,2959.50,28
03-09-2026 01:12,2959.40,2960.10,2959.40,2959.90,33
03-09-2026 01:13,2959.80,2961.00,2959.70,2961.00,32
03-09-2026 01:14,2961.10,2961.70,2961.00,2961.60,34
03-09-2026 01:15,2961.70,2962.20,2961.30,2961.50,61
03-09-2026 01:16,2961.40,2961.90,2961.20,2961.40,43
03-09-2026 01:17,2961.50,2962.00,2961.40,2962.00,29
03-09-2026 01:18,2962.00,2962.60,2961.50,2962.50,34
03-09-2026 01:19,2962.60,2962.60,2961.90,2962.00,32
03-09-2026 01:20,2962.00,2962.00,2959.30,2959.50,90
03-09-2026 01:21,2959.50,2959.60,2958.40,2958.80,57
03-09-2026 01:22,2959.00,2959.50,2957.80,2958.00,47
03-09-2026 01:23,2957.90,2958.20,2957.40,2957.70,46
03-09-2026 01:24,2957.80,2958.70,2957.40,2958.20,61
03-09-2026 01:25,2958.40,2958.40,2956.60,2957.90,100
03-09-2026 01:26,2958.10,2958.80,2957.80,2958.80,60
03-09-2026 01:27,2958.90,2959.40,2958.60,2959.00,60
03-09-2026 01:28,2959.00,2959.50,2958.90,2958.90,45
03-09-2026 01:29,2959.10,2960.70,2958.30,2959.50,107
03-09-2026 01:30,2959.70,2960.50,2959.50,2960.00,84
03-09-2026 01:31,2959.90,2960.20,2959.60,2960.00,28
03-09-2026 01:32,2959.80,2960.30,2959.60,2960.00,29
03-09-2026 01:33,2960.00,2960.30,2959.70,2959.80,22
03-09-2026 01:34,2959.90,2960.00,2959.60,2960.00,11
03-09-2026 01:35,2959.90,2960.10,2959.50,2959.90,30
03-09-2026 01:36,2960.00,2960.30,2960.00,2960.20,24
03-09-2026 01:37,2960.40,2960.40,2959.60,2959.60,18
03-09-2026 01:38,2959.60,2959.60,2959.10,2959.40,19
03-09-2026 01:39,2959.50,2959.50,2958.80,2959.20,17
03-09-2026 01:40,2959.20,2959.20,2958.80,2958.80,24
03-09-2026 01:41,2958.90,2958.90,2958.60,2958.80,15
03-09-2026 01:42,2958.90,2959.30,2958.90,2959.00,12
03-09-2026 01:43,2959.20,2959.20,2958.90,2958.90,15
03-09-2026 01:44,2959.00,2959.20,2958.80,2959.10,27
03-09-2026 01:45,2958.80,2961.10,2958.80,2960.90,81
03-09-2026 01:46,2960.90,2961.30,2960.40,2960.60,52
03-09-2026 01:47,2960.60,2961.10,2960.50,2960.80,30
03-09-2026 01:48,2960.70,2961.00,2960.60,2960.80,15
03-09-2026 01:49,2960.90,2960.90,2959.60,2959.80,30
03-09-2026 01:50,2959.80,2959.80,2959.10,2959.60,23
03-09-2026 01:51,2959.50,2959.90,2959.20,2959.30,33
03-09-2026 01:52,2959.30,2959.60,2959.10,2959.40,18
03-09-2026 01:53,2959.40,2959.80,2959.20,2959.20,21
03-09-2026 01:54,2959.20,2959.30,2959.00,2959.00,19
03-09-2026 01:55,2959.00,2959.70,2958.90,2959.70,12
03-09-2026 01:56,2959.70,2959.70,2959.40,2959.60,11
03-09-2026 01:57,2959.50,2959.90,2959.50,2959.80,19
03-09-2026 01:58,2959.70,2959.80,2959.30,2959.30,16
03-09-2026 01:59,2959.20,2959.40,2959.10,2959.20,11
03-09-2026 02:00,2959.30,2959.80,2959.10,2959.70,19
03-09-2026 02:01,2959.90,2959.90,2959.50,2959.50,12
03-09-2026 02:02,2959.60,2959.80,2959.60,2959.70,4
03-09-2026 02:03,2959.70,2959.70,2959.60,2959.70,7
03-09-2026 02:04,2959.70,2959.80,2959.50,2959.70,6
03-09-2026 02:05,2959.60,2959.90,2959.60,2959.70,14
03-09-2026 02:06,2959.60,2959.60,2959.30,2959.40,14
03-09-2026 02:07,2959.30,2959.40,2959.20,2959.30,5
03-09-2026 02:08,2959.10,2959.40,2959.00,2959.10,16
03-09-2026 02:09,2959.00,2959.00,2958.90,2958.90,10
03-09-2026 02:10,2958.80,2959.00,2958.70,2959.00,16
03-09-2026 02:11,2959.10,2959.10,2958.50,2958.50,16
03-09-2026 02:12,2958.40,2958.90,2958.40,2958.90,15
03-09-2026 02:13,2959.00,2959.30,2958.90,2959.30,16
03-09-2026 02:14,2959.20,2959.70,2959.10,2959.40,20
03-09-2026 02:15,2959.50,2959.90,2959.40,2959.70,12
03-09-2026 02:16,2959.70,2960.00,2959.70,2960.00,3
03-09-2026 02:17,2960.00,2960.60,2959.90,2960.60,13
03-09-2026 02:18,2960.50,2960.60,2960.40,2960.50,9
03-09-2026 02:19,2960.50,2960.50,2960.20,2960.30,7
03-09-2026 02:20,2960.40,2960.70,2960.30,2960.60,6
03-09-2026 02:21,2960.40,2961.20,2960.40,2961.20,11
03-09-2026 02:22,2961.20,2961.50,2961.00,2961.40,19
03-09-2026 02:23,2961.40,2961.50,2960.90,2960.90,12
03-09-2026 02:24,2961.00,2961.20,2961.00,2961.00,7
03-09-2026 02:25,2960.90,2960.90,2960.30,2960.80,15
03-09-2026 02:26,2960.70,2960.70,2959.40,2959.60,21
03-09-2026 02:27,2959.60,2959.80,2958.80,2958.80,20
03-09-2026 02:28,2958.70,2959.20,2958.60,2958.90,31
03-09-2026 03:30,2957.80,2957.80,2955.80,2956.30,29
03-09-2026 03:31,2956.50,2957.50,2956.50,2957.30,14
03-09-2026 03:32,2957.40,2957.60,2957.10,2957.60,10
03-09-2026 03:33,2957.70,2957.80,2957.50,2957.50,5
03-09-2026 03:34,2957.40,2957.50,2957.40,2957.50,4
03-09-2026 03:35,2957.40,2957.80,2957.10,2957.80,18
03-09-2026 03:36,2957.90,2957.90,2957.70,2957.80,6
03-09-2026 03:37,2957.90,2958.20,2957.80,2957.90,11
03-09-2026 03:38,2957.90,2958.10,2957.90,2958.00,3
03-09-2026 03:39,2957.90,2958.20,2957.90,2958.00,8
03-09-2026 03:40,2958.00,2958.30,2958.00,2958.00,22
03-09-2026 03:41,2958.10,2958.40,2958.10,2958.40,15
03-09-2026 03:42,2958.60,2959.10,2958.40,2959.00,11
03-09-2026 03:43,2959.00,2959.30,2958.90,2959.20,9
03-09-2026 03:44,2959.10,2959.20,2959.00,2959.20,14
03-09-2026 03:45,2959.10,2959.10,2958.20,2958.30,17
03-09-2026 03:46,2958.30,2958.80,2958.30,2958.80,7
03-09-2026 03:47,2958.90,2959.00,2958.60,2959.00,14
03-09-2026 03:48,2959.00,2959.10,2958.50,2958.50,9
03-09-2026 03:49,2958.40,2958.90,2958.30,2958.90,10
03-09-2026 03:50,2959.00,2959.10,2958.90,2959.00,15
03-09-2026 03:51,2959.10,2959.40,2959.10,2959.10,15
03-09-2026 03:52,2959.10,2959.40,2959.10,2959.30,9
03-09-2026 03:53,2959.30,2959.80,2959.30,2959.50,8
03-09-2026 03:54,2959.50,2959.50,2959.40,2959.40,2
03-09-2026 03:55,2959.30,2959.30,2959.20,2959.20,4
03-09-2026 03:56,2959.30,2959.50,2959.30,2959.50,7
03-09-2026 03:57,2959.50,2959.60,2959.40,2959.40,8
03-09-2026 03:58,2959.50,2959.60,2959.40,2959.50,9
03-09-2026 03:59,2959.50,2959.50,2959.20,2959.50,10
03-09-2026 04:00,2959.40,2959.50,2959.30,2959.30,6
03-09-2026 04:01,2959.20,2959.20,2958.80,2958.90,7
03-09-2026 04:02,2959.00,2959.30,2959.00,2959.30,6
03-09-2026 04:03,2959.20,2959.30,2959.10,2959.10,8
03-09-2026 04:04,2959.10,2959.20,2959.10,2959.20,4
03-09-2026 04:05,2959.10,2959.50,2959.10,2959.40,10
03-09-2026 04:06,2959.50,2959.60,2959.50,2959.60,4
03-09-2026 04:07,2959.50,2959.60,2959.40,2959.40,11
03-09-2026 04:08,2959.30,2959.50,2959.20,2959.50,8
03-09-2026 04:09,2959.60,2959.80,2959.50,2959.60,10
03-09-2026 04:10,2959.50,2959.70,2959.50,2959.60,7
03-09-2026 04:12,2959.50,2959.70,2959.50,2959.60,3
03-09-2026 04:13,2959.60,2959.60,2959.60,2959.60,1
03-09-2026 04:14,2959.60,2959.60,2959.40,2959.50,6
03-09-2026 04:15,2959.50,2959.50,2959.50,2959.50,1
03-09-2026 04:16,2959.40,2959.40,2959.40,2959.40,1
03-09-2026 04:17,2959.30,2959.60,2959.20,2959.60,6
03-09-2026 04:18,2959.40,2959.50,2959.40,2959.40,3
03-09-2026 04:19,2959.40,2959.50,2959.30,2959.40,5
03-09-2026 04:20,2959.30,2959.40,2959.10,2959.30,8
03-09-2026 04:21,2959.20,2959.40,2959.20,2959.40,7
03-09-2026 04:22,2959.40,2959.50,2959.20,2959.20,9
03-09-2026 04:23,2959.30,2959.30,2959.10,2959.10,5
03-09-2026 04:24,2959.10,2959.10,2959.10,2959.10,1
03-09-2026 04:25,2959.20,2959.30,2959.10,2959.30,6
03-09-2026 04:26,2959.30,2959.50,2959.10,2959.20,9
03-09-2026 04:27,2959.10,2959.30,2959.10,2959.30,11
03-09-2026 04:28,2959.30,2959.30,2959.10,2959.10,3
03-09-2026 04:29,2959.10,2959.20,2959.10,2959.20,2
03-09-2026 04:30,2959.30,2959.80,2959.30,2959.40,12
03-09-2026 04:31,2959.30,2959.50,2959.20,2959.30,9
03-09-2026 04:32,2959.40,2959.40,2959.20,2959.20,5
03-09-2026 04:33,2959.20,2959.40,2959.20,2959.20,9
03-09-2026 04:34,2959.30,2959.50,2959.30,2959.40,8
03-09-2026 04:35,2959.50,2959.50,2959.10,2959.40,11
03-09-2026 04:36,2959.40,2959.70,2959.40,2959.50,6
03-09-2026 04:37,2959.50,2959.50,2959.40,2959.40,2
03-09-2026 04:38,2959.30,2959.40,2959.30,2959.30,3
03-09-2026 04:39,2959.30,2959.30,2959.00,2959.00,4
03-09-2026 04:40,2959.00,2959.20,2959.00,2959.10,6
03-09-2026 04:42,2959.10,2959.10,2958.80,2958.80,4
03-09-2026 04:43,2958.80,2958.80,2958.60,2958.60,3
03-09-2026 04:44,2958.60,2958.70,2958.40,2958.60,8
03-09-2026 04:45,2958.60,2958.70,2958.60,2958.70,4
03-09-2026 04:46,2958.70,2958.70,2958.60,2958.60,2
03-09-2026 04:47,2958.60,2958.70,2958.60,2958.70,2
03-09-2026 04:48,2958.60,2958.60,2958.60,2958.60,1
03-09-2026 04:49,2958.60,2958.70,2958.60,2958.60,3
03-09-2026 04:50,2958.60,2958.70,2958.50,2958.70,5
03-09-2026 04:51,2958.70,2958.90,2958.60,2958.90,5
03-09-2026 04:52,2958.90,2959.00,2958.80,2959.00,4
03-09-2026 04:53,2959.00,2959.10,2959.00,2959.00,3
03-09-2026 04:54,2958.90,2959.00,2958.90,2958.90,5
03-09-2026 04:55,2958.90,2958.90,2958.90,2958.90,1
03-09-2026 04:56,2958.90,2959.00,2958.90,2959.00,6
03-09-2026 04:57,2958.90,2959.10,2958.90,2959.00,12
03-09-2026 04:58,2959.00,2959.00,2959.00,2959.00,1
03-09-2026 04:59,2959.00,2959.00,2958.90,2959.00,3
03-09-2026 05:00,2959.00,2959.30,2958.90,2959.30,12
03-09-2026 05:01,2959.30,2959.30,2959.10,2959.10,7
03-09-2026 05:02,2959.10,2959.10,2959.00,2959.00,2
03-09-2026 05:03,2959.10,2959.10,2958.90,2959.00,6
03-09-2026 05:04,2958.90,2959.10,2958.90,2959.10,7
03-09-2026 05:05,2959.10,2959.10,2959.00,2959.00,4
03-09-2026 05:06,2959.00,2959.00,2958.80,2958.90,4
03-09-2026 05:07,2958.80,2959.00,2958.80,2959.00,7
03-09-2026 05:08,2958.90,2959.10,2958.90,2958.90,6
03-09-2026 05:09,2959.00,2959.40,2959.00,2959.30,6
03-09-2026 05:10,2959.40,2959.40,2959.30,2959.30,10
03-09-2026 05:11,2959.20,2959.40,2959.20,2959.40,7
03-09-2026 05:12,2959.30,2959.40,2959.30,2959.40,2
03-09-2026 05:13,2959.40,2959.50,2959.40,2959.40,3
03-09-2026 05:14,2959.50,2959.50,2959.50,2959.50,1
03-09-2026 05:15,2959.60,2960.40,2959.50,2960.20,32
03-09-2026 05:16,2960.20,2960.80,2960.10,2960.40,25
03-09-2026 05:17,2960.50,2961.00,2960.50,2960.80,18
03-09-2026 05:18,2960.70,2960.80,2960.20,2960.30,14
03-09-2026 05:19,2960.30,2960.30,2960.10,2960.30,7
03-09-2026 05:20,2960.30,2960.50,2960.30,2960.40,18
03-09-2026 05:21,2960.40,2960.70,2960.30,2960.30,9
03-09-2026 05:22,2960.20,2960.20,2960.10,2960.20,5
03-09-2026 05:23,2960.10,2960.20,2960.10,2960.10,3
03-09-2026 05:24,2960.20,2960.30,2960.20,2960.20,3
03-09-2026 05:25,2960.10,2960.20,2960.00,2960.00,8
03-09-2026 05:26,2960.10,2960.30,2959.90,2960.00,7
03-09-2026 05:27,2959.90,2960.10,2959.90,2960.10,8
03-09-2026 05:28,2960.00,2960.40,2960.00,2960.40,7
03-09-2026 05:29,2960.20,2960.30,2959.80,2959.80,7
03-09-2026 05:30,2959.60,2959.90,2959.30,2959.60,42
03-09-2026 05:31,2959.50,2959.70,2959.20,2959.70,14
03-09-2026 05:32,2959.60,2959.70,2959.40,2959.70,18
03-09-2026 05:33,2959.60,2959.80,2959.60,2959.80,9
03-09-2026 05:34,2959.80,2960.20,2959.70,2960.20,16
03-09-2026 05:35,2960.10,2960.10,2959.80,2960.10,12
03-09-2026 05:36,2960.00,2960.20,2959.70,2960.10,16
03-09-2026 05:37,2960.20,2960.20,2959.60,2959.60,13
03-09-2026 05:38,2959.50,2959.70,2959.40,2959.70,8
03-09-2026 05:39,2959.60,2959.60,2959.40,2959.60,11
03-09-2026 05:40,2959.50,2959.90,2959.30,2959.80,12
03-09-2026 05:41,2959.80,2960.00,2959.60,2959.90,16
03-09-2026 05:42,2959.70,2959.70,2959.10,2959.10,12
03-09-2026 05:43,2959.00,2959.00,2958.80,2959.00,5
03-09-2026 05:44,2959.00,2959.10,2958.80,2958.90,6
03-09-2026 05:45,2958.90,2959.10,2958.30,2958.30,19
03-09-2026 05:46,2958.20,2958.30,2958.10,2958.20,8
03-09-2026 05:47,2958.30,2958.50,2958.20,2958.30,9
03-09-2026 05:48,2958.40,2958.80,2958.40,2958.40,12
03-09-2026 05:49,2958.40,2958.60,2958.40,2958.60,5
03-09-2026 05:50,2958.60,2958.60,2958.20,2958.40,10
03-09-2026 05:51,2958.30,2958.30,2958.30,2958.30,1
03-09-2026 05:52,2958.40,2958.40,2958.00,2958.20,14
03-09-2026 05:53,2958.30,2958.70,2958.20,2958.70,14
03-09-2026 05:54,2958.70,2958.70,2958.40,2958.60,6
03-09-2026 05:55,2958.40,2958.60,2958.40,2958.60,7
03-09-2026 05:56,2958.60,2958.70,2958.20,2958.20,6
03-09-2026 05:57,2958.30,2958.40,2958.20,2958.20,8
03-09-2026 05:58,2958.10,2958.80,2958.10,2958.60,13
03-09-2026 05:59,2958.70,2958.70,2958.60,2958.70,13
03-09-2026 06:00,2958.60,2958.90,2958.40,2958.40,12
03-09-2026 06:01,2958.40,2958.60,2958.20,2958.60,12
03-09-2026 06:02,2958.50,2958.50,2958.00,2958.00,12
03-09-2026 06:03,2957.90,2957.90,2957.80,2957.90,7
03-09-2026 06:04,2957.80,2957.80,2957.50,2957.50,4
03-09-2026 06:05,2957.60,2957.70,2957.60,2957.60,11
03-09-2026 06:06,2957.60,2957.70,2957.60,2957.60,3
03-09-2026 06:07,2957.50,2957.60,2957.20,2957.60,8
03-09-2026 06:08,2957.70,2958.10,2957.70,2958.10,11
03-09-2026 06:09,2958.10,2958.10,2957.90,2957.90,5
03-09-2026 06:10,2958.00,2958.00,2957.80,2957.80,7
03-09-2026 06:11,2957.70,2957.90,2957.60,2957.90,10
03-09-2026 06:12,2957.80,2957.80,2957.50,2957.60,9
03-09-2026 06:13,2957.70,2958.10,2957.70,2958.10,7
03-09-2026 06:14,2958.00,2958.00,2957.50,2957.60,6
03-09-2026 06:15,2957.50,2957.80,2957.50,2957.60,10
03-09-2026 06:16,2957.50,2957.70,2957.40,2957.50,11
03-09-2026 06:17,2957.30,2957.30,2957.00,2957.00,14
03-09-2026 06:18,2957.10,2957.20,2956.90,2957.20,10
03-09-2026 06:19,2957.10,2957.20,2957.00,2957.10,9
03-09-2026 06:20,2957.20,2957.40,2957.20,2957.30,3
03-09-2026 06:21,2957.20,2957.20,2957.00,2957.00,5
03-09-2026 06:22,2957.00,2957.10,2957.00,2957.10,2
03-09-2026 06:23,2957.00,2957.20,2957.00,2957.10,8
03-09-2026 06:24,2957.20,2957.30,2957.10,2957.30,4
03-09-2026 06:25,2957.30,2957.40,2957.20,2957.20,6
03-09-2026 06:26,2957.20,2957.20,2956.90,2956.90,6
03-09-2026 06:27,2956.90,2956.90,2956.50,2956.50,5
03-09-2026 06:28,2956.40,2956.50,2956.40,2956.50,2
03-09-2026 06:29,2956.60,2956.80,2956.60,2956.80,5
03-09-2026 06:30,2956.70,2956.80,2956.40,2956.50,33
03-09-2026 06:31,2956.50,2957.00,2956.50,2956.70,10
03-09-2026 06:32,2956.60,2956.60,2956.30,2956.50,12
03-09-2026 06:33,2956.50,2956.90,2956.40,2956.90,12
03-09-2026 06:34,2957.00,2957.20,2956.90,2957.20,9
03-09-2026 06:35,2957.20,2958.20,2957.20,2957.90,29
03-09-2026 06:36,2957.90,2958.10,2957.90,2957.90,7
03-09-2026 06:37,2958.10,2958.40,2957.90,2958.20,18
03-09-2026 06:38,2958.10,2958.40,2958.10,2958.20,13
03-09-2026 06:39,2958.10,2958.20,2957.90,2957.90,13
03-09-2026 06:40,2957.80,2957.90,2957.50,2957.50,25
03-09-2026 06:41,2957.60,2958.30,2957.40,2958.30,20
03-09-2026 06:42,2958.30,2958.30,2958.10,2958.20,7
03-09-2026 06:43,2958.10,2958.20,2957.70,2958.20,10
03-09-2026 06:44,2958.20,2958.70,2958.20,2958.60,7
03-09-2026 06:45,2958.70,2958.90,2958.60,2958.90,7
03-09-2026 06:46,2958.90,2959.20,2958.90,2959.10,11
03-09-2026 06:47,2959.10,2959.50,2959.10,2959.20,10
03-09-2026 06:48,2959.20,2959.50,2959.10,2959.40,7
03-09-2026 06:49,2959.50,2960.10,2959.50,2959.80,11
03-09-2026 06:50,2959.60,2959.80,2959.50,2959.70,12
03-09-2026 06:51,2959.50,2959.80,2959.50,2959.60,14
03-09-2026 06:52,2959.50,2959.60,2959.50,2959.50,5
03-09-2026 06:53,2959.30,2959.30,2958.90,2958.90,5
03-09-2026 06:54,2958.80,2958.80,2957.90,2957.90,18
03-09-2026 06:55,2957.80,2958.00,2957.60,2957.80,10
03-09-2026 06:56,2957.90,2958.40,2957.90,2958.30,21
03-09-2026 06:57,2958.20,2958.60,2958.20,2958.40,11
03-09-2026 06:58,2958.40,2959.00,2958.30,2959.00,15
03-09-2026 06:59,2959.00,2959.40,2958.90,2959.30,17
03-09-2026 07:00,2959.10,2959.70,2959.00,2959.70,36
03-09-2026 07:01,2959.70,2960.40,2959.60,2960.10,22
03-09-2026 07:02,2960.10,2960.20,2959.50,2959.50,14
03-09-2026 07:03,2959.50,2959.80,2959.40,2959.70,14
03-09-2026 07:04,2959.70,2960.10,2959.70,2960.10,11
03-09-2026 07:05,2960.20,2960.20,2959.00,2959.30,33
03-09-2026 07:06,2959.40,2959.60,2959.30,2959.40,16
03-09-2026 07:07,2959.30,2959.40,2958.50,2958.80,21
03-09-2026 07:08,2958.90,2959.40,2958.80,2959.20,11
03-09-2026 07:09,2959.00,2959.40,2959.00,2959.10,17
03-09-2026 07:10,2959.10,2959.40,2958.70,2958.80,13
03-09-2026 07:11,2958.90,2959.00,2958.50,2958.50,13
03-09-2026 07:12,2958.40,2958.60,2958.20,2958.40,11
03-09-2026 07:13,2958.40,2958.50,2958.10,2958.40,16
03-09-2026 07:14,2958.30,2958.30,2958.00,2958.00,16
03-09-2026 07:15,2958.10,2958.40,2958.00,2958.30,15
03-09-2026 07:16,2958.40,2958.40,2957.70,2957.70,15
03-09-2026 07:17,2957.60,2957.90,2957.60,2957.70,14
03-09-2026 07:18,2957.70,2958.50,2957.70,2958.40,17
03-09-2026 07:19,2958.50,2958.80,2958.30,2958.80,15
03-09-2026 07:20,2958.70,2958.70,2958.20,2958.20,14
03-09-2026 07:21,2958.10,2958.50,2957.90,2958.10,17
03-09-2026 07:22,2958.20,2958.30,2958.10,2958.20,5
03-09-2026 07:23,2958.30,2958.50,2958.30,2958.50,11
03-09-2026 07:24,2958.40,2958.40,2958.00,2958.20,9
03-09-2026 07:25,2958.20,2958.40,2958.20,2958.30,22
03-09-2026 07:26,2958.20,2958.40,2958.20,2958.20,7
03-09-2026 07:27,2958.10,2958.10,2957.80,2958.10,12
03-09-2026 07:28,2958.10,2958.30,2957.40,2957.40,14
03-09-2026 07:29,2957.50,2957.80,2957.50,2957.50,13
03-09-2026 07:30,2957.60,2957.70,2957.30,2957.60,21
03-09-2026 07:31,2957.70,2957.80,2957.40,2957.40,18
03-09-2026 07:32,2957.50,2957.60,2957.20,2957.60,14
03-09-2026 07:33,2957.70,2958.20,2957.70,2958.00,14
03-09-2026 07:34,2957.90,2958.00,2957.70,2957.90,11
03-09-2026 07:35,2958.00,2958.30,2958.00,2958.30,12
03-09-2026 07:36,2958.40,2958.50,2958.20,2958.20,13
03-09-2026 07:37,2958.20,2958.40,2958.20,2958.40,7
03-09-2026 07:38,2958.30,2958.90,2958.30,2958.80,17
03-09-2026 07:39,2958.70,2959.30,2958.70,2959.20,11
03-09-2026 07:40,2959.20,2959.90,2959.20,2959.80,15
03-09-2026 07:41,2959.80,2960.00,2959.70,2959.90,13
03-09-2026 07:42,2959.70,2960.00,2959.70,2959.90,9
03-09-2026 07:43,2959.90,2960.10,2959.60,2960.10,20
03-09-2026 07:44,2960.00,2960.30,2960.00,2960.20,11
03-09-2026 07:45,2960.10,2960.30,2959.80,2959.80,8
03-09-2026 07:46,2959.80,2960.00,2959.80,2959.90,10
03-09-2026 07:47,2959.80,2959.80,2959.30,2959.50,10
03-09-2026 07:48,2959.70,2960.00,2959.70,2960.00,12
03-09-2026 07:49,2959.90,2960.20,2959.90,2960.00,8
03-09-2026 07:50,2959.90,2960.10,2959.80,2959.90,11
03-09-2026 07:51,2960.00,2960.10,2959.90,2959.90,14
03-09-2026 07:52,2960.00,2960.00,2959.70,2959.80,7
03-09-2026 07:53,2959.70,2959.70,2959.10,2959.10,9
03-09-2026 07:54,2959.10,2959.50,2959.10,2959.50,9
03-09-2026 07:55,2959.40,2959.40,2959.10,2959.40,7
03-09-2026 07:56,2959.40,2959.50,2959.10,2959.20,17
03-09-2026 07:57,2959.20,2959.70,2959.20,2959.70,12
03-09-2026 07:58,2959.60,2959.70,2959.40,2959.70,10
03-09-2026 07:59,2959.60,2959.60,2959.50,2959.60,7
03-09-2026 08:00,2959.50,2960.00,2959.40,2959.90,12
03-09-2026 08:01,2959.90,2960.10,2959.90,2960.10,11
03-09-2026 08:02,2960.10,2960.10,2959.80,2959.80,10
03-09-2026 08:03,2959.80,2960.30,2959.80,2960.30,7
03-09-2026 08:04,2960.30,2960.60,2960.10,2960.10,13
03-09-2026 08:05,2960.10,2960.30,2959.70,2959.80,14
03-09-2026 08:06,2959.90,2959.90,2959.50,2959.60,10
03-09-2026 08:07,2959.50,2959.60,2959.50,2959.50,3
03-09-2026 08:08,2959.40,2959.80,2959.40,2959.70,12
03-09-2026 08:09,2959.60,2959.60,2959.50,2959.60,5
03-09-2026 08:10,2959.50,2959.60,2959.50,2959.50,5
03-09-2026 08:11,2959.50,2959.60,2959.40,2959.50,5
03-09-2026 08:12,2959.40,2959.40,2959.30,2959.30,2
03-09-2026 08:13,2959.30,2959.40,2959.20,2959.30,13
03-09-2026 08:14,2959.30,2959.40,2959.00,2959.10,7
03-09-2026 08:15,2959.00,2959.10,2958.80,2958.80,7
03-09-2026 08:16,2958.80,2959.00,2958.80,2959.00,7
03-09-2026 08:17,2959.00,2959.10,2958.90,2959.10,6
03-09-2026 08:18,2959.20,2959.30,2959.00,2959.20,10
03-09-2026 08:19,2959.30,2959.80,2959.30,2959.70,12
03-09-2026 08:20,2959.70,2959.80,2959.40,2959.60,18
03-09-2026 08:21,2959.60,2959.60,2959.40,2959.60,7
03-09-2026 08:22,2959.60,2959.70,2959.60,2959.70,4
03-09-2026 08:23,2959.60,2959.60,2959.40,2959.40,11
03-09-2026 08:24,2959.40,2959.60,2959.40,2959.50,6
03-09-2026 08:25,2959.60,2959.60,2959.50,2959.60,5
03-09-2026 08:26,2959.50,2959.60,2959.50,2959.50,7
03-09-2026 08:27,2959.50,2959.60,2959.50,2959.60,2
03-09-2026 08:28,2959.60,2959.60,2959.50,2959.50,2
03-09-2026 08:29,2959.50,2959.50,2959.30,2959.50,4
03-09-2026 08:30,2959.40,2959.50,2959.20,2959.20,6
03-09-2026 08:31,2959.30,2959.30,2959.00,2959.10,7
03-09-2026 08:32,2959.10,2959.30,2959.10,2959.30,8
03-09-2026 08:33,2959.20,2959.80,2959.20,2959.70,14
03-09-2026 08:34,2959.70,2959.80,2959.70,2959.80,6
03-09-2026 08:35,2959.70,2959.80,2959.60,2959.60,6
03-09-2026 08:36,2959.60,2959.70,2959.50,2959.50,6
03-09-2026 08:37,2959.60,2959.90,2959.40,2959.90,17
03-09-2026 08:38,2959.80,2960.00,2959.80,2959.80,5
03-09-2026 08:39,2959.70,2959.70,2959.40,2959.60,10
03-09-2026 08:40,2959.70,2959.70,2959.40,2959.40,7
03-09-2026 08:41,2959.50,2959.50,2959.30,2959.40,4
03-09-2026 08:42,2959.40,2959.50,2959.40,2959.40,3
03-09-2026 08:43,2959.40,2959.70,2959.40,2959.70,4
03-09-2026 08:44,2959.70,2959.70,2959.40,2959.60,8
03-09-2026 08:45,2959.60,2959.80,2959.60,2959.60,9
03-09-2026 08:46,2959.60,2959.70,2959.60,2959.70,2
03-09-2026 08:47,2959.90,2960.00,2959.80,2960.00,7
03-09-2026 08:48,2960.00,2960.70,2960.00,2960.70,11
03-09-2026 08:49,2960.60,2960.80,2960.30,2960.50,16
03-09-2026 08:50,2960.40,2960.50,2960.30,2960.40,6
03-09-2026 08:51,2960.30,2960.40,2960.30,2960.40,12
03-09-2026 08:52,2960.50,2960.50,2960.20,2960.20,9
03-09-2026 08:53,2960.20,2960.20,2960.10,2960.20,3
03-09-2026 08:54,2960.20,2960.30,2960.20,2960.30,10
03-09-2026 08:55,2960.30,2960.40,2960.20,2960.40,4
03-09-2026 08:56,2960.50,2960.80,2960.50,2960.60,8
03-09-2026 08:57,2960.60,2960.90,2960.50,2960.70,10
03-09-2026 08:58,2960.70,2960.80,2960.70,2960.70,5
03-09-2026 08:59,2960.60,2960.70,2960.60,2960.70,6
03-09-2026 09:00,2960.70,2961.40,2960.70,2961.00,13
03-09-2026 09:01,2960.90,2961.00,2960.80,2960.80,12
03-09-2026 09:02,2960.90,2961.10,2960.90,2961.10,5
03-09-2026 09:03,2961.00,2961.10,2960.90,2961.10,8
03-09-2026 09:04,2961.00,2961.20,2960.90,2961.10,10
03-09-2026 09:05,2961.00,2961.00,2960.60,2960.80,12
03-09-2026 09:06,2960.70,2960.80,2960.70,2960.80,4
03-09-2026 09:07,2960.70,2961.00,2960.70,2961.00,4
03-09-2026 09:08,2961.10,2961.10,2960.90,2961.00,4
03-09-2026 09:09,2961.00,2961.00,2960.90,2961.00,3
03-09-2026 09:10,2961.00,2961.00,2960.80,2960.80,11
03-09-2026 09:11,2960.80,2961.00,2960.80,2960.90,16
03-09-2026 09:12,2960.80,2960.80,2960.70,2960.80,3
03-09-2026 09:13,2960.70,2960.80,2960.70,2960.80,8
03-09-2026 09:14,2960.80,2960.90,2960.70,2960.70,6
03-09-2026 09:15,2960.50,2960.70,2960.40,2960.70,15
03-09-2026 09:16,2960.70,2960.70,2960.40,2960.40,10
03-09-2026 09:17,2960.40,2960.60,2960.40,2960.40,5
03-09-2026 09:18,2960.50,2960.70,2960.40,2960.60,16
03-09-2026 09:19,2960.50,2960.70,2960.50,2960.50,10
03-09-2026 09:20,2960.60,2960.60,2960.50,2960.60,13
03-09-2026 09:21,2960.70,2960.70,2960.60,2960.60,4
03-09-2026 09:22,2960.50,2960.60,2960.40,2960.60,4
03-09-2026 09:23,2960.50,2960.60,2960.50,2960.60,4
03-09-2026 09:24,2960.60,2960.80,2960.50,2960.80,9
03-09-2026 09:25,2960.70,2960.80,2960.50,2960.50,5
03-09-2026 09:26,2960.50,2960.50,2960.40,2960.40,2
03-09-2026 09:27,2960.30,2960.30,2960.00,2960.10,5
03-09-2026 09:28,2960.10,2960.10,2959.90,2959.90,3
03-09-2026 09:29,2960.00,2960.30,2960.00,2960.20,7
03-09-2026 09:30,2960.30,2960.40,2960.10,2960.40,10
03-09-2026 09:31,2960.30,2960.40,2960.10,2960.30,6
03-09-2026 09:32,2960.20,2960.30,2960.20,2960.20,5
03-09-2026 09:33,2960.20,2960.30,2960.10,2960.20,13
03-09-2026 09:34,2960.30,2960.40,2960.00,2960.00,8
03-09-2026 09:35,2960.10,2960.20,2960.10,2960.10,5
03-09-2026 09:36,2960.00,2960.10,2959.90,2959.90,4
03-09-2026 09:37,2959.90,2959.90,2959.60,2959.70,17
03-09-2026 09:38,2959.80,2960.10,2959.80,2959.80,12
03-09-2026 09:39,2959.80,2960.00,2959.80,2959.90,16
03-09-2026 09:40,2959.90,2960.10,2959.80,2959.90,11
03-09-2026 09:41,2959.80,2960.00,2959.80,2959.90,10
03-09-2026 09:42,2959.90,2959.90,2959.60,2959.70,7
03-09-2026 09:43,2959.80,2959.90,2959.60,2959.70,6
03-09-2026 09:44,2959.80,2959.80,2959.60,2959.80,5
03-09-2026 09:45,2959.70,2959.80,2959.60,2959.70,5
03-09-2026 09:46,2959.80,2959.90,2959.60,2959.60,5
03-09-2026 09:47,2959.60,2959.80,2959.60,2959.60,5
03-09-2026 09:48,2959.70,2959.90,2959.60,2959.70,13
03-09-2026 09:49,2959.70,2959.80,2959.60,2959.70,21
03-09-2026 09:50,2959.60,2959.60,2959.50,2959.50,4
03-09-2026 09:51,2959.60,2959.60,2959.20,2959.20,12
03-09-2026 09:52,2959.20,2959.30,2959.10,2959.30,8
03-09-2026 09:53,2959.40,2959.50,2959.30,2959.50,10
03-09-2026 09:54,2959.50,2959.70,2959.50,2959.70,5
03-09-2026 09:55,2959.70,2959.80,2959.70,2959.80,2
03-09-2026 09:56,2959.80,2959.80,2959.60,2959.70,6
03-09-2026 09:57,2959.60,2959.60,2959.40,2959.40,3
03-09-2026 09:58,2959.30,2959.30,2959.20,2959.20,2
03-09-2026 09:59,2959.10,2959.30,2959.10,2959.10,5
03-09-2026 10:01,2959.10,2959.30,2959.10,2959.20,4
03-09-2026 10:02,2959.20,2959.50,2959.20,2959.40,9
03-09-2026 10:03,2959.50,2959.80,2959.40,2959.80,6
03-09-2026 10:04,2959.70,2959.70,2959.50,2959.50,5
03-09-2026 10:05,2959.50,2959.60,2959.50,2959.50,3
03-09-2026 10:06,2959.40,2959.40,2959.10,2959.10,3
03-09-2026 10:07,2959.20,2959.50,2959.20,2959.50,4
03-09-2026 10:08,2959.60,2959.60,2959.50,2959.50,2
03-09-2026 10:09,2959.50,2959.60,2959.50,2959.60,2
03-09-2026 10:10,2959.50,2959.60,2959.50,2959.60,2
03-09-2026 10:11,2959.50,2959.50,2959.20,2959.20,5
03-09-2026 10:12,2959.10,2959.20,2959.10,2959.20,2
03-09-2026 10:13,2959.20,2959.40,2959.20,2959.40,4
03-09-2026 10:14,2959.30,2959.40,2959.20,2959.20,12
03-09-2026 10:15,2959.30,2959.40,2959.30,2959.30,9
03-09-2026 10:16,2959.40,2959.50,2959.20,2959.20,5
03-09-2026 10:17,2959.10,2959.10,2959.10,2959.10,1
03-09-2026 10:18,2959.00,2959.20,2958.90,2959.10,7
03-09-2026 10:19,2959.10,2959.20,2959.00,2959.10,7
03-09-2026 10:20,2959.00,2959.00,2958.90,2959.00,3
03-09-2026 10:21,2959.10,2959.10,2958.80,2958.80,5
03-09-2026 10:22,2958.80,2959.00,2958.80,2958.90,4
03-09-2026 10:23,2958.80,2958.90,2958.80,2958.80,5
03-09-2026 10:24,2958.90,2958.90,2958.80,2958.90,5
03-09-2026 10:25,2958.90,2958.90,2958.50,2958.60,5
03-09-2026 10:26,2958.60,2958.80,2958.60,2958.70,12
03-09-2026 10:27,2958.70,2958.80,2958.60,2958.60,8
03-09-2026 10:28,2958.70,2958.80,2958.70,2958.70,5
03-09-2026 10:29,2958.70,2959.00,2958.70,2959.00,4
03-09-2026 10:30,2958.90,2959.00,2958.90,2958.90,3
03-09-2026 10:31,2958.80,2959.00,2958.80,2958.80,14
03-09-2026 10:32,2958.80,2958.80,2958.60,2958.60,7
03-09-2026 10:33,2958.60,2958.60,2958.30,2958.30,10
03-09-2026 10:34,2958.20,2958.20,2957.80,2957.90,7
03-09-2026 10:35,2957.90,2958.10,2957.70,2957.80,16
03-09-2026 10:36,2957.70,2957.70,2957.40,2957.50,9
03-09-2026 10:37,2957.60,2957.60,2957.30,2957.40,13
03-09-2026 10:38,2957.30,2957.30,2956.90,2957.00,14
03-09-2026 10:39,2957.10,2957.10,2956.50,2956.80,18
03-09-2026 10:40,2956.70,2957.10,2956.60,2956.80,16
03-09-2026 10:41,2956.70,2956.80,2956.60,2956.70,13
03-09-2026 10:42,2956.70,2957.00,2956.60,2956.60,15
03-09-2026 10:43,2956.50,2956.70,2956.20,2956.50,18
03-09-2026 10:44,2956.50,2956.50,2956.00,2956.40,20
03-09-2026 10:45,2956.30,2956.50,2956.10,2956.30,19
03-09-2026 10:46,2956.20,2956.30,2955.90,2956.00,27
03-09-2026 10:47,2955.90,2955.90,2955.10,2955.40,23
03-09-2026 10:48,2955.40,2955.70,2955.30,2955.30,32
03-09-2026 10:49,2955.10,2955.20,2954.30,2954.60,28
03-09-2026 10:50,2954.70,2954.70,2953.90,2954.20,44
03-09-2026 10:51,2954.10,2954.40,2953.90,2954.20,37
03-09-2026 10:52,2954.30,2954.40,2953.50,2953.70,30
03-09-2026 10:53,2953.80,2953.90,2953.20,2953.90,30
03-09-2026 10:54,2953.90,2954.00,2953.20,2953.90,32
03-09-2026 10:55,2954.00,2954.50,2953.50,2953.60,47
03-09-2026 10:56,2953.70,2953.90,2953.40,2953.40,30
03-09-2026 10:57,2953.50,2953.90,2953.30,2953.70,36
03-09-2026 10:58,2953.80,2954.50,2953.60,2954.30,31
03-09-2026 10:59,2954.20,2954.70,2954.20,2954.50,18
03-09-2026 11:00,2954.40,2955.30,2954.30,2954.60,37
03-09-2026 11:01,2954.60,2955.00,2954.50,2954.90,37
03-09-2026 11:02,2955.00,2955.30,2954.80,2955.10,26
03-09-2026 11:03,2955.20,2955.70,2955.10,2955.70,19
03-09-2026 11:04,2955.60,2956.70,2955.60,2956.70,32
03-09-2026 11:05,2956.60,2956.90,2956.30,2956.30,28
03-09-2026 11:06,2956.40,2956.50,2955.90,2956.50,26
03-09-2026 11:07,2956.40,2956.50,2956.20,2956.40,18
03-09-2026 11:08,2956.30,2956.50,2956.30,2956.30,19
03-09-2026 11:09,2956.40,2957.00,2956.20,2956.40,29
03-09-2026 11:10,2956.30,2956.40,2956.00,2956.30,21
03-09-2026 11:11,2956.30,2956.40,2956.00,2956.40,27
03-09-2026 11:12,2956.50,2956.70,2956.20,2956.70,16
03-09-2026 11:13,2956.70,2957.30,2956.70,2957.20,10
03-09-2026 11:14,2957.10,2957.50,2957.00,2957.10,25
03-09-2026 11:15,2957.20,2957.40,2957.00,2957.10,19
03-09-2026 11:16,2957.00,2957.10,2956.70,2956.70,12
03-09-2026 11:17,2956.70,2957.70,2956.60,2957.70,19
03-09-2026 11:18,2957.70,2957.90,2957.50,2957.90,23
03-09-2026 11:19,2958.00,2958.70,2957.90,2958.70,16
03-09-2026 11:20,2958.60,2959.10,2958.60,2959.10,18
03-09-2026 11:21,2959.00,2959.30,2958.80,2959.30,18
03-09-2026 11:22,2959.40,2959.70,2959.40,2959.60,16
03-09-2026 11:23,2959.50,2959.70,2959.40,2959.60,18
03-09-2026 11:24,2959.40,2959.60,2958.90,2959.10,26
03-09-2026 11:25,2959.10,2959.30,2959.10,2959.10,12
03-09-2026 11:26,2959.20,2959.90,2959.10,2959.90,16
03-09-2026 11:27,2959.80,2959.80,2959.50,2959.60,16
03-09-2026 11:28,2959.60,2959.90,2959.60,2959.90,10
03-09-2026 11:29,2960.10,2960.10,2960.00,2960.10,5
03-09-2026 11:30,2960.10,2960.50,2959.90,2960.10,29
03-09-2026 11:31,2960.00,2960.10,2959.30,2959.40,36
03-09-2026 11:32,2959.30,2959.70,2959.20,2959.40,22
03-09-2026 11:33,2959.40,2959.70,2959.40,2959.60,16
03-09-2026 11:34,2959.50,2960.20,2959.50,2960.10,29
03-09-2026 11:35,2960.00,2960.50,2959.90,2960.50,27
03-09-2026 11:36,2960.60,2961.00,2960.50,2960.60,19
03-09-2026 11:37,2960.60,2960.70,2960.30,2960.40,15
03-09-2026 11:38,2960.30,2960.50,2960.10,2960.50,15
03-09-2026 11:39,2960.50,2960.50,2959.40,2959.40,16
03-09-2026 11:40,2959.30,2959.40,2958.90,2959.00,25
03-09-2026 11:41,2959.00,2959.10,2958.50,2958.60,18
03-09-2026 11:42,2958.70,2959.10,2958.70,2959.10,17
03-09-2026 11:43,2958.90,2959.00,2958.30,2958.40,17
03-09-2026 11:44,2958.50,2959.10,2958.50,2958.90,23
03-09-2026 11:45,2958.90,2959.40,2958.90,2959.10,16
03-09-2026 11:46,2959.00,2959.10,2958.60,2958.70,18
03-09-2026 11:47,2958.80,2959.10,2958.70,2959.00,14
03-09-2026 11:48,2959.10,2959.50,2958.90,2959.20,27
03-09-2026 11:49,2959.10,2959.10,2959.00,2959.10,15
03-09-2026 11:50,2959.00,2959.10,2958.80,2959.10,16
03-09-2026 11:51,2959.10,2959.10,2958.60,2958.90,20
03-09-2026 11:52,2959.00,2959.10,2958.90,2959.00,17
03-09-2026 11:53,2958.90,2958.90,2958.50,2958.60,12
03-09-2026 11:54,2958.50,2958.50,2957.40,2957.40,16
03-09-2026 11:55,2957.50,2957.70,2957.20,2957.40,19
03-09-2026 11:56,2957.20,2957.60,2957.10,2957.60,16
03-09-2026 11:57,2957.50,2957.90,2957.50,2957.80,12
03-09-2026 11:58,2957.80,2957.90,2957.60,2957.90,11
03-09-2026 11:59,2957.90,2958.00,2957.60,2957.90,11
03-09-2026 12:00,2957.80,2957.90,2957.30,2957.50,42
03-09-2026 12:01,2957.60,2957.90,2957.30,2957.30,21
03-09-2026 12:02,2957.40,2957.40,2956.50,2956.60,13
03-09-2026 12:03,2956.60,2956.80,2956.30,2956.40,26
03-09-2026 12:04,2956.30,2956.90,2956.30,2956.70,19
03-09-2026 12:05,2956.80,2957.10,2956.60,2957.10,18
03-09-2026 12:06,2957.20,2957.20,2956.70,2956.70,12
03-09-2026 12:07,2956.80,2957.10,2956.50,2956.60,14
03-09-2026 12:08,2956.70,2956.70,2956.00,2956.20,28
03-09-2026 12:09,2956.20,2956.80,2956.10,2956.60,16
03-09-2026 12:10,2956.70,2956.80,2956.10,2956.30,16
03-09-2026 12:11,2956.30,2956.70,2956.30,2956.60,12
03-09-2026 12:12,2956.60,2956.80,2956.40,2956.60,8
03-09-2026 12:13,2956.60,2956.70,2956.50,2956.60,11
03-09-2026 12:14,2956.60,2956.60,2956.30,2956.30,4
03-09-2026 12:15,2956.20,2956.20,2956.00,2956.20,8
03-09-2026 12:16,2956.30,2956.40,2955.90,2955.90,14
03-09-2026 12:17,2955.70,2956.10,2955.70,2955.90,12
03-09-2026 12:18,2956.00,2956.10,2956.00,2956.00,7
03-09-2026 12:19,2956.00,2956.70,2956.00,2956.70,17
03-09-2026 12:20,2956.60,2956.70,2956.20,2956.50,13
03-09-2026 12:21,2956.40,2956.50,2956.10,2956.30,18
03-09-2026 12:22,2956.20,2956.30,2956.00,2956.30,6
03-09-2026 12:23,2956.10,2956.40,2956.10,2956.10,13
03-09-2026 12:24,2956.00,2956.40,2956.00,2956.20,8
03-09-2026 12:25,2956.10,2956.20,2956.00,2956.10,8
03-09-2026 12:26,2956.20,2956.30,2955.90,2955.90,10
03-09-2026 12:27,2955.90,2956.00,2955.40,2955.50,11
03-09-2026 12:28,2955.50,2955.70,2955.40,2955.70,15
03-09-2026 12:29,2955.70,2956.70,2955.70,2956.50,14
03-09-2026 12:30,2956.20,2957.70,2955.40,2957.70,56
03-09-2026 12:31,2957.60,2957.90,2956.60,2956.90,52
03-09-2026 12:32,2957.00,2957.80,2956.70,2957.80,38
03-09-2026 12:33,2957.70,2957.90,2956.90,2957.20,20
03-09-2026 12:34,2957.10,2957.70,2956.90,2957.70,32
03-09-2026 12:35,2957.80,2958.90,2957.80,2958.40,34
03-09-2026 12:36,2958.30,2958.50,2957.30,2958.00,46
03-09-2026 12:37,2957.90,2957.90,2957.00,2957.10,30
03-09-2026 12:38,2957.30,2957.40,2956.50,2956.60,38
03-09-2026 12:39,2956.60,2957.40,2956.50,2956.70,33
03-09-2026 12:40,2956.70,2956.90,2955.90,2956.80,36
03-09-2026 12:41,2956.80,2957.20,2956.80,2957.00,12
03-09-2026 12:42,2956.80,2956.90,2956.30,2956.30,17
03-09-2026 12:43,2956.40,2957.10,2956.40,2957.10,24
03-09-2026 12:44,2957.10,2957.20,2957.00,2957.10,8
03-09-2026 12:45,2957.00,2957.10,2956.40,2956.90,18
03-09-2026 12:46,2956.90,2957.40,2956.90,2957.10,23
03-09-2026 12:47,2957.10,2957.30,2956.70,2957.00,18
03-09-2026 12:48,2956.90,2957.10,2956.50,2956.90,27
03-09-2026 12:49,2956.90,2957.20,2956.80,2957.00,21
03-09-2026 12:50,2956.80,2957.20,2956.80,2957.00,18
03-09-2026 12:51,2956.90,2957.00,2956.50,2956.70,29
03-09-2026 12:52,2956.60,2956.80,2956.40,2956.60,20
03-09-2026 12:53,2956.70,2956.80,2956.50,2956.70,15
03-09-2026 12:54,2956.70,2956.70,2956.50,2956.60,22
03-09-2026 12:55,2956.70,2956.70,2954.80,2954.90,29
03-09-2026 12:56,2954.80,2955.10,2954.70,2954.90,25
03-09-2026 12:57,2954.80,2955.60,2954.70,2955.60,21
03-09-2026 12:58,2955.50,2956.20,2955.50,2956.20,33
03-09-2026 12:59,2956.00,2956.30,2955.70,2955.90,16
03-09-2026 13:00,2955.80,2956.70,2955.70,2956.10,39
03-09-2026 13:01,2956.10,2956.50,2955.70,2956.40,28
03-09-2026 13:02,2956.50,2957.00,2956.30,2957.00,33
03-09-2026 13:03,2957.10,2957.10,2956.60,2956.70,31
03-09-2026 13:04,2956.70,2957.20,2956.70,2957.10,24
03-09-2026 13:05,2957.00,2957.50,2956.70,2956.70,29
03-09-2026 13:06,2956.80,2957.10,2956.00,2956.10,23
03-09-2026 13:07,2956.10,2956.50,2956.10,2956.30,18
03-09-2026 13:08,2956.50,2957.00,2956.40,2957.00,22
03-09-2026 13:09,2957.10,2957.70,2957.10,2957.70,19
03-09-2026 13:10,2957.50,2958.10,2957.30,2958.10,23
03-09-2026 13:11,2958.00,2958.50,2957.90,2958.50,23
03-09-2026 13:12,2958.60,2958.80,2958.30,2958.40,21
03-09-2026 13:13,2958.30,2959.40,2958.30,2959.10,28
03-09-2026 13:14,2959.10,2959.10,2958.80,2958.80,10
03-09-2026 13:15,2958.60,2958.60,2957.40,2957.40,33
03-09-2026 13:16,2957.50,2957.70,2957.00,2957.30,20
03-09-2026 13:17,2957.20,2957.20,2955.80,2955.90,14
03-09-2026 13:18,2955.90,2956.30,2955.60,2955.70,26
03-09-2026 13:19,2955.60,2955.80,2955.20,2955.20,17
03-09-2026 13:20,2955.40,2955.60,2954.70,2954.80,30
03-09-2026 13:21,2954.60,2954.90,2954.30,2954.80,23
03-09-2026 13:22,2954.80,2956.10,2954.80,2956.10,23
03-09-2026 13:23,2956.00,2956.30,2955.80,2956.00,25
03-09-2026 13:24,2956.10,2956.70,2956.00,2956.60,15
03-09-2026 13:25,2956.50,2956.50,2955.80,2955.90,15
03-09-2026 13:26,2956.10,2956.50,2956.10,2956.30,19
03-09-2026 13:27,2956.40,2957.00,2956.40,2956.80,16
03-09-2026 13:28,2956.60,2957.20,2956.60,2957.10,23
03-09-2026 13:29,2957.00,2957.10,2956.40,2956.40,13
03-09-2026 13:30,2956.60,2958.40,2956.40,2957.80,55
03-09-2026 13:31,2957.70,2958.10,2957.20,2957.30,40
03-09-2026 13:32,2957.20,2957.70,2956.80,2956.80,21
03-09-2026 13:33,2956.80,2961.50,2956.40,2961.40,198
03-09-2026 13:34,2961.30,2961.30,2958.80,2959.30,99
03-09-2026 13:35,2959.40,2962.10,2959.40,2960.60,125
03-09-2026 13:36,2960.50,2961.40,2959.90,2960.80,92
03-09-2026 13:37,2961.00,2962.30,2960.60,2962.00,76
03-09-2026 13:38,2962.10,2962.20,2960.20,2960.60,56
03-09-2026 13:39,2960.50,2960.60,2957.90,2958.00,61
03-09-2026 13:40,2958.10,2958.60,2957.80,2958.50,52
03-09-2026 13:41,2958.50,2958.80,2958.10,2958.30,59
03-09-2026 13:42,2958.20,2958.30,2957.20,2957.30,46
03-09-2026 13:43,2957.40,2957.80,2956.90,2957.00,35
03-09-2026 13:44,2957.00,2958.40,2957.00,2958.00,29
03-09-2026 13:45,2958.00,2958.20,2957.30,2957.80,37
03-09-2026 13:46,2957.70,2957.90,2957.20,2957.50,32
03-09-2026 13:47,2957.50,2958.10,2957.50,2957.70,40
03-09-2026 13:48,2957.70,2957.80,2957.30,2957.50,26
03-09-2026 13:49,2957.60,2958.40,2957.50,2958.30,18
03-09-2026 13:50,2958.10,2959.00,2958.10,2959.00,26
03-09-2026 13:51,2958.90,2959.00,2958.50,2958.80,34
03-09-2026 13:52,2958.80,2958.80,2958.20,2958.40,28
03-09-2026 13:53,2958.40,2958.60,2957.90,2958.10,30
03-09-2026 13:54,2958.30,2959.10,2958.30,2959.10,18
03-09-2026 13:55,2959.00,2959.40,2958.90,2958.90,24
03-09-2026 13:56,2958.80,2959.20,2958.80,2958.90,16
03-09-2026 13:57,2958.70,2959.80,2958.50,2959.60,38
03-09-2026 13:58,2959.60,2959.70,2958.50,2958.60,24
03-09-2026 13:59,2958.50,2958.90,2957.90,2958.50,42
03-09-2026 14:00,2958.40,2958.40,2957.40,2958.00,39
03-09-2026 14:01,2957.80,2958.00,2957.30,2957.30,26
03-09-2026 14:02,2957.40,2957.70,2957.20,2957.70,22
03-09-2026 14:03,2957.70,2958.00,2956.80,2957.40,30
03-09-2026 14:04,2957.50,2958.30,2957.30,2958.00,23
03-09-2026 14:05,2958.10,2958.30,2957.80,2958.10,22
03-09-2026 14:06,2958.20,2958.40,2958.00,2958.10,15
03-09-2026 14:07,2958.00,2958.20,2957.50,2957.70,14
03-09-2026 14:08,2957.80,2957.90,2957.30,2957.40,18
03-09-2026 14:09,2957.30,2957.30,2956.70,2956.70,23
03-09-2026 14:10,2956.60,2957.70,2956.60,2957.50,23
03-09-2026 14:11,2957.50,2958.00,2957.50,2957.90,16
03-09-2026 14:12,2957.80,2957.90,2957.50,2957.60,13
03-09-2026 14:13,2957.60,2958.10,2957.50,2957.60,21
03-09-2026 14:14,2957.60,2957.70,2957.30,2957.30,17
03-09-2026 14:15,2957.40,2957.50,2957.20,2957.40,11
03-09-2026 14:16,2957.40,2957.50,2956.60,2956.80,22
03-09-2026 14:17,2956.70,2957.00,2956.70,2956.80,11
03-09-2026 14:18,2956.70,2956.90,2956.00,2956.00,23
03-09-2026 14:19,2956.00,2956.70,2956.00,2956.60,14
03-09-2026 14:20,2956.70,2956.70,2956.40,2956.40,9
03-09-2026 14:21,2956.30,2956.30,2955.50,2955.70,18
03-09-2026 14:22,2955.60,2955.80,2955.50,2955.70,25
03-09-2026 14:23,2955.70,2955.80,2955.30,2955.70,13
03-09-2026 14:24,2955.70,2955.80,2955.30,2955.30,16
03-09-2026 14:25,2955.30,2955.50,2955.30,2955.30,11
03-09-2026 14:26,2955.30,2955.50,2955.10,2955.20,11
03-09-2026 14:27,2955.20,2955.60,2955.20,2955.50,16
03-09-2026 14:28,2955.40,2955.70,2955.40,2955.60,9
03-09-2026 14:29,2955.60,2955.60,2955.10,2955.20,23
03-09-2026 14:30,2955.30,2955.80,2955.20,2955.50,35
03-09-2026 14:31,2955.60,2955.90,2955.50,2955.80,31
03-09-2026 14:32,2955.80,2956.10,2955.70,2955.70,20
03-09-2026 14:33,2955.60,2955.90,2955.40,2955.80,19
03-09-2026 14:34,2955.90,2956.30,2955.90,2956.20,24
03-09-2026 14:35,2956.30,2956.40,2955.70,2956.00,20
03-09-2026 14:36,2956.00,2956.10,2955.40,2955.90,29
03-09-2026 14:37,2955.80,2956.00,2955.70,2955.90,14
03-09-2026 14:38,2955.80,2956.10,2955.70,2955.80,18
03-09-2026 14:39,2955.90,2955.90,2955.70,2955.80,4
03-09-2026 14:40,2955.90,2956.40,2955.90,2956.40,15
03-09-2026 14:41,2956.30,2956.30,2956.10,2956.30,9
03-09-2026 14:42,2956.20,2956.30,2956.10,2956.10,14
03-09-2026 14:43,2956.00,2956.50,2956.00,2956.50,13
03-09-2026 14:44,2956.50,2956.90,2956.50,2956.80,16
03-09-2026 14:45,2956.90,2956.90,2956.60,2956.60,10
03-09-2026 14:46,2956.50,2956.60,2956.00,2956.50,13
03-09-2026 14:47,2956.60,2956.70,2956.30,2956.70,19
03-09-2026 14:48,2956.60,2956.80,2956.50,2956.60,19
03-09-2026 14:49,2956.50,2956.50,2955.60,2955.80,18
03-09-2026 14:50,2955.90,2956.10,2955.60,2955.60,14
03-09-2026 14:51,2955.70,2955.90,2955.20,2955.20,14
03-09-2026 14:52,2955.10,2955.70,2955.10,2955.50,17
03-09-2026 14:53,2955.40,2956.20,2955.40,2956.20,21
03-09-2026 14:54,2956.10,2956.40,2955.90,2955.90,16
03-09-2026 14:55,2955.80,2955.80,2955.30,2955.50,8
03-09-2026 14:56,2955.50,2955.80,2955.30,2955.60,22
03-09-2026 14:57,2955.70,2955.70,2955.10,2955.20,11
03-09-2026 14:58,2955.30,2955.60,2955.20,2955.30,15
03-09-2026 14:59,2955.20,2955.30,2954.70,2954.70,10
03-09-2026 15:00,2954.80,2955.00,2954.20,2954.20,16
03-09-2026 15:01,2954.30,2954.80,2954.00,2954.20,23
03-09-2026 15:02,2954.10,2954.20,2953.80,2954.10,9
03-09-2026 15:03,2954.20,2954.50,2953.90,2954.50,10
03-09-2026 15:04,2954.60,2954.80,2954.40,2954.60,12
03-09-2026 15:05,2954.50,2954.50,2954.00,2954.40,18
03-09-2026 15:06,2954.50,2954.50,2954.30,2954.40,6
03-09-2026 15:07,2954.50,2954.50,2954.20,2954.50,11
03-09-2026 15:08,2954.60,2954.70,2954.50,2954.60,14
03-09-2026 15:09,2954.70,2954.90,2954.30,2954.40,14
03-09-2026 15:10,2954.50,2954.50,2953.60,2953.80,19
03-09-2026 15:11,2954.00,2954.60,2954.00,2954.50,24
03-09-2026 15:12,2954.50,2954.60,2954.40,2954.60,15
03-09-2026 15:13,2954.50,2954.80,2954.50,2954.50,11
03-09-2026 15:14,2954.60,2954.60,2954.10,2954.30,14
03-09-2026 15:15,2954.30,2954.30,2953.90,2954.10,19
03-09-2026 15:16,2954.20,2954.20,2953.90,2953.90,10
03-09-2026 15:17,2954.00,2954.10,2953.50,2953.60,22
03-09-2026 15:18,2953.70,2954.10,2953.70,2954.00,12
03-09-2026 15:19,2953.80,2954.00,2953.20,2953.70,21
03-09-2026 15:20,2953.70,2954.10,2953.60,2953.80,20
03-09-2026 15:21,2953.70,2954.00,2953.30,2953.90,17
03-09-2026 15:22,2953.70,2953.90,2953.50,2953.60,20
03-09-2026 15:23,2953.50,2953.60,2953.00,2953.20,15
03-09-2026 15:24,2953.30,2953.40,2953.00,2953.00,12
03-09-2026 15:25,2952.90,2952.90,2952.30,2952.70,20
03-09-2026 15:26,2952.80,2952.90,2952.40,2952.50,21
03-09-2026 15:27,2952.60,2953.00,2952.60,2953.00,17
03-09-2026 15:28,2953.10,2953.10,2951.50,2951.80,48
03-09-2026 15:29,2951.90,2952.50,2951.80,2952.10,32
03-09-2026 15:30,2952.20,2953.10,2952.10,2952.70,38
03-09-2026 15:31,2952.70,2953.70,2952.70,2953.70,24
03-09-2026 15:32,2953.80,2953.80,2953.10,2953.50,15
03-09-2026 15:33,2953.60,2953.80,2953.10,2953.60,28
03-09-2026 15:34,2953.70,2954.20,2953.50,2953.80,34
03-09-2026 15:35,2953.70,2954.20,2953.70,2953.70,15
03-09-2026 15:36,2953.70,2954.20,2953.70,2953.90,18
03-09-2026 15:37,2953.80,2954.20,2953.60,2954.10,17
03-09-2026 15:38,2954.00,2954.00,2953.50,2953.90,31
03-09-2026 15:39,2953.80,2953.80,2952.80,2952.90,16
03-09-2026 15:40,2952.70,2953.20,2952.70,2953.20,13
03-09-2026 15:41,2953.10,2953.30,2952.90,2953.00,15
03-09-2026 15:42,2952.90,2953.40,2952.40,2952.50,26
03-09-2026 15:43,2952.60,2952.70,2952.30,2952.50,24
03-09-2026 15:44,2952.40,2952.80,2952.40,2952.80,20
03-09-2026 15:45,2952.70,2953.00,2952.70,2952.80,15
03-09-2026 15:46,2952.90,2953.00,2952.30,2952.30,20
03-09-2026 15:47,2952.40,2953.00,2952.20,2953.00,18
03-09-2026 15:48,2953.10,2953.40,2953.10,2953.30,8
03-09-2026 15:49,2953.10,2953.20,2952.70,2952.90,22
03-09-2026 15:50,2952.80,2952.80,2952.20,2952.30,11
03-09-2026 15:51,2952.20,2952.30,2951.80,2951.90,21
03-09-2026 15:52,2952.10,2952.30,2951.50,2951.60,24
03-09-2026 15:53,2951.70,2951.70,2951.10,2951.10,11
03-09-2026 15:54,2951.10,2951.10,2950.50,2950.50,12
03-09-2026 15:55,2950.50,2950.60,2950.40,2950.60,12
03-09-2026 15:56,2950.60,2950.70,2950.00,2950.50,17
03-09-2026 15:57,2950.60,2951.00,2950.30,2950.80,17
03-09-2026 15:58,2950.90,2951.00,2950.40,2950.40,24
03-09-2026 15:59,2950.30,2950.70,2950.10,2950.70,12
03-09-2026 16:00,2950.50,2950.90,2950.30,2950.70,23
03-09-2026 16:01,2950.70,2951.00,2950.50,2950.90,23
03-09-2026 16:02,2950.70,2951.30,2950.70,2951.10,15
03-09-2026 16:03,2951.10,2951.90,2951.10,2951.50,17
03-09-2026 16:04,2951.40,2951.50,2950.70,2951.00,24
03-09-2026 16:05,2951.00,2951.30,2950.90,2951.00,21
03-09-2026 16:06,2951.00,2951.00,2950.60,2950.70,13
03-09-2026 16:07,2950.70,2950.90,2949.90,2950.60,25
03-09-2026 16:08,2950.70,2950.80,2950.50,2950.70,24
03-09-2026 16:09,2950.80,2951.30,2950.80,2951.00,18
03-09-2026 16:10,2950.90,2951.10,2950.70,2950.80,18
03-09-2026 16:11,2950.80,2951.60,2950.80,2951.40,22
03-09-2026 16:12,2951.30,2951.30,2950.60,2950.70,19
03-09-2026 16:13,2950.70,2951.20,2950.70,2951.20,14
03-09-2026 16:14,2951.20,2951.40,2951.00,2951.30,20
03-09-2026 16:15,2951.10,2951.20,2950.90,2951.20,12
03-09-2026 16:16,2951.00,2951.10,2950.70,2950.70,12
03-09-2026 16:17,2950.80,2951.00,2950.70,2950.90,11
03-09-2026 16:18,2951.00,2951.00,2950.30,2950.40,13
03-09-2026 16:19,2950.50,2950.50,2950.20,2950.40,9
03-09-2026 16:20,2950.30,2951.00,2950.30,2951.00,17
03-09-2026 16:21,2950.90,2951.20,2950.70,2951.10,15
03-09-2026 16:22,2951.20,2951.40,2951.10,2951.40,13
03-09-2026 16:23,2951.20,2951.40,2951.20,2951.30,12
03-09-2026 16:24,2951.20,2951.20,2950.90,2951.10,8
03-09-2026 16:25,2951.20,2951.40,2951.00,2951.10,11
03-09-2026 16:26,2951.00,2951.00,2950.60,2950.70,5
03-09-2026 16:27,2950.60,2950.90,2950.50,2950.60,19
03-09-2026 16:28,2950.70,2951.00,2950.70,2950.90,11
03-09-2026 16:29,2950.90,2952.20,2950.90,2952.20,17
03-09-2026 16:30,2952.10,2952.80,2951.60,2951.70,53
03-09-2026 16:31,2951.70,2951.70,2951.30,2951.70,33
03-09-2026 16:32,2951.50,2951.70,2951.20,2951.20,25
03-09-2026 16:33,2951.40,2952.20,2951.30,2952.00,32
03-09-2026 16:34,2951.90,2952.50,2951.70,2952.40,31
03-09-2026 16:35,2952.20,2953.60,2952.20,2953.60,17
03-09-2026 16:36,2953.60,2953.90,2953.40,2953.40,16
03-09-2026 16:37,2953.50,2953.60,2953.10,2953.20,16
03-09-2026 16:38,2953.10,2956.00,2953.10,2955.00,54
03-09-2026 16:39,2954.90,2955.90,2954.80,2955.50,68
03-09-2026 16:40,2955.50,2955.70,2955.10,2955.40,43
03-09-2026 16:41,2955.40,2955.70,2954.50,2954.60,27
03-09-2026 16:42,2954.70,2955.10,2954.50,2955.00,28
03-09-2026 16:43,2954.90,2955.10,2954.60,2955.00,30
03-09-2026 16:44,2954.90,2955.10,2954.80,2955.00,9
03-09-2026 16:45,2955.00,2955.80,2955.00,2955.40,28
03-09-2026 16:46,2955.40,2955.90,2955.20,2955.70,19
03-09-2026 16:47,2955.50,2955.70,2955.10,2955.20,24
03-09-2026 16:48,2955.10,2957.40,2955.10,2955.60,75
03-09-2026 16:49,2955.80,2955.90,2955.40,2955.70,30
03-09-2026 16:50,2955.70,2955.80,2955.00,2955.00,20
03-09-2026 16:51,2955.00,2955.40,2955.00,2955.20,17
03-09-2026 16:52,2955.30,2955.30,2955.00,2955.30,18
03-09-2026 16:53,2955.40,2955.40,2955.10,2955.30,13
03-09-2026 16:54,2955.30,2956.60,2955.30,2956.60,24
03-09-2026 16:55,2956.70,2956.90,2956.30,2956.60,34
03-09-2026 16:56,2956.70,2957.00,2956.40,2956.40,26
03-09-2026 16:57,2956.40,2956.50,2955.70,2955.70,15
03-09-2026 16:58,2955.60,2955.90,2955.40,2955.90,22
03-09-2026 16:59,2955.80,2956.20,2955.80,2956.10,14
03-09-2026 17:00,2956.00,2956.70,2956.00,2956.10,29
03-09-2026 17:01,2956.10,2956.40,2951.10,2954.10,147
03-09-2026 17:02,2954.10,2955.20,2954.10,2955.00,30
03-09-2026 17:03,2955.00,2955.70,2955.00,2955.70,30
03-09-2026 17:04,2955.70,2956.00,2955.60,2955.90,17
03-09-2026 17:05,2956.00,2956.10,2955.80,2955.80,21
03-09-2026 17:06,2955.90,2956.50,2955.90,2956.30,11
03-09-2026 17:07,2956.30,2956.60,2955.80,2956.20,33
03-09-2026 17:08,2956.30,2956.30,2955.80,2956.00,19
03-09-2026 17:09,2955.90,2956.10,2955.40,2955.40,21
03-09-2026 17:10,2955.40,2955.40,2954.60,2955.40,34
03-09-2026 17:11,2955.30,2955.40,2955.00,2955.40,18
03-09-2026 17:12,2955.50,2955.90,2955.30,2955.80,27
03-09-2026 17:13,2955.80,2956.10,2955.60,2956.00,16
03-09-2026 17:14,2955.90,2956.00,2955.50,2955.70,22
03-09-2026 17:15,2955.70,2955.80,2955.10,2955.80,24
03-09-2026 17:16,2955.90,2956.30,2955.40,2955.90,26
03-09-2026 17:17,2955.80,2956.70,2955.60,2956.50,30
03-09-2026 17:18,2956.30,2956.30,2955.50,2955.90,21
03-09-2026 17:19,2956.00,2956.00,2955.70,2955.80,29
03-09-2026 17:20,2955.90,2956.00,2955.50,2955.90,26
03-09-2026 17:21,2956.00,2956.40,2955.90,2956.20,18
03-09-2026 17:22,2956.10,2956.80,2956.10,2956.80,27
03-09-2026 17:23,2956.70,2956.80,2955.90,2956.00,29
03-09-2026 17:24,2956.00,2956.30,2955.90,2955.90,19
03-09-2026 17:25,2955.70,2956.70,2955.70,2956.40,25
03-09-2026 17:26,2956.60,2956.90,2956.50,2956.80,18
03-09-2026 17:27,2956.70,2957.50,2956.70,2957.50,16
03-09-2026 17:28,2957.60,2958.10,2957.40,2958.10,18
03-09-2026 17:29,2958.10,2958.10,2957.20,2957.40,16
03-09-2026 17:30,2957.50,2958.10,2957.40,2958.10,30
03-09-2026 17:31,2958.00,2958.50,2957.70,2958.30,38
03-09-2026 17:32,2958.40,2958.40,2956.30,2956.90,31
03-09-2026 17:33,2957.00,2957.10,2956.30,2956.40,25
03-09-2026 17:34,2956.20,2957.50,2955.70,2957.50,54
03-09-2026 17:35,2957.40,2957.70,2957.20,2957.70,22
03-09-2026 17:36,2957.60,2957.70,2957.10,2957.60,23
03-09-2026 17:37,2957.60,2957.70,2957.20,2957.50,24
03-09-2026 17:38,2957.50,2957.60,2956.70,2956.90,25
03-09-2026 17:39,2956.80,2957.60,2956.60,2957.60,21
03-09-2026 17:40,2957.70,2959.00,2957.60,2959.00,17
03-09-2026 17:41,2959.20,2959.60,2958.90,2959.00,28
03-09-2026 17:42,2958.90,2959.40,2958.30,2958.40,31
03-09-2026 17:43,2958.50,2958.60,2957.60,2958.50,24
03-09-2026 17:44,2958.50,2959.00,2958.40,2958.80,26
03-09-2026 17:45,2958.90,2959.00,2958.30,2958.90,29
03-09-2026 17:46,2959.00,2959.60,2958.70,2959.20,34
03-09-2026 17:47,2959.20,2959.30,2958.70,2959.00,20
03-09-2026 17:48,2959.10,2959.60,2958.70,2959.20,33
03-09-2026 17:49,2959.10,2959.10,2958.60,2958.60,22
03-09-2026 17:50,2958.70,2958.80,2957.50,2958.00,40
03-09-2026 17:51,2957.90,2958.40,2957.50,2958.40,32
03-09-2026 17:52,2958.30,2958.70,2957.90,2958.10,30
03-09-2026 17:53,2958.10,2958.70,2958.00,2958.50,19
03-09-2026 17:54,2958.60,2959.40,2958.50,2959.10,30
03-09-2026 17:55,2959.10,2959.50,2959.00,2959.50,33
03-09-2026 17:56,2959.60,2960.80,2959.40,2960.80,33
03-09-2026 17:57,2960.70,2961.00,2960.60,2960.60,21
03-09-2026 17:58,2960.70,2960.90,2960.40,2960.50,14
03-09-2026 17:59,2960.50,2960.50,2959.80,2959.80,23
03-09-2026 18:00,2960.00,2972.40,2959.90,2965.90,356
03-09-2026 18:01,2966.00,2969.20,2965.40,2968.60,135
03-09-2026 18:02,2968.40,2969.10,2968.00,2968.40,100
03-09-2026 18:03,2968.40,2968.40,2967.50,2968.00,70
03-09-2026 18:04,2967.80,2969.60,2967.70,2969.00,79
03-09-2026 18:05,2968.90,2969.00,2966.00,2966.30,61
03-09-2026 18:06,2966.40,2966.60,2965.40,2966.30,56
03-09-2026 18:07,2966.50,2967.20,2965.20,2965.80,65
03-09-2026 18:08,2965.90,2967.00,2965.90,2966.70,49
03-09-2026 18:09,2966.80,2967.40,2966.30,2967.20,38
03-09-2026 18:10,2967.10,2968.60,2966.70,2968.50,45
03-09-2026 18:11,2968.40,2968.50,2966.40,2966.80,59
03-09-2026 18:12,2966.70,2968.20,2966.30,2968.20,65
03-09-2026 18:13,2968.00,2968.30,2966.50,2967.60,50
03-09-2026 18:14,2967.70,2967.70,2966.60,2967.20,41
03-09-2026 18:15,2967.30,2967.70,2966.80,2967.20,46
03-09-2026 18:16,2967.00,2968.10,2967.00,2968.10,40
03-09-2026 18:17,2968.10,2968.70,2967.50,2968.20,55
03-09-2026 18:18,2968.40,2970.90,2968.40,2970.70,56
03-09-2026 18:19,2970.80,2970.90,2969.80,2970.10,53
03-09-2026 18:20,2970.10,2971.20,2969.80,2971.10,44
03-09-2026 18:21,2971.00,2971.30,2970.80,2970.90,54
03-09-2026 18:22,2970.90,2972.00,2970.90,2972.00,35
03-09-2026 18:23,2971.90,2974.80,2971.90,2974.20,79
03-09-2026 18:24,2974.20,2975.30,2974.00,2974.60,66
03-09-2026 18:25,2974.70,2976.00,2974.60,2976.00,67
03-09-2026 18:26,2976.10,2976.60,2975.10,2976.40,68
03-09-2026 18:27,2976.50,2981.80,2976.50,2981.50,123
03-09-2026 18:28,2981.50,2983.10,2981.00,2982.80,96
03-09-2026 18:29,2982.90,2983.20,2980.30,2980.30,103
03-09-2026 18:30,2980.30,2980.50,2976.00,2976.70,138
03-09-2026 18:31,2976.80,2977.70,2975.80,2975.90,107
03-09-2026 18:32,2975.80,2976.60,2975.10,2976.60,71
03-09-2026 18:33,2976.50,2976.60,2973.80,2974.70,63
03-09-2026 18:34,2974.70,2975.40,2974.30,2974.90,78
03-09-2026 18:35,2974.90,2975.40,2974.40,2975.00,70
03-09-2026 18:36,2974.90,2975.50,2974.10,2974.10,46
03-09-2026 18:37,2974.20,2975.80,2973.50,2975.10,77
03-09-2026 18:38,2975.20,2975.80,2974.70,2974.90,42
03-09-2026 18:39,2974.80,2975.00,2973.60,2973.90,38
03-09-2026 18:40,2974.00,2975.00,2974.00,2974.30,46
03-09-2026 18:41,2974.20,2975.40,2974.10,2975.30,40
03-09-2026 18:42,2975.10,2975.10,2974.50,2974.70,25
03-09-2026 18:43,2974.90,2975.10,2974.40,2975.00,33
03-09-2026 18:44,2974.90,2976.00,2974.80,2975.80,53
03-09-2026 18:45,2975.90,2976.80,2975.70,2975.90,44
03-09-2026 18:46,2976.00,2976.40,2975.50,2975.90,47
03-09-2026 18:47,2976.00,2976.30,2974.90,2976.20,50
03-09-2026 18:48,2976.10,2976.30,2975.30,2975.40,26
03-09-2026 18:49,2975.40,2976.00,2975.30,2975.90,32
03-09-2026 18:50,2975.80,2976.10,2975.00,2975.30,55
03-09-2026 18:51,2975.40,2976.70,2975.40,2976.40,32
03-09-2026 18:52,2976.50,2977.00,2975.60,2975.90,33
03-09-2026 18:53,2975.80,2976.30,2975.30,2975.40,37
03-09-2026 18:54,2975.30,2975.90,2974.80,2975.10,38
03-09-2026 18:55,2975.00,2975.10,2972.90,2973.60,83
03-09-2026 18:56,2973.60,2974.40,2973.60,2974.00,52
03-09-2026 18:57,2973.90,2974.80,2973.20,2974.80,71
03-09-2026 18:58,2974.70,2976.50,2974.50,2976.50,68
03-09-2026 18:59,2976.30,2978.90,2975.50,2976.60,110
03-09-2026 19:00,2976.80,2980.80,2975.20,2976.70,464
03-09-2026 19:01,2976.80,2980.50,2975.40,2975.60,315
03-09-2026 19:02,2975.40,2975.60,2970.70,2971.90,264
03-09-2026 19:03,2971.70,2974.20,2971.70,2974.00,244
03-09-2026 19:04,2974.10,2974.50,2972.70,2973.50,225
03-09-2026 19:05,2973.40,2978.20,2972.50,2977.50,242
03-09-2026 19:06,2977.30,2977.80,2972.40,2972.80,249
03-09-2026 19:07,2973.00,2974.60,2972.50,2973.00,216
03-09-2026 19:08,2972.80,2973.10,2970.50,2972.00,188
03-09-2026 19:09,2972.00,2972.40,2968.10,2968.10,162
03-09-2026 19:10,2968.20,2968.40,2966.50,2967.90,182
03-09-2026 19:11,2968.10,2968.80,2966.40,2968.80,196
03-09-2026 19:12,2968.90,2970.60,2968.30,2969.00,152
03-09-2026 19:13,2968.90,2969.00,2966.60,2968.40,109
03-09-2026 19:14,2968.50,2969.70,2967.20,2969.50,97
03-09-2026 19:15,2969.40,2970.20,2968.70,2969.50,158
03-09-2026 19:16,2969.70,2971.20,2968.70,2968.80,161
03-09-2026 19:17,2968.90,2971.60,2968.70,2970.50,134
03-09-2026 19:18,2970.70,2971.40,2970.00,2970.20,128
03-09-2026 19:19,2970.30,2970.30,2967.40,2967.90,128
03-09-2026 19:20,2968.10,2969.50,2967.70,2968.90,130
03-09-2026 19:21,2968.80,2969.40,2967.00,2967.60,138
03-09-2026 19:22,2967.50,2969.50,2967.50,2968.80,133
03-09-2026 19:23,2968.80,2969.00,2967.40,2967.90,132
03-09-2026 19:24,2967.80,2967.90,2966.60,2966.90,106
03-09-2026 19:25,2966.80,2967.30,2965.80,2966.40,107
03-09-2026 19:26,2966.60,2967.10,2965.40,2966.40,112
03-09-2026 19:27,2966.50,2968.10,2966.10,2967.30,109
03-09-2026 19:28,2967.30,2967.50,2965.80,2966.30,66
03-09-2026 19:29,2966.10,2967.30,2966.00,2967.20,81
03-09-2026 19:30,2967.00,2967.00,2962.40,2962.50,164
03-09-2026 19:31,2962.40,2962.70,2959.50,2959.70,141
03-09-2026 19:32,2959.50,2960.70,2958.90,2959.70,148
03-09-2026 19:33,2959.60,2960.50,2959.10,2960.50,138
03-09-2026 19:34,2960.50,2960.50,2958.90,2960.00,112
03-09-2026 19:35,2960.00,2962.10,2959.80,2961.10,151
03-09-2026 19:36,2961.00,2961.00,2958.00,2958.70,113
03-09-2026 19:37,2958.80,2959.80,2957.60,2957.80,121
03-09-2026 19:38,2957.60,2958.30,2957.20,2957.90,116
03-09-2026 19:39,2958.00,2959.00,2957.30,2958.20,108
03-09-2026 19:40,2958.10,2958.10,2955.80,2955.90,111
03-09-2026 19:41,2955.80,2956.70,2955.60,2956.70,86
03-09-2026 19:42,2956.80,2957.70,2956.10,2957.00,120
03-09-2026 19:43,2957.00,2958.70,2956.50,2957.50,105
03-09-2026 19:44,2957.60,2959.30,2956.30,2958.90,111
03-09-2026 19:45,2958.80,2961.90,2958.80,2961.00,117
03-09-2026 19:46,2960.80,2961.30,2959.50,2959.80,126
03-09-2026 19:47,2959.70,2961.10,2959.60,2960.70,104
03-09-2026 19:48,2960.70,2960.80,2959.50,2960.20,104
03-09-2026 19:49,2960.10,2962.50,2960.10,2961.80,86
03-09-2026 19:50,2961.90,2962.10,2960.70,2961.30,100
03-09-2026 19:51,2961.20,2961.50,2958.50,2958.80,87
03-09-2026 19:52,2958.90,2959.70,2957.00,2957.30,92
03-09-2026 19:53,2957.20,2958.10,2956.90,2957.20,84
03-09-2026 19:54,2957.20,2957.30,2956.10,2956.60,80
03-09-2026 19:55,2956.60,2957.80,2955.70,2957.30,90
03-09-2026 19:56,2957.30,2958.00,2956.50,2956.80,86
03-09-2026 19:57,2956.90,2957.50,2956.40,2957.10,84
03-09-2026 19:58,2957.00,2957.10,2955.00,2955.20,83
03-09-2026 19:59,2955.20,2956.10,2955.20,2955.60,74
03-09-2026 20:00,2955.80,2957.60,2955.30,2957.30,105
03-09-2026 20:01,2957.30,2957.30,2954.90,2955.40,86
03-09-2026 20:02,2955.30,2955.30,2953.70,2954.90,81
03-09-2026 20:03,2955.00,2955.60,2953.70,2953.80,93
03-09-2026 20:04,2953.90,2954.00,2953.00,2953.50,77
03-09-2026 20:05,2953.60,2955.60,2953.60,2955.30,81
03-09-2026 20:06,2955.40,2955.60,2954.20,2955.30,89
03-09-2026 20:07,2955.10,2956.80,2954.80,2956.60,77
03-09-2026 20:08,2956.70,2957.50,2955.80,2956.70,92
03-09-2026 20:09,2956.80,2958.00,2956.40,2957.40,92
03-09-2026 20:10,2957.40,2958.10,2956.60,2956.70,96
03-09-2026 20:11,2956.70,2958.00,2956.40,2957.90,90
03-09-2026 20:12,2957.70,2958.50,2957.30,2958.00,97
03-09-2026 20:13,2958.10,2958.30,2956.80,2957.60,84
03-09-2026 20:14,2957.50,2958.00,2956.80,2957.80,65
03-09-2026 20:15,2957.70,2958.50,2957.10,2958.30,96
03-09-2026 20:16,2958.20,2958.80,2957.60,2958.80,82
03-09-2026 20:17,2958.60,2961.40,2958.50,2961.30,70
03-09-2026 20:18,2961.40,2961.60,2960.30,2961.30,78
03-09-2026 20:19,2961.40,2961.40,2959.80,2959.80,80
03-09-2026 20:20,2959.90,2960.80,2959.30,2960.00,92
03-09-2026 20:21,2959.90,2960.10,2958.50,2959.60,94
03-09-2026 20:22,2959.50,2959.80,2958.60,2959.80,85
03-09-2026 20:23,2959.70,2960.70,2959.60,2960.10,74
03-09-2026 20:24,2959.90,2961.70,2959.60,2961.40,89
03-09-2026 20:25,2961.40,2962.00,2960.40,2960.60,72
03-09-2026 20:26,2960.70,2961.20,2955.70,2960.90,183
03-09-2026 20:27,2961.00,2961.20,2959.30,2961.10,96
03-09-2026 20:28,2961.20,2961.50,2960.20,2960.70,69
03-09-2026 20:29,2960.60,2962.20,2960.60,2962.10,76
03-09-2026 20:30,2962.10,2963.60,2962.10,2962.70,104
03-09-2026 20:31,2962.70,2964.50,2962.70,2963.70,87
03-09-2026 20:32,2963.70,2966.40,2963.50,2966.30,76
03-09-2026 20:33,2966.40,2967.00,2965.70,2966.60,90
03-09-2026 20:34,2966.70,2968.30,2966.00,2968.20,68
03-09-2026 20:35,2968.30,2968.70,2967.60,2968.30,83
03-09-2026 20:36,2968.40,2969.00,2966.40,2966.60,80
03-09-2026 20:37,2966.70,2968.00,2966.30,2967.80,91
03-09-2026 20:38,2968.00,2968.10,2966.30,2967.20,80
03-09-2026 20:39,2967.30,2967.70,2965.30,2965.30,76
03-09-2026 20:40,2965.40,2966.00,2965.20,2965.20,80
03-09-2026 20:41,2965.10,2966.30,2964.30,2965.50,82
03-09-2026 20:42,2965.30,2965.90,2964.50,2964.60,74
03-09-2026 20:43,2964.70,2966.00,2964.60,2965.50,74
03-09-2026 20:44,2965.70,2965.90,2964.90,2965.80,64
03-09-2026 20:45,2965.90,2967.20,2965.80,2966.60,90
03-09-2026 20:46,2966.40,2967.20,2965.60,2967.20,65
03-09-2026 20:47,2967.00,2968.10,2966.70,2967.90,70
03-09-2026 20:48,2967.80,2967.90,2966.50,2967.80,79
03-09-2026 20:49,2967.90,2968.20,2967.30,2968.20,63
03-09-2026 20:50,2968.20,2968.60,2966.80,2967.00,72
03-09-2026 20:51,2967.00,2967.40,2966.20,2967.20,67
03-09-2026 20:52,2967.40,2969.50,2967.30,2969.10,57
03-09-2026 20:53,2969.20,2969.20,2968.70,2969.20,44
03-09-2026 20:54,2969.20,2970.00,2969.10,2969.20,53
03-09-2026 20:55,2969.20,2969.70,2969.20,2969.70,52
03-09-2026 20:56,2969.60,2969.60,2968.90,2969.60,37
03-09-2026 20:57,2969.50,2970.10,2969.20,2970.10,69
03-09-2026 20:58,2970.10,2971.30,2970.10,2970.90,49
03-09-2026 20:59,2970.80,2972.70,2970.80,2972.30,56
03-09-2026 21:00,2972.30,2973.10,2971.60,2973.10,77
03-09-2026 21:01,2973.10,2973.20,2971.70,2971.70,77
03-09-2026 21:02,2971.60,2972.30,2971.20,2971.40,66
03-09-2026 21:03,2971.60,2971.60,2969.10,2969.50,65
03-09-2026 21:04,2969.50,2970.50,2969.40,2970.30,56
03-09-2026 21:05,2970.20,2971.10,2969.90,2969.90,71
03-09-2026 21:06,2969.80,2969.80,2968.10,2968.30,63
03-09-2026 21:07,2968.40,2969.40,2968.40,2968.70,51
03-09-2026 21:08,2968.70,2969.00,2968.30,2968.60,60
03-09-2026 21:09,2968.50,2969.30,2968.20,2968.30,61
03-09-2026 21:10,2968.50,2969.40,2968.40,2968.70,44
03-09-2026 21:11,2968.60,2969.00,2968.00,2969.00,51
03-09-2026 21:12,2969.00,2970.00,2968.90,2969.70,52
03-09-2026 21:13,2969.50,2971.00,2969.50,2970.80,34
03-09-2026 21:14,2970.90,2970.90,2970.00,2970.10,50
03-09-2026 21:15,2970.20,2970.50,2969.50,2970.40,59
03-09-2026 21:16,2970.50,2970.70,2970.10,2970.60,49
03-09-2026 21:17,2970.70,2970.70,2969.30,2969.90,47
03-09-2026 21:18,2969.80,2970.10,2969.30,2969.60,53
03-09-2026 21:19,2969.70,2969.70,2969.00,2969.50,42
03-09-2026 21:20,2969.40,2970.10,2969.40,2969.70,47
03-09-2026 21:21,2969.60,2970.60,2969.50,2970.30,72
03-09-2026 21:22,2970.30,2971.70,2970.30,2971.60,39
03-09-2026 21:23,2971.50,2971.80,2971.00,2971.60,49
03-09-2026 21:24,2971.50,2971.80,2970.90,2971.30,47
03-09-2026 21:25,2971.20,2971.30,2970.80,2971.00,43
03-09-2026 21:26,2970.90,2971.00,2969.90,2970.00,52
03-09-2026 21:27,2969.90,2970.70,2969.90,2970.30,37
03-09-2026 21:28,2970.40,2971.40,2970.40,2971.20,30
03-09-2026 21:29,2971.20,2971.80,2970.60,2971.80,52
03-09-2026 21:30,2971.60,2971.60,2970.10,2970.20,40
03-09-2026 21:31,2970.20,2970.20,2968.60,2968.80,49
03-09-2026 21:32,2968.90,2969.60,2968.90,2969.10,51
03-09-2026 21:33,2969.20,2969.40,2968.50,2968.90,50
03-09-2026 21:34,2969.00,2969.00,2967.70,2967.70,45
03-09-2026 21:35,2967.60,2968.30,2967.60,2968.20,44
03-09-2026 21:36,2968.30,2968.60,2967.80,2968.10,46
03-09-2026 21:37,2968.00,2968.30,2967.60,2968.00,49
03-09-2026 21:38,2968.10,2968.40,2967.80,2968.30,36
03-09-2026 21:39,2968.30,2968.80,2968.00,2968.00,44
03-09-2026 21:40,2967.90,2968.30,2967.20,2967.40,47
03-09-2026 21:41,2967.30,2967.50,2966.90,2967.40,40
03-09-2026 21:42,2967.40,2967.50,2966.80,2966.80,40
03-09-2026 21:43,2966.90,2967.80,2966.90,2967.40,53
03-09-2026 21:44,2967.50,2969.50,2967.50,2969.40,40
03-09-2026 21:45,2969.30,2969.50,2968.80,2969.20,45
03-09-2026 21:46,2969.10,2969.50,2968.80,2969.50,44
03-09-2026 21:47,2969.40,2969.40,2968.50,2969.10,40
03-09-2026 21:48,2969.10,2969.60,2968.90,2969.20,33
03-09-2026 21:49,2969.10,2969.70,2968.90,2969.10,48
03-09-2026 21:50,2969.10,2969.20,2968.50,2968.80,41
03-09-2026 21:51,2969.00,2969.80,2968.80,2969.70,37
03-09-2026 21:52,2969.70,2970.00,2968.80,2968.80,34
03-09-2026 21:53,2968.90,2969.00,2968.30,2968.70,26
03-09-2026 21:54,2968.60,2969.50,2968.40,2969.40,44
03-09-2026 21:55,2969.50,2969.60,2968.10,2968.10,47
03-09-2026 21:56,2968.10,2968.60,2967.90,2968.40,39
03-09-2026 21:57,2968.40,2969.10,2968.20,2968.90,41
03-09-2026 21:58,2968.90,2969.10,2968.60,2968.70,35
03-09-2026 21:59,2968.80,2969.40,2968.70,2969.40,31
03-09-2026 22:00,2969.50,2969.80,2969.00,2969.40,36
03-09-2026 22:01,2969.60,2969.70,2969.20,2969.30,26
03-09-2026 22:02,2969.20,2969.30,2968.30,2968.40,36
03-09-2026 22:03,2968.40,2969.80,2968.30,2969.70,38
03-09-2026 22:04,2969.80,2969.80,2969.00,2969.20,38
03-09-2026 22:05,2969.30,2969.40,2968.50,2968.80,29
03-09-2026 22:06,2968.80,2969.40,2968.80,2969.20,28
03-09-2026 22:07,2968.90,2969.50,2968.80,2969.50,33
03-09-2026 22:08,2969.40,2971.00,2969.40,2970.90,39
03-09-2026 22:09,2971.00,2971.40,2970.90,2971.30,32
03-09-2026 22:10,2971.20,2971.50,2970.80,2971.30,40
03-09-2026 22:11,2971.30,2971.40,2970.60,2970.80,44
03-09-2026 22:12,2970.80,2970.90,2970.40,2970.90,31
03-09-2026 22:13,2970.90,2971.20,2970.40,2970.50,29
03-09-2026 22:14,2970.40,2970.50,2969.90,2970.00,28
03-09-2026 22:15,2970.20,2970.20,2969.70,2970.20,35
03-09-2026 22:16,2970.20,2970.30,2969.40,2969.90,44
03-09-2026 22:17,2970.00,2970.20,2969.70,2969.80,27
03-09-2026 22:18,2969.80,2969.90,2969.30,2969.40,26
03-09-2026 22:19,2969.50,2970.00,2969.30,2969.70,42
03-09-2026 22:20,2969.70,2969.80,2968.90,2969.10,38
03-09-2026 22:21,2969.20,2969.20,2968.80,2969.10,41
03-09-2026 22:22,2969.00,2969.60,2968.90,2969.40,30
03-09-2026 22:23,2969.40,2969.40,2968.50,2968.50,32
03-09-2026 22:24,2968.60,2969.20,2968.50,2968.90,34
03-09-2026 22:25,2968.80,2969.40,2968.80,2969.30,27
03-09-2026 22:26,2969.20,2969.40,2969.00,2969.00,29
03-09-2026 22:27,2969.10,2969.60,2969.10,2969.50,27
03-09-2026 22:28,2969.40,2969.40,2968.50,2969.00,36
03-09-2026 22:29,2969.10,2969.40,2968.50,2968.50,28
03-09-2026 22:30,2968.50,2968.60,2967.70,2967.80,43
03-09-2026 22:31,2967.70,2968.20,2967.70,2968.10,38
03-09-2026 22:32,2968.10,2968.20,2967.20,2967.30,41
03-09-2026 22:33,2967.30,2967.90,2967.30,2967.40,28
03-09-2026 22:34,2967.40,2968.30,2967.40,2968.30,28
03-09-2026 22:35,2968.20,2969.00,2968.10,2968.60,33
03-09-2026 22:36,2968.70,2968.80,2967.40,2967.40,27
03-09-2026 22:37,2967.60,2967.60,2967.20,2967.30,15
03-09-2026 22:38,2967.20,2967.70,2967.20,2967.20,25
03-09-2026 22:39,2967.30,2967.30,2966.90,2966.90,18
03-09-2026 22:40,2967.00,2967.60,2966.90,2967.40,35
03-09-2026 22:41,2967.40,2967.40,2966.50,2967.00,37
03-09-2026 22:42,2967.10,2967.30,2966.90,2967.30,28
03-09-2026 22:43,2967.20,2967.40,2966.90,2967.20,23
03-09-2026 22:44,2967.10,2967.70,2967.10,2967.70,32
03-09-2026 22:45,2967.80,2968.20,2967.70,2967.80,34
03-09-2026 22:46,2967.80,2967.90,2967.10,2967.30,34
03-09-2026 22:47,2967.40,2968.40,2967.30,2968.30,39
03-09-2026 22:48,2968.20,2968.20,2967.60,2967.90,32
03-09-2026 22:49,2968.00,2968.30,2967.90,2967.90,28
03-09-2026 22:50,2968.00,2968.40,2967.60,2968.40,38
03-09-2026 22:51,2968.30,2968.70,2968.20,2968.50,36
03-09-2026 22:52,2968.50,2968.70,2968.20,2968.60,32
03-09-2026 22:53,2968.50,2968.70,2968.30,2968.70,33
03-09-2026 22:54,2968.60,2969.10,2968.50,2969.10,26
03-09-2026 22:55,2969.10,2969.70,2969.10,2969.40,34
03-09-2026 22:56,2969.50,2969.70,2969.10,2969.50,32
03-09-2026 22:57,2969.50,2969.90,2969.40,2969.70,29
03-09-2026 22:58,2969.70,2970.20,2969.70,2970.20,33
03-09-2026 22:59,2970.20,2970.80,2970.00,2970.80,31
03-09-2026 23:00,2970.80,2971.30,2970.80,2971.30,26
03-09-2026 23:01,2971.30,2971.70,2971.00,2971.60,29
03-09-2026 23:02,2971.50,2971.80,2971.40,2971.70,24
03-09-2026 23:03,2971.80,2972.00,2971.60,2971.70,23
03-09-2026 23:04,2971.80,2972.30,2971.80,2971.80,20
03-09-2026 23:05,2971.90,2972.40,2971.90,2971.90,25
03-09-2026 23:06,2972.00,2972.30,2971.60,2971.70,42
03-09-2026 23:07,2971.60,2972.10,2971.10,2971.10,38
03-09-2026 23:08,2971.20,2972.00,2971.10,2971.70,22
03-09-2026 23:09,2971.60,2972.40,2971.60,2972.30,19
03-09-2026 23:10,2972.40,2972.50,2971.50,2971.60,27
03-09-2026 23:11,2971.70,2972.30,2971.60,2971.90,38
03-09-2026 23:12,2972.00,2972.10,2971.30,2971.40,29
03-09-2026 23:13,2971.50,2971.70,2971.00,2971.70,22
03-09-2026 23:14,2971.70,2971.80,2971.10,2971.70,20
03-09-2026 23:15,2971.80,2972.00,2971.40,2972.00,27
03-09-2026 23:16,2972.00,2972.40,2971.70,2972.30,35
03-09-2026 23:17,2972.40,2972.50,2971.90,2971.90,22
03-09-2026 23:18,2971.90,2972.10,2971.60,2971.80,29
03-09-2026 23:19,2971.70,2971.80,2970.80,2971.20,22
03-09-2026 23:20,2971.20,2971.20,2970.60,2970.80,33
03-09-2026 23:21,2970.90,2971.10,2970.70,2970.80,31
03-09-2026 23:22,2970.90,2971.00,2970.50,2970.80,27
03-09-2026 23:23,2970.90,2971.10,2970.80,2971.00,29
03-09-2026 23:24,2971.10,2971.60,2971.10,2971.50,25
03-09-2026 23:25,2971.60,2971.60,2971.00,2971.30,23
03-09-2026 23:26,2971.20,2971.30,2970.70,2970.90,37
03-09-2026 23:27,2971.00,2971.10,2970.70,2970.70,26
03-09-2026 23:28,2970.80,2971.00,2970.30,2970.40,31
03-09-2026 23:29,2970.40,2970.80,2970.30,2970.70,22
03-09-2026 23:30,2970.90,2971.90,2970.90,2971.70,45
03-09-2026 23:31,2971.70,2972.10,2971.60,2971.70,42
03-09-2026 23:32,2971.80,2971.90,2971.00,2971.10,25
03-09-2026 23:33,2971.30,2972.00,2971.20,2971.90,32
03-09-2026 23:34,2971.80,2971.80,2970.90,2970.90,33
03-09-2026 23:35,2970.80,2971.30,2970.30,2970.50,28
03-09-2026 23:36,2970.40,2970.70,2970.30,2970.50,28
03-09-2026 23:37,2970.50,2970.70,2969.50,2969.70,30
03-09-2026 23:38,2969.60,2969.80,2969.20,2969.80,28
03-09-2026 23:39,2969.70,2970.80,2969.10,2970.50,51
03-09-2026 23:40,2970.30,2970.70,2969.40,2969.50,39
03-09-2026 23:41,2969.50,2970.00,2969.30,2970.00,25
03-09-2026 23:42,2970.00,2970.50,2970.00,2970.20,35
03-09-2026 23:43,2970.10,2970.40,2969.60,2970.40,40
03-09-2026 23:44,2970.30,2970.50,2970.10,2970.30,26
03-09-2026 23:45,2970.30,2971.60,2970.30,2971.60,28
03-09-2026 23:46,2971.50,2971.50,2970.40,2970.90,29
03-09-2026 23:47,2970.80,2971.10,2970.60,2971.00,30
03-09-2026 23:48,2970.90,2971.00,2970.50,2970.70,33
03-09-2026 23:49,2970.80,2970.90,2969.80,2970.00,27
03-09-2026 23:50,2970.00,2970.20,2969.60,2969.60,34
03-09-2026 23:51,2969.50,2969.80,2969.30,2969.30,26
03-09-2026 23:52,2969.50,2969.80,2969.30,2969.40,29
03-09-2026 23:53,2969.50,2969.50,2969.20,2969.20,20
03-09-2026 23:54,2969.40,2969.80,2969.30,2969.80,25
03-09-2026 23:55,2969.80,2969.80,2969.40,2969.50,23
03-09-2026 23:56,2969.50,2969.50,2968.70,2968.70,33
03-09-2026 23:57,2968.70,2969.30,2968.50,2969.30,21
03-09-2026 23:58,2969.30,2969.30,2969.00,2969.20,31
03-09-2026 23:59,2969.20,2969.40,2968.90,2968.90,19
04-09-2026 00:00,2969.00,2969.50,2968.80,2969.50,20
04-09-2026 00:01,2969.40,2969.40,2968.50,2968.80,36
04-09-2026 00:02,2968.80,2968.80,2968.40,2968.50,24
04-09-2026 00:03,2968.50,2969.00,2968.50,2969.00,24
04-09-2026 00:04,2968.90,2969.20,2968.70,2969.10,25
04-09-2026 00:05,2969.10,2969.50,2968.70,2968.90,25
04-09-2026 00:06,2968.90,2968.90,2968.60,2968.70,17
04-09-2026 00:07,2968.80,2968.90,2968.50,2968.50,18
04-09-2026 00:08,2968.40,2968.70,2968.30,2968.60,17
04-09-2026 00:09,2968.60,2968.90,2968.40,2968.50,24
04-09-2026 00:10,2968.50,2968.50,2968.10,2968.20,22
04-09-2026 00:11,2968.30,2968.50,2967.60,2967.60,21
04-09-2026 00:12,2967.50,2967.60,2967.10,2967.30,26
04-09-2026 00:13,2967.30,2967.70,2967.20,2967.60,21
04-09-2026 00:14,2967.50,2967.80,2967.40,2967.70,21
04-09-2026 00:15,2967.70,2968.20,2967.70,2968.00,29
04-09-2026 00:16,2968.00,2968.40,2967.90,2968.30,22
04-09-2026 00:17,2968.40,2968.60,2968.00,2968.50,22
04-09-2026 00:18,2968.40,2968.50,2968.10,2968.10,14
04-09-2026 00:19,2968.10,2968.40,2968.00,2968.10,22
04-09-2026 00:20,2968.10,2968.30,2967.90,2968.20,20
04-09-2026 00:21,2968.30,2968.50,2968.00,2968.30,21
04-09-2026 00:22,2968.40,2968.40,2967.80,2968.10,25
04-09-2026 00:23,2968.20,2968.80,2968.20,2968.70,23
04-09-2026 00:24,2968.80,2968.90,2968.50,2968.60,21
04-09-2026 00:25,2968.70,2968.90,2968.50,2968.70,14
04-09-2026 00:26,2968.70,2968.90,2967.90,2967.90,18
04-09-2026 00:27,2968.00,2968.20,2967.80,2968.10,18
04-09-2026 00:28,2968.00,2968.40,2968.00,2968.30,21
04-09-2026 00:29,2968.40,2968.40,2968.00,2968.10,12
04-09-2026 00:30,2968.00,2968.20,2967.30,2967.60,23
04-09-2026 00:31,2967.40,2968.50,2967.40,2968.40,29
04-09-2026 00:32,2968.50,2968.50,2968.00,2968.30,23
04-09-2026 00:33,2968.30,2968.60,2968.30,2968.60,20
04-09-2026 00:34,2968.60,2969.10,2968.60,2968.90,29
04-09-2026 00:35,2968.80,2968.90,2968.40,2968.40,25
04-09-2026 00:36,2968.50,2968.50,2967.50,2967.80,27
04-09-2026 00:37,2967.90,2968.50,2967.90,2968.10,23
04-09-2026 00:38,2968.20,2968.50,2968.10,2968.30,21
04-09-2026 00:39,2968.30,2968.90,2968.20,2968.90,23
04-09-2026 00:40,2968.80,2969.30,2968.80,2969.20,22
04-09-2026 00:41,2969.10,2969.10,2968.50,2968.60,31
04-09-2026 00:42,2968.70,2969.20,2968.60,2968.70,19
04-09-2026 00:43,2968.80,2968.80,2967.80,2967.80,23
04-09-2026 00:44,2968.00,2968.20,2967.70,2967.90,27
04-09-2026 00:45,2967.90,2968.10,2967.50,2967.80,39
04-09-2026 00:46,2967.90,2968.10,2967.40,2967.40,34
04-09-2026 00:47,2967.40,2967.50,2967.00,2967.20,28
04-09-2026 00:48,2967.10,2967.30,2966.70,2967.20,25
04-09-2026 00:49,2967.10,2967.50,2967.00,2967.40,28
04-09-2026 00:50,2967.30,2967.30,2966.90,2967.20,23
04-09-2026 00:51,2967.30,2967.60,2967.10,2967.50,29
04-09-2026 00:52,2967.50,2967.60,2967.30,2967.40,26
04-09-2026 00:53,2967.50,2967.70,2967.00,2967.10,32
04-09-2026 00:54,2967.20,2967.20,2966.50,2966.60,28
04-09-2026 00:55,2966.60,2966.70,2966.30,2966.60,31
04-09-2026 00:56,2966.70,2967.30,2966.30,2967.20,24
04-09-2026 00:57,2967.30,2967.80,2967.00,2967.80,27
04-09-2026 00:58,2967.70,2968.50,2967.70,2968.00,29
04-09-2026 00:59,2968.10,2968.40,2968.00,2968.40,26
04-09-2026 01:00,2968.30,2969.40,2968.30,2968.80,44
04-09-2026 01:01,2968.80,2968.90,2968.50,2968.50,35
04-09-2026 01:02,2968.50,2968.60,2968.20,2968.50,30
04-09-2026 01:03,2968.50,2968.60,2968.30,2968.50,23
04-09-2026 01:04,2968.60,2968.80,2968.20,2968.20,29
04-09-2026 01:05,2968.20,2968.70,2968.20,2968.50,35
04-09-2026 01:06,2968.60,2968.80,2968.30,2968.70,29
04-09-2026 01:07,2968.80,2970.00,2968.80,2970.00,32
04-09-2026 01:08,2970.00,2970.20,2969.80,2969.90,26
04-09-2026 01:09,2969.80,2969.90,2969.30,2969.40,27
04-09-2026 01:10,2969.50,2969.50,2968.70,2968.80,44
04-09-2026 01:11,2968.90,2969.00,2968.60,2968.70,30
04-09-2026 01:12,2968.80,2968.90,2968.40,2968.80,23
04-09-2026 01:13,2968.70,2968.70,2968.40,2968.40,20
04-09-2026 01:14,2968.50,2968.80,2968.30,2968.50,22
04-09-2026 01:15,2968.40,2969.50,2968.40,2969.30,37
04-09-2026 01:16,2969.40,2969.60,2968.90,2969.00,28
04-09-2026 01:17,2968.90,2969.10,2968.50,2969.10,22
04-09-2026 01:18,2968.90,2969.50,2968.70,2969.50,27
04-09-2026 01:19,2969.60,2970.20,2969.60,2969.90,29
04-09-2026 01:20,2969.80,2970.70,2969.40,2970.30,72
04-09-2026 01:21,2970.20,2970.90,2970.10,2970.90,39
04-09-2026 01:22,2971.00,2971.80,2970.90,2971.20,30
04-09-2026 01:23,2971.30,2971.70,2971.10,2971.30,37
04-09-2026 01:24,2971.50,2972.00,2971.10,2971.60,62
04-09-2026 01:25,2971.90,2972.50,2971.70,2972.00,58
04-09-2026 01:26,2972.00,2972.20,2969.60,2969.70,74
04-09-2026 01:27,2969.90,2970.10,2969.00,2969.50,71
04-09-2026 01:28,2969.40,2969.40,2968.20,2968.70,81
04-09-2026 01:29,2968.70,2971.20,2968.20,2970.60,100
04-09-2026 01:30,2970.40,2971.60,2969.40,2969.60,86
04-09-2026 01:31,2969.60,2969.90,2969.40,2969.60,26
04-09-2026 01:32,2969.70,2970.30,2969.70,2969.70,24
04-09-2026 01:33,2969.70,2969.80,2969.30,2969.70,21
04-09-2026 01:34,2969.80,2970.00,2969.50,2969.60,28
04-09-2026 01:35,2969.60,2969.70,2969.30,2969.40,21
04-09-2026 01:36,2969.50,2969.90,2969.50,2969.90,10
04-09-2026 01:37,2970.00,2970.40,2970.00,2970.10,13
04-09-2026 01:38,2970.20,2970.40,2970.00,2970.30,25
04-09-2026 01:39,2970.40,2970.50,2970.00,2970.00,16
04-09-2026 01:40,2969.90,2970.00,2969.80,2969.80,14
04-09-2026 01:41,2969.80,2969.80,2969.60,2969.70,10
04-09-2026 01:42,2969.60,2969.80,2969.60,2969.80,11
04-09-2026 01:43,2969.80,2969.90,2969.40,2969.70,13
04-09-2026 01:44,2969.60,2969.70,2969.50,2969.70,11
04-09-2026 01:45,2969.60,2969.60,2969.40,2969.50,8
04-09-2026 01:46,2969.50,2969.50,2969.20,2969.20,10
04-09-2026 01:47,2969.30,2969.50,2969.30,2969.40,9
04-09-2026 01:48,2969.40,2969.40,2969.30,2969.40,7
04-09-2026 01:49,2969.20,2969.40,2969.00,2969.00,16
04-09-2026 01:50,2969.00,2969.00,2968.80,2968.90,8
04-09-2026 01:51,2968.80,2969.40,2968.80,2969.40,11
04-09-2026 01:52,2969.30,2969.40,2969.20,2969.40,6
04-09-2026 01:53,2969.30,2969.50,2969.30,2969.50,13
04-09-2026 01:54,2969.40,2969.50,2969.10,2969.20,9
04-09-2026 01:55,2969.30,2969.50,2969.20,2969.40,6
04-09-2026 01:56,2969.40,2969.60,2969.30,2969.60,5
04-09-2026 01:57,2969.60,2969.60,2969.40,2969.40,7
04-09-2026 01:59,2969.30,2969.40,2969.20,2969.20,8
04-09-2026 02:00,2969.20,2969.20,2969.00,2969.10,6
04-09-2026 02:01,2969.20,2969.30,2969.20,2969.30,4
04-09-2026 02:02,2969.20,2969.30,2969.20,2969.20,3
04-09-2026 02:03,2969.20,2969.40,2969.20,2969.30,5
04-09-2026 02:04,2969.30,2969.30,2969.20,2969.30,3
04-09-2026 02:05,2969.20,2969.30,2969.20,2969.30,2
04-09-2026 02:06,2969.30,2969.40,2969.30,2969.30,5
04-09-2026 02:07,2969.30,2969.40,2969.20,2969.40,8
04-09-2026 02:08,2969.30,2969.30,2969.20,2969.20,2
04-09-2026 02:09,2969.20,2969.20,2969.10,2969.10,2
04-09-2026 02:10,2969.10,2969.20,2969.00,2969.20,5
04-09-2026 02:11,2969.20,2969.20,2969.20,2969.20,1
04-09-2026 02:12,2969.20,2969.20,2968.90,2968.90,10
04-09-2026 02:13,2969.00,2969.00,2968.80,2968.80,3
04-09-2026 02:14,2968.70,2968.70,2968.30,2968.40,10
04-09-2026 02:15,2968.30,2968.40,2968.30,2968.40,4
04-09-2026 02:16,2968.50,2968.50,2968.20,2968.20,6
04-09-2026 02:17,2968.20,2968.70,2968.20,2968.50,13
04-09-2026 02:18,2968.50,2968.50,2968.40,2968.50,3
04-09-2026 02:19,2968.50,2968.50,2968.10,2968.20,12
04-09-2026 02:20,2968.30,2968.30,2967.90,2967.90,5
04-09-2026 02:21,2967.90,2968.20,2967.90,2968.20,4
04-09-2026 02:22,2968.30,2968.30,2967.60,2967.60,15
04-09-2026 02:23,2967.60,2967.80,2967.60,2967.70,8
04-09-2026 02:24,2967.70,2968.00,2967.60,2968.00,8
04-09-2026 02:25,2968.10,2968.10,2967.80,2967.80,11
04-09-2026 02:26,2967.90,2968.40,2967.90,2968.40,10
04-09-2026 02:27,2968.30,2968.30,2968.10,2968.30,9
04-09-2026 02:28,2968.30,2968.40,2968.20,2968.20,6
04-09-2026 03:30,2968.60,2968.80,2967.80,2968.10,20
04-09-2026 03:31,2968.30,2968.50,2967.80,2968.40,18
04-09-2026 03:32,2968.30,2968.50,2968.10,2968.10,8
04-09-2026 03:33,2968.30,2968.40,2968.10,2968.20,9
04-09-2026 03:34,2968.30,2968.30,2968.20,2968.20,4
04-09-2026 03:35,2968.10,2968.20,2968.10,2968.20,4
04-09-2026 03:36,2968.10,2968.20,2967.90,2968.20,4
04-09-2026 03:37,2968.10,2968.10,2967.90,2968.00,4
04-09-2026 03:38,2967.90,2967.90,2967.80,2967.80,2
04-09-2026 03:39,2967.70,2967.70,2967.70,2967.70,1
04-09-2026 03:40,2967.70,2967.80,2967.70,2967.80,2
04-09-2026 03:41,2967.90,2968.20,2967.80,2968.20,6
04-09-2026 03:42,2968.20,2968.40,2968.20,2968.30,5
04-09-2026 03:43,2968.30,2968.30,2968.20,2968.20,2
04-09-2026 03:44,2968.30,2968.30,2967.70,2967.70,10
04-09-2026 03:45,2967.70,2968.40,2967.70,2968.10,11
04-09-2026 03:46,2968.10,2968.30,2968.10,2968.30,3
04-09-2026 03:47,2968.30,2968.40,2968.30,2968.40,2
04-09-2026 03:48,2968.30,2968.40,2968.30,2968.30,3
04-09-2026 03:49,2968.20,2968.20,2968.00,2968.00,7
04-09-2026 03:50,2967.90,2967.90,2967.80,2967.80,4
04-09-2026 03:51,2967.90,2967.90,2967.90,2967.90,1
04-09-2026 03:52,2967.90,2967.90,2967.90,2967.90,1
04-09-2026 03:53,2967.90,2968.00,2967.90,2968.00,4
04-09-2026 03:54,2968.00,2968.00,2967.80,2967.80,3
04-09-2026 03:55,2967.70,2967.80,2967.60,2967.80,4
04-09-2026 03:56,2967.80,2967.90,2967.80,2967.90,4
04-09-2026 03:57,2967.90,2968.00,2967.90,2968.00,2
04-09-2026 03:59,2967.90,2967.90,2967.80,2967.90,3
04-09-2026 04:00,2967.80,2968.20,2967.80,2967.90,7
04-09-2026 04:01,2968.00,2968.10,2968.00,2968.00,5
04-09-2026 04:02,2968.00,2968.00,2968.00,2968.00,1
04-09-2026 04:03,2968.10,2968.20,2968.10,2968.20,2
04-09-2026 04:04,2968.10,2968.30,2968.10,2968.30,5
04-09-2026 04:05,2968.20,2968.30,2968.20,2968.20,3
04-09-2026 04:06,2968.20,2968.20,2968.20,2968.20,1
04-09-2026 04:07,2968.30,2968.30,2968.20,2968.20,2
04-09-2026 04:08,2968.20,2968.20,2968.20,2968.20,1
04-09-2026 04:09,2968.10,2968.20,2968.10,2968.10,3
04-09-2026 04:10,2968.00,2968.10,2968.00,2968.10,2
04-09-2026 04:11,2968.10,2968.10,2967.90,2967.90,5
04-09-2026 04:12,2967.90,2967.90,2967.80,2967.80,2
04-09-2026 04:13,2967.90,2967.90,2967.90,2967.90,1
04-09-2026 04:14,2967.80,2967.90,2967.80,2967.90,2
04-09-2026 04:16,2967.90,2968.00,2967.80,2967.90,5
04-09-2026 04:17,2967.80,2967.90,2967.80,2967.80,3
04-09-2026 04:19,2967.80,2967.80,2967.80,2967.80,1
04-09-2026 04:20,2968.00,2968.00,2968.00,2968.00,1
04-09-2026 04:21,2968.00,2968.00,2968.00,2968.00,1
04-09-2026 04:22,2968.10,2968.10,2967.90,2968.10,4
04-09-2026 04:23,2968.20,2968.40,2968.00,2968.00,8
04-09-2026 04:24,2968.10,2968.10,2968.00,2968.00,2
04-09-2026 04:25,2968.10,2968.20,2968.10,2968.10,5
04-09-2026 04:26,2968.10,2968.10,2968.10,2968.10,1
04-09-2026 04:27,2968.10,2968.10,2968.10,2968.10,1
04-09-2026 04:28,2968.10,2968.10,2968.00,2968.10,5
04-09-2026 04:29,2968.00,2968.10,2968.00,2968.00,7
04-09-2026 04:30,2968.10,2968.20,2968.00,2968.10,7
04-09-2026 04:31,2968.10,2968.10,2967.90,2967.90,7
04-09-2026 04:32,2968.00,2968.40,2968.00,2968.30,9
04-09-2026 04:33,2968.10,2968.30,2968.00,2968.20,5
04-09-2026 04:34,2968.30,2968.40,2968.30,2968.30,7
04-09-2026 04:35,2968.30,2968.40,2968.30,2968.40,4
04-09-2026 04:36,2968.30,2968.30,2968.10,2968.10,6
04-09-2026 04:37,2968.20,2968.30,2968.10,2968.30,6
04-09-2026 04:38,2968.30,2968.30,2968.30,2968.30,1
04-09-2026 04:39,2968.30,2968.60,2968.30,2968.60,8
04-09-2026 04:40,2968.50,2968.60,2968.40,2968.50,5
04-09-2026 04:41,2968.40,2968.40,2968.40,2968.40,1
04-09-2026 04:42,2968.30,2968.40,2968.30,2968.40,2
04-09-2026 04:43,2968.30,2968.30,2968.20,2968.20,4
04-09-2026 04:44,2968.20,2968.20,2968.20,2968.20,1
04-09-2026 04:46,2968.10,2968.10,2967.90,2967.90,4
04-09-2026 04:47,2967.90,2967.90,2967.70,2967.80,4
04-09-2026 04:48,2967.90,2968.20,2967.90,2968.00,8
04-09-2026 04:49,2968.00,2968.20,2968.00,2968.20,5
04-09-2026 04:50,2968.10,2968.10,2968.00,2968.00,2
04-09-2026 04:51,2967.90,2968.00,2967.90,2968.00,2
04-09-2026 04:53,2968.00,2968.30,2968.00,2968.10,8
04-09-2026 04:54,2968.10,2968.20,2968.00,2968.20,6
04-09-2026 04:55,2968.10,2968.20,2968.10,2968.20,2
04-09-2026 04:56,2968.10,2968.30,2968.10,2968.30,3
04-09-2026 04:57,2968.30,2968.40,2968.30,2968.40,2
04-09-2026 04:58,2968.30,2968.40,2968.30,2968.40,2
04-09-2026 04:59,2968.40,2968.40,2968.40,2968.40,1
04-09-2026 05:00,2968.30,2968.30,2968.00,2968.20,8
04-09-2026 05:01,2968.20,2968.40,2968.20,2968.30,4
04-09-2026 05:02,2968.20,2968.30,2968.20,2968.20,3
04-09-2026 05:03,2968.20,2968.20,2968.20,2968.20,1
04-09-2026 05:04,2968.10,2968.10,2968.10,2968.10,1
04-09-2026 05:05,2968.10,2968.20,2968.10,2968.10,3
04-09-2026 05:06,2968.20,2968.30,2968.10,2968.20,5
04-09-2026 05:08,2968.30,2968.40,2968.20,2968.30,5
04-09-2026 05:09,2968.30,2968.30,2968.30,2968.30,1
04-09-2026 05:10,2968.40,2968.40,2968.30,2968.40,7
04-09-2026 05:11,2968.40,2968.50,2968.40,2968.40,5
04-09-2026 05:12,2968.50,2968.60,2968.40,2968.40,12
04-09-2026 05:13,2968.40,2968.50,2968.40,2968.40,3
04-09-2026 05:14,2968.30,2968.40,2968.30,2968.30,3
04-09-2026 05:15,2968.40,2968.60,2968.20,2968.50,18
04-09-2026 05:16,2968.60,2968.80,2968.50,2968.60,14
04-09-2026 05:17,2968.60,2968.70,2968.40,2968.40,9
04-09-2026 05:18,2968.40,2968.50,2968.30,2968.30,12
04-09-2026 05:19,2968.30,2968.50,2968.20,2968.50,13
04-09-2026 05:20,2968.40,2968.70,2968.40,2968.60,5
04-09-2026 05:21,2968.70,2968.80,2968.60,2968.70,7
04-09-2026 05:22,2968.60,2968.60,2968.40,2968.50,6
04-09-2026 05:23,2968.60,2968.60,2968.30,2968.30,4
04-09-2026 05:24,2968.40,2968.60,2968.40,2968.50,10
04-09-2026 05:25,2968.50,2968.80,2968.50,2968.70,10
04-09-2026 05:26,2968.80,2968.80,2968.60,2968.70,6
04-09-2026 05:27,2968.70,2968.70,2968.60,2968.70,7
04-09-2026 05:28,2968.60,2968.80,2968.60,2968.70,8
04-09-2026 05:29,2968.80,2968.90,2968.70,2968.70,10
04-09-2026 05:30,2968.50,2968.90,2968.20,2968.80,33
04-09-2026 05:31,2968.90,2969.30,2968.80,2969.10,20
04-09-2026 05:32,2969.20,2969.20,2968.90,2968.90,12
04-09-2026 05:33,2969.00,2969.10,2968.80,2968.80,11
04-09-2026 05:34,2968.90,2969.00,2968.60,2969.00,13
04-09-2026 05:35,2969.10,2969.10,2968.70,2968.80,17
04-09-2026 05:36,2968.80,2969.00,2968.70,2968.70,16
04-09-2026 05:37,2968.70,2969.40,2968.70,2969.40,16
04-09-2026 05:38,2969.30,2969.40,2969.20,2969.30,9
04-09-2026 05:39,2969.30,2969.30,2969.00,2969.00,8
04-09-2026 05:40,2968.90,2969.20,2968.70,2968.70,14
04-09-2026 05:41,2968.70,2969.10,2968.60,2969.00,18
04-09-2026 05:42,2968.90,2969.00,2968.80,2968.90,7
04-09-2026 05:43,2968.80,2968.90,2968.70,2968.80,7
04-09-2026 05:44,2968.80,2968.90,2968.80,2968.90,6
04-09-2026 05:45,2968.90,2968.90,2968.40,2968.70,25
04-09-2026 05:46,2968.80,2969.50,2968.70,2969.40,24
04-09-2026 05:47,2969.50,2969.60,2969.40,2969.50,19
04-09-2026 05:48,2969.40,2969.50,2969.30,2969.40,11
04-09-2026 05:49,2969.30,2969.50,2969.30,2969.50,5
04-09-2026 05:50,2969.60,2970.10,2969.60,2970.00,13
04-09-2026 05:51,2970.10,2970.10,2969.40,2969.50,12
04-09-2026 05:52,2969.50,2969.90,2969.50,2969.80,8
04-09-2026 05:53,2969.90,2969.90,2969.50,2969.50,7
04-09-2026 05:54,2969.50,2969.80,2969.40,2969.80,9
04-09-2026 05:55,2969.70,2969.70,2969.30,2969.30,7
04-09-2026 05:56,2969.30,2969.40,2969.30,2969.40,8
04-09-2026 05:57,2969.30,2969.40,2969.20,2969.30,7
04-09-2026 05:58,2969.20,2969.30,2969.20,2969.20,3
04-09-2026 05:59,2969.30,2969.50,2969.30,2969.50,3
04-09-2026 06:00,2969.40,2969.60,2969.40,2969.50,8
04-09-2026 06:01,2969.50,2969.70,2969.50,2969.70,5
04-09-2026 06:02,2969.70,2969.90,2969.60,2969.80,15
04-09-2026 06:03,2969.80,2969.90,2969.80,2969.80,3
04-09-2026 06:04,2969.80,2970.00,2969.80,2970.00,3
04-09-2026 06:05,2970.00,2970.00,2969.60,2969.70,8
04-09-2026 06:06,2969.80,2969.80,2969.70,2969.80,7
04-09-2026 06:07,2969.80,2969.80,2969.60,2969.80,7
04-09-2026 06:08,2969.80,2970.30,2969.80,2970.20,6
04-09-2026 06:09,2970.20,2970.50,2970.20,2970.40,9
04-09-2026 06:10,2970.40,2970.50,2970.30,2970.50,8
04-09-2026 06:11,2970.60,2970.60,2970.40,2970.50,6
04-09-2026 06:12,2970.40,2970.50,2970.30,2970.50,4
04-09-2026 06:13,2970.40,2970.70,2970.30,2970.70,7
04-09-2026 06:14,2970.60,2970.80,2970.50,2970.80,6
04-09-2026 06:15,2970.80,2970.90,2970.70,2970.80,5
04-09-2026 06:16,2970.70,2971.10,2970.70,2970.90,9
04-09-2026 06:17,2970.90,2971.20,2970.80,2971.00,13
04-09-2026 06:18,2971.00,2971.30,2971.00,2971.30,4
04-09-2026 06:19,2971.20,2971.40,2971.20,2971.30,10
04-09-2026 06:20,2971.20,2971.50,2971.20,2971.40,6
04-09-2026 06:21,2971.40,2971.40,2971.30,2971.40,5
04-09-2026 06:22,2971.40,2971.50,2971.40,2971.50,2
04-09-2026 06:23,2971.50,2971.90,2971.50,2971.70,12
04-09-2026 06:24,2971.60,2971.60,2971.50,2971.60,3
04-09-2026 06:25,2971.50,2971.50,2971.40,2971.50,3
04-09-2026 06:26,2971.60,2971.70,2971.40,2971.40,8
04-09-2026 06:27,2971.50,2971.50,2971.30,2971.30,5
04-09-2026 06:28,2971.40,2971.50,2971.20,2971.30,12
04-09-2026 06:29,2971.30,2971.60,2971.20,2971.40,16
04-09-2026 06:30,2971.30,2971.70,2971.20,2971.50,22
04-09-2026 06:31,2971.30,2972.00,2971.30,2971.70,17
04-09-2026 06:32,2971.70,2971.70,2971.20,2971.20,11
04-09-2026 06:33,2971.20,2971.70,2970.90,2971.20,20
04-09-2026 06:34,2971.10,2971.40,2971.00,2971.40,11
04-09-2026 06:35,2971.30,2971.40,2971.00,2971.30,13
04-09-2026 06:36,2971.30,2971.40,2971.20,2971.40,6
04-09-2026 06:37,2971.40,2971.70,2971.40,2971.60,13
04-09-2026 06:38,2971.60,2971.60,2971.30,2971.50,9
04-09-2026 06:39,2971.50,2971.60,2971.30,2971.50,9
04-09-2026 06:40,2971.40,2971.60,2971.40,2971.60,7
04-09-2026 06:41,2971.50,2971.80,2971.40,2971.70,9
04-09-2026 06:42,2971.80,2972.00,2971.70,2971.90,5
04-09-2026 06:43,2971.90,2971.90,2971.00,2971.10,16
04-09-2026 06:44,2971.20,2971.20,2971.10,2971.10,4
04-09-2026 06:45,2971.00,2971.10,2971.00,2971.10,8
04-09-2026 06:46,2970.90,2971.00,2970.40,2970.60,14
04-09-2026 06:47,2970.60,2970.90,2970.60,2970.80,7
04-09-2026 06:48,2970.80,2971.00,2970.70,2971.00,5
04-09-2026 06:49,2971.00,2971.00,2970.70,2970.70,4
04-09-2026 06:50,2970.70,2971.20,2970.70,2971.20,9
04-09-2026 06:51,2971.10,2971.20,2971.00,2971.20,10
04-09-2026 06:52,2971.20,2971.40,2971.10,2971.40,7
04-09-2026 06:53,2971.30,2971.40,2971.20,2971.40,6
04-09-2026 06:54,2971.40,2971.40,2971.20,2971.20,5
04-09-2026 06:55,2971.20,2971.30,2971.20,2971.20,3
04-09-2026 06:56,2971.30,2971.30,2970.80,2970.80,8
04-09-2026 06:57,2970.70,2970.70,2970.40,2970.60,9
04-09-2026 06:58,2970.70,2971.10,2970.70,2971.00,10
04-09-2026 06:59,2970.90,2970.90,2970.50,2970.70,11
04-09-2026 07:00,2970.70,2970.80,2970.50,2970.60,14
04-09-2026 07:01,2970.50,2970.60,2970.00,2970.30,21
04-09-2026 07:02,2970.10,2970.30,2970.10,2970.20,4
04-09-2026 07:03,2970.30,2970.40,2970.20,2970.30,9
04-09-2026 07:04,2970.20,2970.30,2970.00,2970.20,13
04-09-2026 07:05,2970.30,2970.30,2970.20,2970.20,4
04-09-2026 07:06,2970.20,2970.40,2970.10,2970.40,13
04-09-2026 07:07,2970.30,2970.40,2970.00,2970.10,14
04-09-2026 07:08,2969.90,2970.00,2969.80,2969.80,8
04-09-2026 07:09,2969.80,2969.80,2969.50,2969.60,5
04-09-2026 07:10,2969.70,2969.90,2969.70,2969.70,7
04-09-2026 07:11,2969.80,2969.90,2969.80,2969.80,5
04-09-2026 07:12,2969.80,2970.10,2969.80,2969.90,8
04-09-2026 07:13,2969.80,2969.90,2969.60,2969.90,7
04-09-2026 07:14,2969.80,2970.40,2969.80,2970.40,6
04-09-2026 07:15,2970.30,2970.30,2970.00,2970.20,6
04-09-2026 07:16,2970.10,2970.10,2969.90,2969.90,9
04-09-2026 07:17,2969.90,2970.20,2969.90,2970.20,10
04-09-2026 07:18,2970.10,2970.20,2969.90,2969.90,8
04-09-2026 07:19,2969.90,2970.00,2969.70,2969.80,12
04-09-2026 07:20,2969.70,2969.90,2969.40,2969.50,21
04-09-2026 07:21,2969.50,2969.60,2969.30,2969.30,9
04-09-2026 07:22,2969.40,2969.60,2969.20,2969.50,11
04-09-2026 07:23,2969.50,2969.60,2969.40,2969.50,13
04-09-2026 07:24,2969.60,2969.80,2969.50,2969.60,12
04-09-2026 07:25,2969.50,2969.50,2969.20,2969.50,11
04-09-2026 07:26,2969.50,2969.80,2969.50,2969.80,6
04-09-2026 07:27,2969.80,2969.80,2969.60,2969.80,7
04-09-2026 07:28,2969.70,2970.00,2969.70,2970.00,3
04-09-2026 07:29,2970.00,2970.20,2970.00,2970.10,12
04-09-2026 07:30,2970.20,2970.20,2969.90,2970.00,6
04-09-2026 07:31,2969.80,2969.90,2969.50,2969.60,9
04-09-2026 07:32,2969.70,2970.20,2969.70,2970.20,10
04-09-2026 07:33,2970.30,2970.40,2970.10,2970.10,7
04-09-2026 07:34,2970.00,2970.10,2969.80,2969.80,8
04-09-2026 07:35,2969.90,2970.10,2969.90,2970.10,3
04-09-2026 07:36,2970.10,2970.10,2970.00,2970.10,3
04-09-2026 07:37,2970.00,2970.10,2969.80,2969.90,7
04-09-2026 07:38,2970.00,2970.00,2969.90,2969.90,6
04-09-2026 07:39,2969.90,2970.10,2969.90,2970.10,5
04-09-2026 07:40,2970.00,2970.10,2969.90,2970.00,7
04-09-2026 07:41,2970.00,2970.30,2970.00,2970.20,7
04-09-2026 07:42,2970.30,2970.30,2970.30,2970.30,1
04-09-2026 07:43,2970.10,2970.10,2970.00,2970.10,3
04-09-2026 07:44,2970.20,2970.20,2970.10,2970.20,3
04-09-2026 07:45,2970.10,2970.30,2970.10,2970.30,5
04-09-2026 07:46,2970.40,2970.40,2970.20,2970.30,4
04-09-2026 07:47,2970.10,2970.30,2970.10,2970.10,7
04-09-2026 07:48,2970.00,2970.10,2969.90,2970.10,6
04-09-2026 07:49,2970.20,2970.30,2970.20,2970.30,2
04-09-2026 07:50,2970.20,2970.20,2969.90,2970.00,9
04-09-2026 07:51,2970.10,2970.20,2970.00,2970.10,7
04-09-2026 07:52,2970.00,2970.10,2970.00,2970.00,3
04-09-2026 07:53,2969.90,2970.10,2969.90,2970.10,3
04-09-2026 07:54,2970.20,2970.40,2970.20,2970.30,8
04-09-2026 07:55,2970.40,2970.50,2970.30,2970.50,10
04-09-2026 07:56,2970.40,2970.50,2970.30,2970.50,6
04-09-2026 07:57,2970.50,2970.50,2970.20,2970.20,4
04-09-2026 07:58,2970.30,2970.30,2970.10,2970.20,4
04-09-2026 07:59,2970.30,2970.40,2970.30,2970.30,5
04-09-2026 08:00,2970.40,2970.70,2970.40,2970.60,13
04-09-2026 08:01,2970.60,2970.60,2970.20,2970.20,11
04-09-2026 08:02,2970.20,2970.30,2970.20,2970.30,2
04-09-2026 08:03,2970.30,2970.30,2970.30,2970.30,1
04-09-2026 08:04,2970.30,2970.30,2969.70,2969.70,9
04-09-2026 08:05,2969.70,2969.70,2969.40,2969.60,8
04-09-2026 08:06,2969.60,2969.90,2969.60,2969.90,6
04-09-2026 08:07,2969.90,2970.00,2969.80,2969.80,6
04-09-2026 08:08,2969.80,2970.00,2969.80,2970.00,7
04-09-2026 08:09,2970.00,2970.20,2969.90,2970.20,5
04-09-2026 08:10,2970.10,2970.40,2970.10,2970.40,8
04-09-2026 08:11,2970.30,2970.40,2970.20,2970.20,6
04-09-2026 08:12,2970.30,2970.30,2970.10,2970.20,8
04-09-2026 08:13,2970.10,2970.30,2970.10,2970.20,6
04-09-2026 08:14,2970.10,2970.20,2969.90,2969.90,7
04-09-2026 08:15,2970.00,2970.10,2969.90,2970.00,8
04-09-2026 08:16,2970.00,2970.20,2970.00,2970.20,7
04-09-2026 08:17,2970.10,2970.30,2970.00,2970.20,8
04-09-2026 08:18,2970.30,2970.40,2970.30,2970.40,8
04-09-2026 08:19,2970.30,2970.70,2970.30,2970.50,14
04-09-2026 08:20,2970.40,2970.60,2970.30,2970.60,11
04-09-2026 08:21,2970.50,2970.60,2970.50,2970.50,3
04-09-2026 08:22,2970.40,2970.60,2970.40,2970.50,8
04-09-2026 08:23,2970.50,2970.50,2970.50,2970.50,1
04-09-2026 08:24,2970.60,2970.80,2970.60,2970.70,6
04-09-2026 08:25,2970.80,2970.90,2970.70,2970.70,8
04-09-2026 08:26,2970.80,2970.80,2970.50,2970.60,9
04-09-2026 08:27,2970.50,2970.70,2970.50,2970.70,5
04-09-2026 08:28,2970.80,2970.80,2970.70,2970.70,2
04-09-2026 08:29,2970.60,2970.60,2970.60,2970.60,1
04-09-2026 08:30,2970.50,2970.60,2970.50,2970.50,5
04-09-2026 08:31,2970.60,2970.70,2970.40,2970.60,5
04-09-2026 08:32,2970.60,2970.90,2970.60,2970.80,8
04-09-2026 08:33,2970.80,2970.80,2970.70,2970.80,3
04-09-2026 08:34,2970.90,2970.90,2970.70,2970.70,3
04-09-2026 08:35,2970.70,2970.70,2970.50,2970.60,4
04-09-2026 08:36,2970.70,2970.80,2970.60,2970.80,8
04-09-2026 08:37,2970.70,2970.70,2970.60,2970.70,3
04-09-2026 08:38,2970.60,2970.70,2970.60,2970.70,2
04-09-2026 08:39,2970.60,2970.70,2970.60,2970.60,3
04-09-2026 08:40,2970.50,2970.50,2970.30,2970.50,5
04-09-2026 08:41,2970.40,2970.50,2970.30,2970.30,7
04-09-2026 08:42,2970.20,2970.30,2970.20,2970.30,6
04-09-2026 08:43,2970.40,2970.40,2970.30,2970.40,11
04-09-2026 08:44,2970.50,2970.50,2970.30,2970.40,6
04-09-2026 08:45,2970.40,2970.90,2970.40,2970.90,15
04-09-2026 08:46,2970.90,2971.00,2970.70,2971.00,16
04-09-2026 08:47,2970.90,2970.90,2970.90,2970.90,1
04-09-2026 08:48,2970.80,2971.00,2970.80,2971.00,6
04-09-2026 08:49,2971.10,2971.10,2970.80,2971.00,11
04-09-2026 08:50,2971.10,2971.10,2971.00,2971.10,7
04-09-2026 08:51,2971.20,2971.20,2971.10,2971.10,4
04-09-2026 08:52,2971.00,2971.10,2971.00,2971.00,3
04-09-2026 08:53,2971.00,2971.00,2971.00,2971.00,1
04-09-2026 08:54,2970.90,2971.00,2970.60,2970.70,9
04-09-2026 08:55,2970.60,2970.70,2970.60,2970.70,6
04-09-2026 08:56,2970.70,2970.80,2970.60,2970.70,9
04-09-2026 08:57,2970.70,2970.80,2970.60,2970.60,6
04-09-2026 08:58,2970.60,2970.60,2970.50,2970.50,2
04-09-2026 08:59,2970.40,2970.50,2970.40,2970.50,6
04-09-2026 09:00,2970.50,2970.90,2970.50,2970.80,14
04-09-2026 09:01,2970.90,2970.90,2970.80,2970.90,3
04-09-2026 09:02,2970.90,2971.00,2970.70,2970.80,6
04-09-2026 09:03,2970.90,2970.90,2970.80,2970.80,10
04-09-2026 09:04,2970.80,2971.00,2970.80,2970.90,3
04-09-2026 09:05,2971.00,2971.20,2970.90,2971.20,5
04-09-2026 09:06,2971.10,2971.20,2971.10,2971.10,9
04-09-2026 09:07,2971.20,2971.30,2971.10,2971.30,6
04-09-2026 09:08,2971.20,2971.30,2971.20,2971.30,2
04-09-2026 09:09,2971.30,2971.30,2971.20,2971.20,2
04-09-2026 09:10,2971.30,2971.30,2971.20,2971.20,4
04-09-2026 09:11,2971.20,2971.20,2971.20,2971.20,1
04-09-2026 09:12,2971.10,2971.20,2971.10,2971.20,2
04-09-2026 09:13,2971.10,2971.10,2971.10,2971.10,1
04-09-2026 09:14,2971.00,2971.10,2970.80,2970.90,8
04-09-2026 09:15,2970.80,2971.10,2970.80,2971.00,6
04-09-2026 09:16,2970.90,2971.00,2970.90,2970.90,3
04-09-2026 09:17,2970.80,2970.80,2970.70,2970.70,2
04-09-2026 09:18,2970.70,2970.80,2970.70,2970.80,6
04-09-2026 09:19,2970.80,2970.90,2970.80,2970.90,2
04-09-2026 09:20,2970.90,2971.00,2970.80,2971.00,6
04-09-2026 09:21,2970.90,2970.90,2970.70,2970.80,6
04-09-2026 09:22,2970.70,2970.70,2970.70,2970.70,1
04-09-2026 09:23,2970.60,2970.80,2970.60,2970.80,3
04-09-2026 09:24,2970.80,2970.80,2970.70,2970.80,7
04-09-2026 09:25,2970.70,2970.80,2970.70,2970.80,2
04-09-2026 09:26,2970.70,2970.90,2970.70,2970.80,6
04-09-2026 09:27,2970.80,2970.90,2970.80,2970.90,2
04-09-2026 09:28,2970.80,2971.00,2970.80,2970.90,9
04-09-2026 09:29,2970.80,2970.90,2970.70,2970.70,6
04-09-2026 09:30,2970.80,2970.90,2970.70,2970.70,8
04-09-2026 09:31,2970.70,2970.80,2970.70,2970.70,5
04-09-2026 09:32,2970.60,2970.70,2970.20,2970.20,11
04-09-2026 09:33,2970.10,2970.30,2970.00,2970.10,10
04-09-2026 09:34,2970.20,2970.20,2970.10,2970.20,7
04-09-2026 09:35,2970.10,2970.30,2970.10,2970.20,4
04-09-2026 09:36,2970.10,2970.20,2970.00,2970.00,8
04-09-2026 09:37,2970.10,2970.10,2969.90,2969.90,3
04-09-2026 09:38,2970.00,2970.50,2970.00,2970.50,5
04-09-2026 09:39,2970.50,2970.60,2970.40,2970.60,4
04-09-2026 09:40,2970.60,2970.70,2970.50,2970.50,10
04-09-2026 09:41,2970.50,2970.70,2970.50,2970.60,4
04-09-2026 09:42,2970.70,2971.00,2970.70,2971.00,6
04-09-2026 09:43,2971.00,2971.10,2971.00,2971.10,2
04-09-2026 09:44,2971.20,2971.40,2971.20,2971.40,5
04-09-2026 09:45,2971.30,2971.40,2971.20,2971.40,6
04-09-2026 09:46,2971.30,2971.40,2971.30,2971.30,3
04-09-2026 09:47,2971.20,2971.20,2971.00,2971.00,5
04-09-2026 09:48,2970.90,2970.90,2970.80,2970.80,2
04-09-2026 09:49,2970.80,2971.00,2970.80,2970.90,10
04-09-2026 09:50,2970.80,2971.00,2970.80,2971.00,5
04-09-2026 09:51,2971.10,2971.30,2971.10,2971.30,4
04-09-2026 09:52,2971.30,2971.40,2971.30,2971.40,4
04-09-2026 09:53,2971.50,2971.50,2971.40,2971.50,5
04-09-2026 09:54,2971.50,2971.70,2971.50,2971.70,3
04-09-2026 09:55,2971.60,2971.60,2971.60,2971.60,1
04-09-2026 09:56,2971.60,2971.70,2971.60,2971.70,4
04-09-2026 09:57,2971.70,2972.10,2971.70,2971.90,7
04-09-2026 09:58,2971.90,2972.10,2971.90,2972.00,9
04-09-2026 09:59,2972.10,2972.10,2972.00,2972.10,5
04-09-2026 10:00,2972.00,2972.30,2972.00,2972.30,8
04-09-2026 10:01,2972.20,2972.40,2972.20,2972.30,6
04-09-2026 10:02,2972.30,2972.30,2971.90,2972.10,8
04-09-2026 10:03,2972.20,2972.30,2972.10,2972.20,9
04-09-2026 10:04,2972.10,2972.40,2972.10,2972.40,10
04-09-2026 10:05,2972.30,2972.40,2972.20,2972.30,17
04-09-2026 10:06,2972.20,2972.40,2972.20,2972.40,5
04-09-2026 10:07,2972.40,2972.50,2972.40,2972.40,3
04-09-2026 10:08,2972.40,2972.50,2972.00,2972.00,6
04-09-2026 10:09,2972.10,2972.20,2972.00,2972.00,4
04-09-2026 10:10,2972.00,2972.00,2971.80,2971.80,5
04-09-2026 10:11,2971.80,2972.00,2971.80,2972.00,7
04-09-2026 10:12,2972.00,2972.10,2971.90,2972.00,7
04-09-2026 10:13,2972.00,2972.10,2972.00,2972.10,2
04-09-2026 10:14,2972.10,2972.10,2972.10,2972.10,1
04-09-2026 10:15,2972.20,2972.30,2972.20,2972.20,5
04-09-2026 10:16,2972.20,2972.30,2972.10,2972.20,5
04-09-2026 10:17,2972.10,2972.40,2972.10,2972.30,9
04-09-2026 10:18,2972.20,2972.30,2972.20,2972.30,4
04-09-2026 10:19,2972.20,2972.20,2972.20,2972.20,1
04-09-2026 10:20,2972.30,2972.50,2972.30,2972.50,5
04-09-2026 10:21,2972.40,2972.50,2972.40,2972.40,5
04-09-2026 10:22,2972.40,2972.50,2972.30,2972.50,4
04-09-2026 10:23,2972.50,2972.50,2972.50,2972.50,1
04-09-2026 10:25,2972.40,2972.60,2972.40,2972.50,4
04-09-2026 10:26,2972.40,2972.40,2972.40,2972.40,1
04-09-2026 10:28,2972.30,2972.40,2972.30,2972.40,2
04-09-2026 10:29,2972.50,2972.70,2972.50,2972.60,5
04-09-2026 10:30,2972.50,2972.60,2972.50,2972.60,2
04-09-2026 10:31,2972.70,2972.70,2972.40,2972.40,4
04-09-2026 10:32,2972.40,2972.50,2972.40,2972.50,2
04-09-2026 10:33,2972.60,2972.60,2972.40,2972.60,8
04-09-2026 10:34,2972.70,2972.90,2972.70,2972.70,7
04-09-2026 10:35,2972.80,2972.90,2972.70,2972.90,4
04-09-2026 10:36,2972.90,2973.00,2972.90,2973.00,4
04-09-2026 10:37,2973.10,2973.10,2973.00,2973.10,9
04-09-2026 10:38,2973.00,2973.10,2973.00,2973.00,3
04-09-2026 10:39,2972.90,2973.10,2972.90,2973.00,6
04-09-2026 10:40,2972.90,2972.90,2972.70,2972.70,5
04-09-2026 10:41,2972.70,2973.00,2972.70,2973.00,3
04-09-2026 10:43,2972.90,2973.00,2972.90,2972.90,3
04-09-2026 10:44,2972.90,2973.10,2972.90,2973.10,3
04-09-2026 10:45,2973.00,2973.00,2973.00,2973.00,1
04-09-2026 10:46,2973.10,2973.10,2972.90,2973.00,5
04-09-2026 10:47,2973.00,2973.10,2973.00,2973.10,4
04-09-2026 10:48,2973.10,2973.30,2973.10,2973.30,3
04-09-2026 10:49,2973.30,2973.30,2973.30,2973.30,1
04-09-2026 10:50,2973.40,2973.50,2973.30,2973.40,5
04-09-2026 10:51,2973.20,2973.20,2973.00,2973.00,5
04-09-2026 10:52,2973.00,2973.00,2972.90,2973.00,3
04-09-2026 10:53,2973.10,2973.20,2973.00,2973.10,5
04-09-2026 10:54,2973.10,2973.20,2973.00,2973.20,6
04-09-2026 10:55,2973.20,2973.30,2973.00,2973.00,7
04-09-2026 10:56,2973.00,2973.20,2973.00,2973.10,3
04-09-2026 10:57,2973.00,2973.10,2972.90,2973.00,9
04-09-2026 10:58,2972.90,2973.00,2972.80,2972.80,6
04-09-2026 10:59,2972.70,2972.90,2972.70,2972.70,9
04-09-2026 11:00,2972.80,2972.90,2972.60,2972.70,18
04-09-2026 11:01,2972.80,2972.90,2972.70,2972.90,4
04-09-2026 11:02,2972.80,2973.00,2972.80,2973.00,9
04-09-2026 11:03,2973.10,2973.30,2973.00,2973.30,13
04-09-2026 11:04,2973.30,2973.50,2973.30,2973.50,5
04-09-2026 11:05,2973.40,2973.50,2973.30,2973.40,5
04-09-2026 11:06,2973.50,2973.50,2973.30,2973.30,7
04-09-2026 11:07,2973.30,2973.40,2973.30,2973.40,4
04-09-2026 11:08,2973.30,2973.50,2973.30,2973.50,9
04-09-2026 11:09,2973.40,2973.50,2973.40,2973.50,10
04-09-2026 11:10,2973.40,2973.50,2973.20,2973.40,6
04-09-2026 11:11,2973.40,2973.50,2973.20,2973.20,15
04-09-2026 11:12,2973.10,2973.20,2973.00,2973.10,5
04-09-2026 11:13,2973.10,2973.20,2972.80,2972.90,9
04-09-2026 11:14,2972.80,2973.10,2972.80,2973.10,8
04-09-2026 11:15,2973.10,2973.20,2973.10,2973.20,2
04-09-2026 11:16,2973.10,2973.20,2973.10,2973.10,3
04-09-2026 11:17,2973.00,2973.10,2973.00,2973.00,3
04-09-2026 11:18,2972.90,2973.00,2972.80,2972.80,6
04-09-2026 11:19,2972.80,2972.80,2972.70,2972.70,4
04-09-2026 11:20,2972.60,2972.60,2972.30,2972.40,21
04-09-2026 11:21,2972.50,2972.60,2972.40,2972.60,6
04-09-2026 11:22,2972.50,2972.60,2972.50,2972.60,4
04-09-2026 11:23,2972.50,2972.50,2972.20,2972.20,7
04-09-2026 11:24,2972.30,2972.50,2972.30,2972.50,5
04-09-2026 11:25,2972.40,2972.50,2972.20,2972.50,8
04-09-2026 11:26,2972.60,2973.00,2972.50,2973.00,15
04-09-2026 11:27,2972.90,2972.90,2972.70,2972.90,9
04-09-2026 11:28,2972.90,2973.10,2972.80,2973.10,7
04-09-2026 11:29,2973.00,2973.10,2973.00,2973.00,5
04-09-2026 11:30,2972.90,2973.30,2972.90,2973.10,15
04-09-2026 11:31,2973.00,2973.10,2972.70,2972.70,12
04-09-2026 11:32,2972.60,2973.20,2972.60,2973.20,20
04-09-2026 11:33,2973.10,2973.10,2972.80,2972.80,14
04-09-2026 11:34,2972.80,2972.80,2972.70,2972.80,7
04-09-2026 11:35,2972.70,2972.80,2972.60,2972.60,8
04-09-2026 11:36,2972.70,2973.00,2972.70,2973.00,12
04-09-2026 11:37,2973.00,2973.10,2972.90,2972.90,6
04-09-2026 11:38,2973.00,2973.00,2972.80,2973.00,6
04-09-2026 11:39,2973.10,2973.20,2972.90,2973.00,14
04-09-2026 11:40,2973.10,2973.60,2973.10,2973.60,12
04-09-2026 11:41,2973.50,2973.60,2973.40,2973.60,8
04-09-2026 11:42,2973.70,2973.80,2973.60,2973.80,6
04-09-2026 11:43,2973.90,2974.10,2973.90,2974.00,14
04-09-2026 11:44,2974.00,2974.50,2974.00,2974.50,10
04-09-2026 11:45,2974.40,2974.40,2974.10,2974.10,7
04-09-2026 11:46,2974.20,2974.20,2973.70,2973.70,8
04-09-2026 11:47,2973.60,2973.60,2973.20,2973.20,5
04-09-2026 11:48,2973.20,2973.30,2973.20,2973.30,2
04-09-2026 11:49,2973.50,2973.90,2973.50,2973.90,9
04-09-2026 11:50,2974.00,2974.20,2973.90,2974.10,8
04-09-2026 11:51,2974.10,2974.20,2973.90,2974.10,11
04-09-2026 11:52,2974.20,2974.20,2973.30,2973.30,16
04-09-2026 11:53,2973.40,2973.90,2973.40,2973.80,10
04-09-2026 11:54,2973.90,2973.90,2973.70,2973.90,11
04-09-2026 11:55,2974.00,2974.20,2973.90,2974.20,12
04-09-2026 11:56,2974.10,2974.20,2974.10,2974.10,5
04-09-2026 11:57,2974.00,2974.00,2973.80,2974.00,9
04-09-2026 11:58,2974.10,2974.20,2973.90,2973.90,13
04-09-2026 11:59,2973.80,2973.90,2973.70,2973.70,8
04-09-2026 12:00,2973.70,2973.70,2973.30,2973.40,15
04-09-2026 12:01,2973.40,2973.80,2973.20,2973.40,17
04-09-2026 12:02,2973.30,2974.10,2973.30,2973.80,15
04-09-2026 12:03,2973.80,2974.00,2973.70,2973.80,11
04-09-2026 12:04,2973.70,2973.70,2973.40,2973.50,11
04-09-2026 12:05,2973.60,2973.70,2973.20,2973.20,17
04-09-2026 12:06,2973.10,2973.30,2973.10,2973.30,11
04-09-2026 12:07,2973.20,2973.40,2973.10,2973.20,12
04-09-2026 12:08,2973.30,2973.50,2973.30,2973.40,6
04-09-2026 12:09,2973.50,2973.50,2973.30,2973.30,7
04-09-2026 12:10,2973.40,2973.50,2973.10,2973.50,10
04-09-2026 12:11,2973.40,2973.80,2973.30,2973.80,13
04-09-2026 12:12,2973.70,2973.90,2973.70,2973.90,5
04-09-2026 12:13,2974.00,2974.10,2973.80,2973.90,14
04-09-2026 12:14,2973.80,2973.90,2973.70,2973.80,9
04-09-2026 12:15,2973.80,2973.90,2973.40,2973.40,11
04-09-2026 12:16,2973.50,2973.60,2973.00,2973.00,8
04-09-2026 12:17,2973.00,2973.20,2973.00,2973.00,6
04-09-2026 12:18,2972.90,2973.30,2972.90,2972.90,9
04-09-2026 12:19,2972.90,2973.00,2972.70,2972.70,13
04-09-2026 12:20,2972.60,2972.70,2972.50,2972.60,12
04-09-2026 12:21,2972.60,2972.60,2972.30,2972.40,16
04-09-2026 12:22,2972.30,2972.40,2972.10,2972.20,15
04-09-2026 12:23,2972.20,2972.40,2972.20,2972.40,9
04-09-2026 12:24,2972.30,2972.30,2972.10,2972.10,7
04-09-2026 12:25,2972.20,2972.20,2971.90,2972.00,14
04-09-2026 12:26,2972.00,2972.30,2972.00,2972.00,9
04-09-2026 12:27,2971.90,2972.00,2971.70,2971.80,8
04-09-2026 12:28,2971.80,2972.00,2971.80,2971.90,8
04-09-2026 12:29,2971.90,2971.90,2971.50,2971.80,24
04-09-2026 12:30,2971.80,2971.80,2971.10,2971.50,43
04-09-2026 12:31,2971.40,2971.50,2970.90,2970.90,18
04-09-2026 12:32,2970.90,2971.30,2970.80,2971.10,15
04-09-2026 12:33,2971.10,2971.10,2969.80,2969.80,30
04-09-2026 12:34,2969.90,2971.40,2969.90,2970.90,27
04-09-2026 12:35,2970.90,2971.00,2969.80,2969.90,34
04-09-2026 12:36,2970.10,2970.50,2970.00,2970.30,12
04-09-2026 12:37,2970.30,2970.80,2970.10,2970.80,30
04-09-2026 12:38,2970.90,2972.20,2970.90,2972.20,31
04-09-2026 12:39,2972.20,2972.40,2972.00,2972.10,13
04-09-2026 12:40,2972.00,2972.40,2972.00,2972.30,7
04-09-2026 12:41,2972.30,2972.30,2971.90,2972.00,13
04-09-2026 12:42,2972.00,2972.60,2971.90,2972.50,14
04-09-2026 12:43,2972.50,2972.70,2972.30,2972.70,7
04-09-2026 12:44,2972.80,2973.10,2972.20,2972.20,21
04-09-2026 12:45,2972.20,2972.50,2972.00,2972.50,8
04-09-2026 12:46,2972.40,2972.40,2971.20,2972.30,30
04-09-2026 12:47,2972.20,2972.60,2972.20,2972.50,12
04-09-2026 12:48,2972.40,2972.60,2972.10,2972.30,20
04-09-2026 12:49,2972.40,2972.80,2972.30,2972.80,7
04-09-2026 12:50,2972.90,2973.10,2972.30,2972.70,18
04-09-2026 12:51,2972.60,2972.70,2971.90,2972.20,18
04-09-2026 12:52,2972.10,2972.20,2971.80,2972.00,21
04-09-2026 12:53,2972.10,2972.20,2971.80,2972.00,15
04-09-2026 12:54,2972.10,2972.40,2972.00,2972.00,21
04-09-2026 12:55,2972.10,2972.10,2971.00,2971.00,24
04-09-2026 12:56,2970.90,2970.90,2970.70,2970.70,17
04-09-2026 12:57,2970.80,2971.70,2970.80,2971.70,11
04-09-2026 12:58,2971.60,2972.00,2971.60,2971.80,16
04-09-2026 12:59,2971.70,2971.90,2971.50,2971.90,7
04-09-2026 13:00,2971.90,2972.50,2971.90,2972.20,23
04-09-2026 13:01,2972.30,2972.70,2972.30,2972.50,22
04-09-2026 13:02,2972.40,2972.70,2972.20,2972.60,25
04-09-2026 13:03,2972.70,2973.10,2972.50,2973.00,21
04-09-2026 13:04,2973.00,2973.20,2973.00,2973.20,9
04-09-2026 13:05,2973.10,2973.20,2972.80,2973.00,24
04-09-2026 13:06,2973.10,2973.20,2972.30,2972.40,19
04-09-2026 13:07,2972.30,2972.30,2971.90,2972.30,15
04-09-2026 13:08,2972.30,2972.80,2972.00,2972.60,27
04-09-2026 13:09,2972.50,2972.80,2972.50,2972.80,14
04-09-2026 13:10,2972.80,2973.30,2972.80,2972.90,18
04-09-2026 13:11,2972.90,2973.40,2972.90,2973.40,13
04-09-2026 13:12,2973.20,2973.80,2973.20,2973.70,17
04-09-2026 13:13,2973.50,2973.70,2973.50,2973.60,11
04-09-2026 13:14,2973.70,2973.70,2973.30,2973.50,12
04-09-2026 13:15,2973.50,2973.90,2973.40,2973.70,13
04-09-2026 13:16,2973.70,2973.80,2973.50,2973.50,14
04-09-2026 13:17,2973.60,2974.40,2973.60,2974.30,10
04-09-2026 13:18,2974.30,2974.80,2974.30,2974.70,24
04-09-2026 13:19,2974.70,2974.70,2974.20,2974.30,10
04-09-2026 13:20,2974.20,2974.20,2973.30,2973.40,18
04-09-2026 13:21,2973.30,2973.40,2973.00,2973.20,13
04-09-2026 13:22,2973.10,2973.80,2973.10,2973.50,20
04-09-2026 13:23,2973.40,2973.50,2973.10,2973.40,15
04-09-2026 13:24,2973.30,2973.40,2972.80,2973.00,13
04-09-2026 13:25,2973.00,2973.20,2972.40,2972.40,18
04-09-2026 13:26,2972.40,2972.60,2972.10,2972.40,25
04-09-2026 13:27,2972.40,2972.50,2972.00,2972.00,17
04-09-2026 13:28,2971.80,2972.10,2971.70,2972.10,17
04-09-2026 13:29,2971.90,2972.40,2971.90,2972.30,16
04-09-2026 13:30,2972.40,2972.70,2972.00,2972.40,32
04-09-2026 13:31,2972.30,2972.70,2972.10,2972.40,23
04-09-2026 13:32,2972.30,2972.40,2972.00,2972.10,22
04-09-2026 13:33,2972.10,2972.40,2971.30,2971.30,26
04-09-2026 13:34,2971.30,2971.70,2970.90,2970.90,16
04-09-2026 13:35,2970.90,2970.90,2970.60,2970.80,19
04-09-2026 13:36,2970.70,2970.90,2970.40,2970.70,24
04-09-2026 13:37,2970.70,2970.80,2970.50,2970.80,18
04-09-2026 13:38,2970.70,2971.00,2970.50,2970.50,13
04-09-2026 13:39,2970.50,2971.10,2970.40,2970.50,23
04-09-2026 13:40,2970.40,2971.00,2970.40,2970.60,25
04-09-2026 13:41,2970.50,2970.80,2970.30,2970.80,28
04-09-2026 13:42,2970.90,2971.10,2970.50,2970.60,25
04-09-2026 13:43,2970.70,2971.20,2970.40,2971.10,37
04-09-2026 13:44,2971.00,2971.10,2970.40,2970.60,19
04-09-2026 13:45,2970.70,2970.90,2970.40,2970.80,28
04-09-2026 13:46,2970.90,2971.10,2970.70,2970.90,18
04-09-2026 13:47,2971.00,2971.10,2970.80,2971.00,22
04-09-2026 13:48,2971.10,2971.10,2970.60,2970.60,13
04-09-2026 13:49,2970.70,2970.80,2970.60,2970.60,12
04-09-2026 13:50,2970.70,2971.00,2970.60,2970.60,13
04-09-2026 13:51,2970.50,2970.60,2970.20,2970.50,17
04-09-2026 13:52,2970.50,2970.50,2969.90,2970.00,24
04-09-2026 13:53,2969.90,2970.50,2969.80,2969.90,23
04-09-2026 13:54,2970.00,2970.10,2969.90,2969.90,16
04-09-2026 13:55,2969.70,2969.70,2969.30,2969.60,15
04-09-2026 13:56,2969.70,2970.10,2969.70,2969.80,19
04-09-2026 13:57,2969.80,2970.40,2969.70,2970.30,16
04-09-2026 13:58,2970.20,2970.30,2970.00,2970.30,6
04-09-2026 13:59,2970.20,2970.50,2970.00,2970.20,22
04-09-2026 14:00,2970.30,2970.90,2970.10,2970.80,30
04-09-2026 14:01,2970.90,2971.00,2970.00,2970.00,14
04-09-2026 14:02,2970.00,2970.60,2970.00,2970.40,15
04-09-2026 14:03,2970.30,2970.90,2970.30,2970.50,21
04-09-2026 14:04,2970.50,2970.60,2970.30,2970.40,8
04-09-2026 14:05,2970.50,2970.80,2970.40,2970.40,19
04-09-2026 14:06,2970.30,2970.30,2969.60,2969.70,19
04-09-2026 14:07,2969.80,2969.80,2969.00,2969.00,15
04-09-2026 14:08,2969.10,2969.20,2969.00,2969.20,4
04-09-2026 14:09,2969.30,2969.60,2969.30,2969.50,11
04-09-2026 14:10,2969.50,2969.80,2969.50,2969.70,22
04-09-2026 14:11,2969.70,2969.80,2969.40,2969.40,12
04-09-2026 14:12,2969.40,2969.90,2969.40,2969.90,14
04-09-2026 14:13,2969.80,2969.90,2969.60,2969.80,13
04-09-2026 14:14,2969.60,2970.20,2969.60,2970.00,14
04-09-2026 14:15,2970.00,2970.30,2969.90,2970.30,12
04-09-2026 14:16,2970.20,2970.30,2969.80,2969.90,9
04-09-2026 14:17,2970.00,2970.00,2969.30,2969.60,22
04-09-2026 14:18,2969.70,2969.80,2969.40,2969.40,15
04-09-2026 14:19,2969.40,2969.60,2969.10,2969.20,18
04-09-2026 14:20,2969.30,2969.60,2969.10,2969.50,16
04-09-2026 14:21,2969.60,2969.70,2969.30,2969.40,8
04-09-2026 14:22,2969.40,2970.00,2969.40,2969.70,19
04-09-2026 14:23,2969.70,2970.10,2969.60,2970.00,8
04-09-2026 14:24,2970.10,2970.60,2970.10,2970.30,11
04-09-2026 14:25,2970.40,2970.90,2970.40,2970.70,20
04-09-2026 14:26,2970.70,2971.80,2970.70,2971.60,22
04-09-2026 14:27,2971.50,2971.60,2971.40,2971.50,8
04-09-2026 14:28,2971.50,2971.50,2971.00,2971.00,8
04-09-2026 14:29,2971.00,2971.20,2970.90,2971.10,12
04-09-2026 14:30,2971.00,2971.20,2970.70,2971.10,18
04-09-2026 14:31,2971.00,2971.80,2970.70,2971.80,23
04-09-2026 14:32,2971.70,2972.20,2971.70,2972.10,14
04-09-2026 14:33,2972.10,2972.30,2972.10,2972.20,8
04-09-2026 14:34,2972.30,2972.30,2971.70,2971.80,16
04-09-2026 14:35,2971.80,2971.90,2971.50,2971.60,10
04-09-2026 14:36,2971.60,2971.70,2970.70,2970.70,17
04-09-2026 14:37,2970.60,2970.80,2970.40,2970.40,10
04-09-2026 14:38,2970.40,2970.50,2970.30,2970.30,20
04-09-2026 14:39,2970.20,2970.40,2970.00,2970.10,20
04-09-2026 14:40,2970.00,2970.20,2970.00,2970.00,10
04-09-2026 14:41,2970.00,2970.10,2969.40,2969.40,13
04-09-2026 14:42,2969.30,2969.80,2969.30,2969.50,19
04-09-2026 14:43,2969.40,2969.40,2969.10,2969.20,12
04-09-2026 14:44,2969.00,2969.20,2969.00,2969.10,10
04-09-2026 14:45,2968.90,2969.00,2968.60,2968.70,24
04-09-2026 14:46,2968.60,2968.90,2968.60,2968.90,7
04-09-2026 14:47,2969.00,2969.70,2968.90,2969.60,15
04-09-2026 14:48,2969.50,2969.60,2969.20,2969.50,13
04-09-2026 14:49,2969.60,2969.70,2969.30,2969.50,14
04-09-2026 14:50,2969.60,2969.60,2969.10,2969.20,13
04-09-2026 14:51,2969.10,2969.40,2968.40,2968.60,27
04-09-2026 14:52,2968.50,2968.90,2968.50,2968.90,20
04-09-2026 14:53,2968.70,2968.80,2968.50,2968.60,8
04-09-2026 14:54,2968.70,2968.80,2968.00,2968.00,17
04-09-2026 14:55,2968.10,2968.40,2968.00,2968.40,10
04-09-2026 14:56,2968.40,2968.60,2968.40,2968.60,11
04-09-2026 14:57,2968.70,2969.00,2968.60,2968.80,12
04-09-2026 14:58,2968.90,2968.90,2968.20,2968.30,23
04-09-2026 14:59,2968.20,2968.60,2968.20,2968.60,15
04-09-2026 15:00,2968.50,2968.50,2968.20,2968.30,8
04-09-2026 15:01,2968.40,2968.40,2968.00,2968.30,20
04-09-2026 15:02,2968.20,2968.50,2967.90,2968.30,18
04-09-2026 15:03,2968.40,2968.60,2967.90,2968.00,18
04-09-2026 15:04,2968.00,2968.10,2967.70,2967.80,10
04-09-2026 15:05,2967.70,2968.10,2967.70,2968.00,10
04-09-2026 15:06,2968.00,2968.20,2968.00,2968.20,9
04-09-2026 15:07,2968.20,2968.30,2968.10,2968.30,7
04-09-2026 15:08,2968.10,2968.20,2967.80,2967.90,11
04-09-2026 15:09,2967.90,2968.20,2967.90,2968.10,5
04-09-2026 15:10,2968.10,2968.50,2968.10,2968.30,10
04-09-2026 15:11,2968.20,2968.40,2968.10,2968.20,12
04-09-2026 15:12,2968.20,2968.30,2968.20,2968.30,6
04-09-2026 15:13,2968.30,2968.30,2967.90,2967.90,8
04-09-2026 15:14,2967.90,2968.00,2967.80,2967.80,10
04-09-2026 15:15,2967.90,2968.40,2967.90,2968.00,10
04-09-2026 15:16,2968.00,2968.20,2967.90,2967.90,9
04-09-2026 15:17,2967.90,2968.30,2967.90,2968.10,11
04-09-2026 15:18,2967.90,2968.10,2967.90,2968.00,6
04-09-2026 15:19,2968.10,2968.30,2968.00,2968.20,12
04-09-2026 15:20,2968.20,2968.40,2968.00,2968.30,11
04-09-2026 15:21,2968.20,2968.40,2968.10,2968.40,12
04-09-2026 15:22,2968.30,2968.40,2968.00,2968.10,7
04-09-2026 15:23,2968.20,2968.40,2968.10,2968.20,8
04-09-2026 15:24,2968.20,2968.30,2967.80,2967.90,9
04-09-2026 15:25,2967.80,2968.00,2967.70,2968.00,18
04-09-2026 15:26,2968.10,2968.60,2968.10,2968.40,12
04-09-2026 15:27,2968.20,2968.60,2968.00,2968.00,15
04-09-2026 15:28,2968.00,2968.10,2967.70,2968.00,10
04-09-2026 15:29,2967.80,2968.10,2967.70,2967.80,15
04-09-2026 15:30,2967.90,2968.10,2967.60,2967.60,12
04-09-2026 15:31,2967.60,2967.70,2967.30,2967.30,25
04-09-2026 15:32,2967.40,2967.70,2967.20,2967.60,14
04-09-2026 15:33,2967.60,2967.80,2967.50,2967.70,5
04-09-2026 15:34,2967.70,2968.20,2967.70,2968.00,12
04-09-2026 15:35,2967.90,2968.00,2967.80,2968.00,6
04-09-2026 15:36,2967.90,2968.20,2967.80,2967.80,10
04-09-2026 15:37,2967.90,2968.20,2967.70,2968.10,19
04-09-2026 15:38,2968.10,2968.20,2967.80,2968.20,11
04-09-2026 15:39,2968.20,2968.20,2967.80,2968.20,8
04-09-2026 15:40,2968.10,2968.20,2967.80,2968.10,10
04-09-2026 15:41,2968.00,2968.30,2968.00,2968.20,11
04-09-2026 15:42,2968.10,2968.50,2968.10,2968.20,13
04-09-2026 15:43,2968.30,2968.40,2968.10,2968.40,10
04-09-2026 15:44,2968.50,2968.60,2968.50,2968.60,2
04-09-2026 15:45,2968.50,2968.80,2968.50,2968.60,11
04-09-2026 15:46,2968.70,2969.10,2968.60,2968.90,9
04-09-2026 15:47,2968.70,2968.80,2968.50,2968.70,9
04-09-2026 15:48,2968.60,2968.90,2968.60,2968.90,4
04-09-2026 15:49,2969.00,2969.30,2969.00,2969.30,8
04-09-2026 15:50,2969.20,2969.60,2969.20,2969.50,10
04-09-2026 15:51,2969.40,2969.50,2969.30,2969.40,7
04-09-2026 15:52,2969.30,2969.40,2969.20,2969.20,4
04-09-2026 15:53,2969.10,2969.30,2969.10,2969.20,7
04-09-2026 15:54,2969.30,2969.30,2968.70,2968.80,15
04-09-2026 15:55,2968.80,2971.30,2968.80,2970.50,39
04-09-2026 15:56,2970.40,2970.70,2968.90,2969.00,47
04-09-2026 15:57,2969.00,2969.40,2969.00,2969.40,11
04-09-2026 15:58,2969.30,2969.40,2969.10,2969.20,12
04-09-2026 15:59,2969.10,2969.10,2968.50,2968.70,19
04-09-2026 16:00,2968.60,2968.80,2968.20,2968.40,22
04-09-2026 16:01,2968.70,2968.80,2968.40,2968.40,26
04-09-2026 16:02,2968.20,2968.20,2967.90,2968.00,9
04-09-2026 16:03,2968.00,2968.10,2967.60,2967.70,18
04-09-2026 16:04,2967.70,2967.90,2967.50,2967.60,12
04-09-2026 16:05,2967.70,2967.80,2967.30,2967.40,11
04-09-2026 16:06,2967.50,2967.60,2967.00,2967.30,20
04-09-2026 16:07,2967.40,2967.80,2967.40,2967.80,10
04-09-2026 16:08,2967.70,2967.80,2967.30,2967.60,13
04-09-2026 16:09,2967.70,2968.50,2967.70,2968.50,11
04-09-2026 16:10,2968.40,2968.50,2967.60,2967.80,15
04-09-2026 16:11,2967.70,2968.00,2967.60,2968.00,14
04-09-2026 16:12,2968.20,2968.60,2968.10,2968.60,17
04-09-2026 16:13,2968.70,2969.20,2968.60,2969.20,15
04-09-2026 16:14,2969.10,2969.40,2969.10,2969.20,10
04-09-2026 16:15,2969.30,2969.60,2969.30,2969.30,9
04-09-2026 16:16,2969.30,2970.10,2969.20,2970.10,12
04-09-2026 16:17,2970.00,2970.50,2970.00,2970.30,13
04-09-2026 16:18,2970.20,2970.40,2970.10,2970.20,13
04-09-2026 16:19,2970.20,2970.20,2970.00,2970.10,8
04-09-2026 16:20,2970.10,2970.30,2969.90,2969.90,13
04-09-2026 16:21,2969.80,2969.90,2969.70,2969.70,10
04-09-2026 16:22,2969.80,2969.90,2969.70,2969.70,6
04-09-2026 16:23,2969.70,2969.70,2969.30,2969.30,9
04-09-2026 16:24,2969.40,2969.80,2969.30,2969.60,18
04-09-2026 16:25,2969.70,2969.70,2969.30,2969.40,10
04-09-2026 16:26,2969.50,2969.50,2969.10,2969.30,8
04-09-2026 16:27,2969.30,2969.60,2969.30,2969.50,8
04-09-2026 16:28,2969.40,2969.70,2969.30,2969.70,10
04-09-2026 16:29,2969.50,2969.70,2969.50,2969.60,9
04-09-2026 16:30,2969.50,2969.60,2969.20,2969.20,25
04-09-2026 16:31,2969.20,2969.40,2969.00,2969.10,17
04-09-2026 16:32,2969.00,2969.20,2968.60,2968.90,16
04-09-2026 16:33,2968.90,2969.00,2968.60,2968.60,13
04-09-2026 16:34,2968.60,2969.20,2968.50,2969.00,13
04-09-2026 16:35,2969.10,2969.50,2968.90,2969.50,13
04-09-2026 16:36,2969.60,2969.60,2968.80,2969.10,11
04-09-2026 16:37,2969.00,2969.10,2968.80,2969.10,6
04-09-2026 16:38,2969.20,2969.60,2969.20,2969.60,13
04-09-2026 16:39,2969.60,2969.60,2969.20,2969.20,10
04-09-2026 16:40,2969.00,2969.10,2968.80,2968.80,9
04-09-2026 16:41,2968.80,2968.90,2968.50,2968.50,13
04-09-2026 16:42,2968.60,2968.90,2968.60,2968.80,8
04-09-2026 16:43,2968.90,2969.30,2968.90,2969.00,9
04-09-2026 16:44,2968.80,2969.00,2968.80,2968.90,12
04-09-2026 16:45,2968.90,2969.10,2968.80,2968.90,12
04-09-2026 16:46,2968.90,2969.00,2968.60,2969.00,15
04-09-2026 16:47,2969.00,2969.30,2968.90,2969.30,11
04-09-2026 16:48,2969.20,2969.20,2969.10,2969.20,5
04-09-2026 16:49,2969.10,2969.20,2969.00,2969.00,5
04-09-2026 16:50,2969.00,2969.40,2969.00,2969.40,10
04-09-2026 16:51,2969.30,2969.50,2969.20,2969.40,7
04-09-2026 16:52,2969.30,2969.70,2969.20,2969.70,14
04-09-2026 16:53,2969.50,2970.00,2969.50,2969.90,16
04-09-2026 16:54,2969.80,2970.00,2969.70,2969.70,11
04-09-2026 16:55,2969.50,2969.80,2969.40,2969.60,7
04-09-2026 16:56,2969.70,2970.20,2969.70,2970.20,14
04-09-2026 16:57,2970.10,2970.10,2969.70,2970.00,9
04-09-2026 16:58,2970.10,2970.20,2970.00,2970.20,3
04-09-2026 16:59,2970.30,2970.30,2969.40,2969.40,10
04-09-2026 17:00,2969.50,2970.00,2969.50,2969.70,15
04-09-2026 17:01,2969.80,2970.10,2969.70,2970.10,19
04-09-2026 17:02,2970.20,2970.40,2970.00,2970.30,10
04-09-2026 17:03,2970.20,2970.20,2970.00,2970.10,8
04-09-2026 17:04,2970.20,2970.60,2970.20,2970.30,14
04-09-2026 17:05,2970.40,2970.90,2970.40,2970.90,12
04-09-2026 17:06,2970.80,2970.90,2970.60,2970.80,13
04-09-2026 17:07,2970.70,2971.00,2970.60,2970.90,10
04-09-2026 17:08,2970.90,2971.50,2970.90,2971.50,18
04-09-2026 17:09,2971.40,2971.40,2970.70,2970.70,21
04-09-2026 17:10,2970.80,2971.30,2970.80,2971.20,11
04-09-2026 17:11,2971.00,2971.40,2971.00,2971.40,15
04-09-2026 17:12,2971.30,2971.40,2970.90,2971.00,20
04-09-2026 17:13,2971.10,2971.30,2970.90,2971.00,15
04-09-2026 17:14,2970.90,2970.90,2970.60,2970.60,4
04-09-2026 17:15,2970.50,2970.80,2970.50,2970.60,20
04-09-2026 17:16,2970.60,2971.00,2970.50,2971.00,16
04-09-2026 17:17,2971.00,2971.10,2970.70,2970.70,10
04-09-2026 17:18,2970.80,2970.80,2970.50,2970.50,10
04-09-2026 17:19,2970.60,2970.70,2970.30,2970.30,12
04-09-2026 17:20,2970.20,2970.60,2970.20,2970.50,14
04-09-2026 17:21,2970.50,2970.70,2970.40,2970.70,7
04-09-2026 17:22,2970.60,2970.60,2969.70,2969.70,12
04-09-2026 17:23,2969.60,2970.10,2969.30,2970.00,22
04-09-2026 17:24,2969.90,2970.20,2969.90,2970.10,13
04-09-2026 17:25,2970.00,2970.60,2970.00,2970.60,9
04-09-2026 17:26,2970.60,2971.10,2970.60,2970.80,12
04-09-2026 17:27,2970.60,2970.60,2970.30,2970.50,12
04-09-2026 17:28,2970.50,2970.50,2969.80,2969.90,16
04-09-2026 17:29,2970.00,2970.00,2969.80,2969.90,11
04-09-2026 17:30,2970.00,2970.30,2969.00,2969.00,27
04-09-2026 17:31,2969.10,2969.10,2967.70,2967.80,30
04-09-2026 17:32,2967.80,2968.20,2967.60,2967.60,38
04-09-2026 17:33,2967.80,2968.20,2967.60,2967.80,23
04-09-2026 17:34,2967.60,2967.80,2967.20,2967.30,37
04-09-2026 17:35,2967.40,2967.50,2967.10,2967.20,33
04-09-2026 17:36,2967.10,2967.20,2966.30,2966.50,30
04-09-2026 17:37,2966.40,2967.70,2966.20,2967.70,38
04-09-2026 17:38,2967.60,2968.60,2967.60,2968.50,22
04-09-2026 17:39,2968.40,2968.40,2967.80,2968.00,33
04-09-2026 17:40,2968.00,2968.60,2967.80,2967.90,33
04-09-2026 17:41,2967.90,2967.90,2967.20,2967.50,30
04-09-2026 17:42,2967.60,2967.80,2966.50,2966.50,28
04-09-2026 17:43,2966.50,2966.80,2966.30,2966.40,21
04-09-2026 17:44,2966.30,2966.70,2966.10,2966.60,21
04-09-2026 17:45,2966.60,2966.90,2966.50,2966.60,14
04-09-2026 17:46,2966.40,2966.40,2966.00,2966.10,17
04-09-2026 17:47,2966.10,2966.80,2965.90,2966.50,24
04-09-2026 17:48,2966.40,2966.90,2966.10,2966.20,35
04-09-2026 17:49,2966.20,2967.50,2966.00,2967.50,38
04-09-2026 17:50,2967.30,2967.70,2966.70,2967.00,34
04-09-2026 17:51,2966.90,2967.90,2966.80,2967.50,33
04-09-2026 17:52,2967.60,2968.10,2967.50,2968.10,24
04-09-2026 17:53,2968.10,2968.60,2968.10,2968.60,26
04-09-2026 17:54,2968.60,2969.70,2968.60,2969.40,22
04-09-2026 17:55,2969.50,2970.50,2969.20,2970.30,30
04-09-2026 17:56,2970.30,2970.80,2969.70,2969.90,47
04-09-2026 17:57,2969.90,2970.70,2969.80,2970.70,44
04-09-2026 17:58,2970.80,2971.30,2970.30,2971.20,45
04-09-2026 17:59,2971.10,2973.30,2970.90,2971.50,76
04-09-2026 18:00,2970.80,2972.50,2951.20,2955.70,560
04-09-2026 18:01,2955.60,2959.60,2955.40,2957.00,323
04-09-2026 18:02,2957.10,2957.80,2953.30,2955.40,241
04-09-2026 18:03,2955.50,2956.80,2954.10,2955.50,217
04-09-2026 18:04,2955.70,2956.60,2954.10,2954.90,191
04-09-2026 18:05,2955.00,2956.80,2954.50,2955.20,150
04-09-2026 18:06,2955.30,2955.80,2952.30,2952.40,135
04-09-2026 18:07,2952.50,2955.40,2952.30,2955.20,172
04-09-2026 18:08,2955.10,2956.80,2954.10,2955.60,205
04-09-2026 18:09,2955.40,2957.10,2954.50,2956.30,174
04-09-2026 18:10,2956.10,2957.50,2955.20,2957.40,106
04-09-2026 18:11,2957.60,2958.50,2956.10,2956.70,114
04-09-2026 18:12,2956.80,2957.20,2955.90,2956.30,91
04-09-2026 18:13,2956.20,2956.30,2953.50,2954.10,91
04-09-2026 18:14,2954.10,2955.60,2953.90,2954.30,74
04-09-2026 18:15,2954.40,2954.40,2952.30,2953.10,85
04-09-2026 18:16,2952.90,2953.10,2950.20,2950.40,82
04-09-2026 18:17,2950.50,2951.80,2949.50,2950.50,115
04-09-2026 18:18,2950.70,2952.40,2950.70,2951.90,101
04-09-2026 18:19,2951.80,2954.00,2951.80,2953.40,138
04-09-2026 18:20,2953.20,2954.80,2952.90,2953.60,96
04-09-2026 18:21,2953.70,2954.50,2952.70,2954.30,90
04-09-2026 18:22,2954.30,2954.70,2954.00,2954.20,72
04-09-2026 18:23,2954.40,2955.80,2953.70,2955.70,74
04-09-2026 18:24,2955.60,2956.40,2954.40,2954.60,69
04-09-2026 18:25,2954.50,2955.70,2954.20,2955.70,54
04-09-2026 18:26,2955.70,2955.90,2954.40,2955.60,71
04-09-2026 18:27,2955.50,2956.00,2955.20,2955.90,44
04-09-2026 18:28,2956.00,2956.60,2955.90,2956.00,51
04-09-2026 18:29,2955.90,2956.50,2955.30,2956.50,45
04-09-2026 18:30,2956.70,2956.70,2954.50,2955.20,101
04-09-2026 18:31,2955.20,2955.40,2954.10,2954.50,66
04-09-2026 18:32,2954.60,2955.30,2953.60,2954.10,68
04-09-2026 18:33,2954.10,2954.90,2953.60,2954.70,59
04-09-2026 18:34,2954.60,2954.80,2953.30,2953.40,39
04-09-2026 18:35,2953.50,2955.00,2953.30,2954.90,41
04-09-2026 18:36,2954.90,2955.10,2953.60,2954.00,71
04-09-2026 18:37,2954.10,2954.20,2952.90,2953.30,52
04-09-2026 18:38,2953.40,2954.20,2953.40,2953.80,66
04-09-2026 18:39,2953.80,2954.80,2953.70,2954.60,54
04-09-2026 18:40,2954.70,2954.90,2953.90,2954.50,49
04-09-2026 18:41,2954.50,2955.40,2954.40,2955.40,43
04-09-2026 18:42,2955.20,2955.60,2954.70,2955.30,35
04-09-2026 18:43,2955.20,2955.90,2954.90,2955.00,40
04-09-2026 18:44,2955.00,2955.30,2954.70,2955.30,47
04-09-2026 18:45,2955.10,2955.80,2955.10,2955.60,40
04-09-2026 18:46,2955.60,2956.20,2955.20,2955.40,44
04-09-2026 18:47,2955.40,2955.40,2954.10,2954.10,37
04-09-2026 18:48,2954.00,2954.50,2954.00,2954.50,29
04-09-2026 18:49,2954.60,2955.30,2954.30,2955.20,34
04-09-2026 18:50,2955.20,2956.10,2954.90,2955.70,41
04-09-2026 18:51,2955.70,2955.90,2955.20,2955.80,35
04-09-2026 18:52,2955.80,2956.10,2955.50,2956.10,50
04-09-2026 18:53,2956.10,2956.20,2955.60,2955.90,37
04-09-2026 18:54,2956.10,2957.60,2956.00,2957.60,43
04-09-2026 18:55,2957.50,2959.10,2957.50,2958.40,52
04-09-2026 18:56,2958.40,2958.80,2957.80,2957.90,53
04-09-2026 18:57,2957.80,2959.40,2957.60,2959.30,67
04-09-2026 18:58,2959.10,2959.10,2955.70,2956.30,65
04-09-2026 18:59,2956.20,2957.60,2953.50,2954.20,123
04-09-2026 19:00,2954.10,2960.80,2953.20,2959.30,437
04-09-2026 19:01,2959.50,2960.10,2957.30,2958.30,320
04-09-2026 19:02,2958.50,2958.60,2954.00,2956.30,271
04-09-2026 19:03,2956.10,2961.90,2955.80,2961.90,204
04-09-2026 19:04,2961.70,2962.30,2960.10,2960.60,183
04-09-2026 19:05,2960.70,2964.20,2960.20,2962.90,232
04-09-2026 19:06,2963.00,2964.90,2962.30,2962.90,195
04-09-2026 19:07,2963.00,2964.40,2961.10,2962.70,215
04-09-2026 19:08,2962.60,2963.00,2956.70,2956.70,177
04-09-2026 19:09,2956.90,2960.00,2956.90,2958.60,216
04-09-2026 19:10,2958.40,2961.00,2958.10,2960.70,217
04-09-2026 19:11,2960.80,2963.10,2959.60,2962.20,230
04-09-2026 19:12,2962.10,2965.30,2961.90,2965.20,171
04-09-2026 19:13,2965.30,2965.70,2964.40,2965.70,145
04-09-2026 19:14,2965.50,2967.00,2964.50,2965.30,136
04-09-2026 19:15,2965.30,2967.10,2965.20,2965.20,156
04-09-2026 19:16,2965.30,2966.10,2964.50,2965.30,156
04-09-2026 19:17,2965.20,2966.90,2964.90,2966.70,120
04-09-2026 19:18,2966.50,2968.60,2966.00,2968.40,97
04-09-2026 19:19,2968.50,2969.40,2968.10,2968.20,86
04-09-2026 19:20,2968.40,2968.80,2966.00,2966.20,157
04-09-2026 19:21,2966.10,2966.60,2965.00,2965.80,141
04-09-2026 19:22,2966.00,2966.60,2965.00,2965.90,133
04-09-2026 19:23,2966.10,2966.20,2964.00,2964.00,111
04-09-2026 19:24,2964.10,2964.90,2963.60,2963.90,117
04-09-2026 19:25,2963.90,2964.90,2962.70,2964.40,125
04-09-2026 19:26,2964.50,2965.00,2963.30,2964.70,115
04-09-2026 19:27,2964.70,2966.30,2964.50,2965.90,73
04-09-2026 19:28,2965.80,2966.40,2965.30,2966.10,96
04-09-2026 19:29,2966.00,2966.10,2963.10,2963.30,96
04-09-2026 19:30,2963.10,2965.00,2962.60,2964.40,164
04-09-2026 19:31,2964.50,2966.30,2963.30,2966.20,119
04-09-2026 19:32,2966.30,2967.10,2964.80,2965.70,137
04-09-2026 19:33,2965.80,2966.90,2965.00,2965.40,130
04-09-2026 19:34,2965.60,2967.20,2964.70,2967.20,121
04-09-2026 19:35,2967.10,2968.40,2967.10,2967.60,108
04-09-2026 19:36,2967.50,2967.60,2965.40,2966.60,105
04-09-2026 19:37,2966.60,2968.70,2966.40,2968.50,94
04-09-2026 19:38,2968.50,2969.30,2967.80,2968.80,103
04-09-2026 19:39,2968.80,2969.40,2968.10,2969.00,105
04-09-2026 19:40,2968.90,2969.20,2968.30,2968.40,106
04-09-2026 19:41,2968.50,2968.80,2967.00,2967.10,110
04-09-2026 19:42,2967.20,2967.60,2965.10,2966.00,99
04-09-2026 19:43,2965.90,2968.90,2965.70,2968.20,99
04-09-2026 19:44,2968.10,2971.30,2967.90,2971.20,98
04-09-2026 19:45,2971.20,2971.60,2968.20,2968.40,78
04-09-2026 19:46,2968.50,2969.60,2968.00,2969.50,88
04-09-2026 19:47,2969.40,2970.80,2968.70,2970.10,93
04-09-2026 19:48,2970.20,2970.20,2969.20,2969.80,90
04-09-2026 19:49,2969.90,2970.40,2968.60,2968.60,87
04-09-2026 19:50,2968.60,2970.50,2968.30,2969.70,119
04-09-2026 19:51,2969.70,2972.00,2969.40,2972.00,78
04-09-2026 19:52,2972.00,2972.50,2971.20,2972.40,82
04-09-2026 19:53,2972.30,2973.50,2972.10,2973.00,74
04-09-2026 19:54,2973.10,2973.40,2972.40,2973.30,58
04-09-2026 19:55,2973.40,2974.20,2972.80,2974.10,65
04-09-2026 19:56,2974.20,2974.20,2972.40,2973.30,77
04-09-2026 19:57,2973.20,2974.40,2973.20,2974.10,85
04-09-2026 19:58,2974.20,2975.80,2973.90,2975.70,72
04-09-2026 19:59,2975.50,2976.60,2975.00,2975.90,84
04-09-2026 20:00,2975.90,2976.60,2974.40,2974.40,86
04-09-2026 20:01,2974.50,2974.80,2973.80,2974.10,85
04-09-2026 20:02,2974.00,2974.10,2972.00,2972.70,93
04-09-2026 20:03,2972.80,2973.20,2972.20,2972.50,91
04-09-2026 20:04,2972.60,2972.60,2970.60,2971.10,90
04-09-2026 20:05,2970.90,2972.80,2970.70,2971.60,96
04-09-2026 20:06,2971.70,2972.30,2970.40,2970.80,83
04-09-2026 20:07,2970.70,2971.40,2970.00,2970.70,76
04-09-2026 20:08,2970.90,2972.20,2970.70,2971.70,84
04-09-2026 20:09,2971.70,2973.30,2971.30,2973.10,64
04-09-2026 20:10,2973.00,2973.50,2972.50,2972.60,67
04-09-2026 20:11,2972.70,2973.50,2972.40,2973.30,82
04-09-2026 20:12,2973.40,2973.40,2971.40,2971.70,78
04-09-2026 20:13,2971.60,2971.80,2969.40,2969.60,68
04-09-2026 20:14,2969.70,2971.10,2969.60,2970.50,86
04-09-2026 20:15,2970.60,2971.80,2970.60,2971.70,98
04-09-2026 20:16,2971.80,2971.80,2969.70,2970.30,87
04-09-2026 20:17,2970.20,2970.20,2968.30,2969.10,85
04-09-2026 20:18,2969.10,2969.10,2967.80,2969.00,84
04-09-2026 20:19,2968.90,2969.30,2966.90,2967.40,67
04-09-2026 20:20,2967.40,2968.10,2966.70,2967.20,92
04-09-2026 20:21,2967.30,2968.60,2967.00,2968.20,88
04-09-2026 20:22,2968.10,2969.40,2967.80,2968.60,101
04-09-2026 20:23,2968.60,2969.30,2967.40,2967.50,81
04-09-2026 20:24,2967.60,2968.00,2966.60,2966.90,76
04-09-2026 20:25,2967.00,2968.00,2966.90,2967.80,85
04-09-2026 20:26,2967.90,2967.90,2965.80,2965.90,70
04-09-2026 20:27,2966.00,2968.30,2965.80,2967.50,81
04-09-2026 20:28,2967.60,2969.00,2967.30,2968.90,58
04-09-2026 20:29,2968.90,2969.10,2968.30,2968.80,77
04-09-2026 20:30,2968.90,2970.00,2968.30,2969.30,103
04-09-2026 20:31,2969.30,2969.40,2968.40,2968.70,93
04-09-2026 20:32,2968.80,2969.00,2967.90,2968.60,79
04-09-2026 20:33,2968.80,2969.20,2967.40,2969.20,81
04-09-2026 20:34,2969.20,2970.80,2969.00,2970.50,80
04-09-2026 20:35,2970.60,2970.80,2969.80,2970.00,73
04-09-2026 20:36,2969.80,2970.20,2969.30,2969.70,91
04-09-2026 20:37,2969.80,2970.40,2969.10,2969.30,79
04-09-2026 20:38,2969.40,2969.40,2968.60,2969.10,59
04-09-2026 20:39,2969.20,2969.60,2968.60,2969.60,77
04-09-2026 20:40,2969.40,2969.90,2968.70,2969.70,67
04-09-2026 20:41,2969.80,2970.80,2969.10,2969.50,71
04-09-2026 20:42,2969.50,2970.20,2969.20,2970.00,66
04-09-2026 20:43,2969.90,2971.30,2969.50,2971.20,64
04-09-2026 20:44,2971.20,2971.60,2970.80,2971.60,52
04-09-2026 20:45,2971.50,2971.80,2970.90,2971.40,58
04-09-2026 20:46,2971.50,2971.80,2971.00,2971.50,71
04-09-2026 20:47,2971.50,2971.60,2970.20,2970.80,72
04-09-2026 20:48,2970.80,2971.40,2970.60,2971.40,83
04-09-2026 20:49,2971.40,2971.80,2971.00,2971.30,47
04-09-2026 20:50,2971.30,2972.30,2971.20,2972.20,66
04-09-2026 20:51,2972.10,2972.60,2971.10,2971.30,75
04-09-2026 20:52,2971.50,2972.10,2971.40,2972.00,57
04-09-2026 20:53,2971.90,2972.20,2970.70,2970.70,58
04-09-2026 20:54,2970.80,2971.40,2970.60,2971.00,62
04-09-2026 20:55,2970.90,2971.60,2970.60,2971.60,55
04-09-2026 20:56,2971.70,2971.90,2970.90,2970.90,50
04-09-2026 20:57,2971.00,2971.20,2970.50,2970.70,55
04-09-2026 20:58,2970.80,2971.80,2970.50,2971.40,62
04-09-2026 20:59,2971.50,2972.20,2971.50,2971.90,51
04-09-2026 21:00,2972.00,2972.10,2970.90,2971.10,70
04-09-2026 21:01,2971.30,2971.60,2970.30,2970.50,65
04-09-2026 21:02,2970.60,2971.50,2970.00,2970.90,60
04-09-2026 21:03,2971.00,2972.60,2970.70,2972.10,70
04-09-2026 21:04,2972.00,2972.60,2971.50,2972.00,62
04-09-2026 21:05,2971.90,2973.00,2971.40,2972.30,55
04-09-2026 21:06,2972.30,2972.60,2971.70,2971.70,55
04-09-2026 21:07,2971.90,2972.40,2971.30,2971.50,57
04-09-2026 21:08,2971.50,2972.40,2971.50,2972.10,52
04-09-2026 21:09,2972.00,2973.30,2972.00,2973.30,55
04-09-2026 21:10,2973.50,2974.40,2973.30,2974.40,37
04-09-2026 21:11,2974.40,2975.00,2974.20,2975.00,42
04-09-2026 21:12,2975.10,2976.40,2975.10,2976.10,38
04-09-2026 21:13,2976.20,2976.20,2975.50,2975.80,42
04-09-2026 21:14,2975.90,2976.20,2975.60,2976.00,43
04-09-2026 21:15,2975.80,2976.00,2974.90,2976.00,40
04-09-2026 21:16,2975.90,2975.90,2975.00,2975.00,53
04-09-2026 21:17,2974.90,2974.90,2973.80,2974.80,49
04-09-2026 21:18,2974.70,2975.50,2974.10,2975.30,53
04-09-2026 21:19,2975.10,2975.30,2973.60,2973.90,46
04-09-2026 21:20,2974.00,2974.20,2973.20,2973.40,53
04-09-2026 21:21,2973.40,2974.20,2973.40,2973.90,52
04-09-2026 21:22,2973.90,2974.50,2973.00,2973.10,44
04-09-2026 21:23,2973.20,2973.30,2972.40,2973.10,52
04-09-2026 21:24,2972.90,2973.80,2972.70,2973.50,37
04-09-2026 21:25,2973.50,2974.50,2973.30,2974.50,38
04-09-2026 21:26,2974.40,2974.50,2973.10,2973.10,43
04-09-2026 21:27,2973.20,2973.30,2972.40,2972.90,49
04-09-2026 21:28,2972.80,2973.30,2972.70,2972.90,40
04-09-2026 21:29,2972.90,2973.00,2972.50,2972.50,39
04-09-2026 21:30,2972.70,2973.20,2972.40,2973.10,52
04-09-2026 21:31,2973.20,2973.40,2972.70,2973.40,38
04-09-2026 21:32,2973.60,2974.10,2973.30,2974.00,39
04-09-2026 21:33,2974.10,2974.10,2973.10,2973.30,34
04-09-2026 21:34,2973.20,2974.50,2973.20,2974.40,33
04-09-2026 21:35,2974.40,2974.70,2974.00,2974.30,39
04-09-2026 21:36,2974.30,2974.50,2973.10,2973.60,55
04-09-2026 21:37,2973.50,2974.00,2973.10,2974.00,44
04-09-2026 21:38,2973.90,2974.70,2973.80,2974.70,42
04-09-2026 21:39,2974.80,2975.00,2974.30,2974.30,46
04-09-2026 21:40,2974.40,2975.20,2974.30,2975.20,29
04-09-2026 21:41,2975.40,2976.30,2975.40,2976.20,34
04-09-2026 21:42,2976.10,2976.10,2975.50,2975.70,35
04-09-2026 21:43,2975.70,2976.50,2975.70,2976.40,30
04-09-2026 21:44,2976.40,2977.00,2976.30,2977.00,32
04-09-2026 21:45,2977.20,2977.40,2976.90,2977.00,28
04-09-2026 21:46,2977.10,2977.30,2977.00,2977.30,33
04-09-2026 21:47,2977.20,2977.90,2977.00,2977.90,42
04-09-2026 21:48,2977.80,2978.00,2977.60,2977.70,33
04-09-2026 21:49,2977.70,2978.00,2977.70,2977.90,22
04-09-2026 21:50,2977.90,2979.00,2977.80,2978.80,30
04-09-2026 21:51,2978.80,2979.10,2977.90,2978.40,36
04-09-2026 21:52,2978.30,2978.30,2977.80,2978.10,31
04-09-2026 21:53,2978.10,2978.10,2977.30,2977.30,33
04-09-2026 21:54,2977.30,2977.30,2976.70,2977.00,38
04-09-2026 21:55,2977.00,2977.10,2976.50,2976.70,23
04-09-2026 21:56,2976.70,2976.80,2976.30,2976.40,38
04-09-2026 21:57,2976.50,2976.50,2975.90,2976.10,36
04-09-2026 21:58,2976.20,2976.60,2976.00,2976.20,30
04-09-2026 21:59,2976.30,2976.30,2975.70,2975.80,36
04-09-2026 22:00,2975.70,2975.80,2974.90,2975.00,45
04-09-2026 22:01,2975.00,2975.90,2975.00,2975.30,48
04-09-2026 22:02,2975.30,2976.30,2975.20,2976.30,33
04-09-2026 22:03,2976.40,2976.60,2976.00,2976.60,31
04-09-2026 22:04,2976.40,2976.50,2976.00,2976.40,35
04-09-2026 22:05,2976.40,2976.70,2976.20,2976.30,33
04-09-2026 22:06,2976.30,2976.30,2975.30,2975.30,37
04-09-2026 22:07,2975.40,2975.60,2975.20,2975.60,34
04-09-2026 22:08,2975.60,2975.70,2975.00,2975.00,32
04-09-2026 22:09,2974.90,2975.20,2974.70,2975.00,29
04-09-2026 22:10,2975.00,2975.30,2974.80,2975.00,29
04-09-2026 22:11,2975.00,2975.70,2975.00,2975.70,38
04-09-2026 22:12,2975.70,2975.80,2975.30,2975.60,40
04-09-2026 22:13,2975.70,2975.90,2975.40,2975.80,30
04-09-2026 22:14,2975.90,2976.80,2975.70,2975.80,37
04-09-2026 22:15,2975.90,2976.00,2975.40,2975.80,41
04-09-2026 22:16,2975.80,2976.00,2975.20,2975.50,31
04-09-2026 22:17,2975.50,2976.10,2975.50,2975.90,38
04-09-2026 22:18,2975.80,2976.00,2974.90,2975.20,35
04-09-2026 22:19,2975.10,2975.20,2974.80,2974.80,24
04-09-2026 22:20,2974.70,2975.10,2974.70,2975.00,30
04-09-2026 22:21,2975.10,2975.10,2974.50,2974.80,34
04-09-2026 22:22,2974.90,2975.70,2974.90,2975.50,42
04-09-2026 22:23,2975.40,2975.50,2974.80,2974.80,25
04-09-2026 22:24,2974.90,2975.20,2974.80,2974.80,31
04-09-2026 22:25,2974.90,2975.40,2974.90,2975.10,24
04-09-2026 22:26,2975.10,2975.50,2974.90,2975.00,34
04-09-2026 22:27,2975.10,2975.80,2975.10,2975.40,37
04-09-2026 22:28,2975.30,2976.20,2975.30,2976.00,21
04-09-2026 22:29,2976.00,2976.00,2974.90,2974.90,31
04-09-2026 22:30,2975.00,2975.30,2974.30,2974.80,49
04-09-2026 22:31,2974.80,2974.90,2974.10,2974.30,45
04-09-2026 22:32,2974.30,2974.30,2973.20,2973.30,43
04-09-2026 22:33,2973.40,2973.80,2972.90,2972.90,45
04-09-2026 22:34,2972.90,2973.30,2972.60,2972.90,41
04-09-2026 22:35,2973.00,2973.80,2973.00,2973.10,50
04-09-2026 22:36,2973.10,2973.20,2972.60,2972.90,37
04-09-2026 22:37,2973.00,2973.80,2972.80,2973.70,37
04-09-2026 22:38,2973.80,2974.10,2973.30,2973.30,34
04-09-2026 22:39,2973.30,2973.80,2973.00,2973.00,31
04-09-2026 22:40,2973.10,2973.60,2972.90,2973.40,38
04-09-2026 22:41,2973.30,2974.30,2973.30,2973.80,34
04-09-2026 22:42,2973.80,2974.40,2973.80,2974.20,34
04-09-2026 22:43,2974.10,2974.50,2974.00,2974.50,37
04-09-2026 22:44,2974.50,2974.70,2974.10,2974.30,28
04-09-2026 22:45,2974.30,2974.30,2973.70,2974.10,27
04-09-2026 22:46,2974.10,2974.50,2973.90,2974.00,34
04-09-2026 22:47,2974.00,2974.50,2974.00,2974.20,31
04-09-2026 22:48,2974.20,2974.60,2974.20,2974.50,19
04-09-2026 22:49,2974.50,2974.60,2973.70,2973.90,37
04-09-2026 22:50,2973.90,2974.20,2973.70,2974.00,31
04-09-2026 22:51,2973.90,2974.20,2973.50,2973.50,22
04-09-2026 22:52,2973.50,2974.00,2973.50,2973.90,25
04-09-2026 22:53,2974.00,2974.00,2973.20,2973.30,32
04-09-2026 22:54,2973.20,2973.30,2972.40,2972.70,26
04-09-2026 22:55,2972.60,2973.00,2972.50,2972.70,32
04-09-2026 22:56,2972.50,2972.90,2972.40,2972.70,30
04-09-2026 22:57,2972.80,2972.90,2971.90,2972.00,36
04-09-2026 22:58,2972.20,2972.50,2971.80,2971.90,34
04-09-2026 22:59,2971.80,2971.90,2971.30,2971.80,30
04-09-2026 23:00,2971.70,2971.90,2970.60,2970.90,53
04-09-2026 23:01,2970.90,2971.60,2970.70,2971.50,54
04-09-2026 23:02,2971.60,2971.80,2971.10,2971.60,38
04-09-2026 23:03,2971.60,2972.10,2971.10,2971.10,47
04-09-2026 23:04,2971.20,2971.60,2970.90,2971.60,39
04-09-2026 23:05,2971.60,2971.90,2971.00,2971.30,44
04-09-2026 23:06,2971.20,2971.70,2971.00,2971.40,41
04-09-2026 23:07,2971.30,2971.40,2970.80,2971.20,37
04-09-2026 23:08,2971.10,2971.60,2971.10,2971.10,33
04-09-2026 23:09,2971.20,2971.50,2970.70,2971.00,34
04-09-2026 23:10,2971.00,2971.10,2970.30,2970.90,34
04-09-2026 23:11,2970.80,2971.10,2970.40,2970.60,31
04-09-2026 23:12,2970.60,2970.80,2970.40,2970.40,25
04-09-2026 23:13,2970.50,2971.20,2970.40,2971.10,33
04-09-2026 23:14,2971.10,2971.10,2970.10,2970.30,29
04-09-2026 23:15,2970.30,2970.40,2969.60,2969.80,38
04-09-2026 23:16,2969.90,2969.90,2969.40,2969.70,43
04-09-2026 23:17,2969.80,2970.10,2969.50,2969.70,36
04-09-2026 23:18,2969.70,2970.00,2968.60,2968.90,44
04-09-2026 23:19,2969.00,2969.00,2968.30,2968.30,33
04-09-2026 23:20,2968.20,2968.70,2968.10,2968.40,54
04-09-2026 23:21,2968.50,2968.90,2968.00,2968.40,35
04-09-2026 23:22,2968.30,2968.90,2968.30,2968.90,29
04-09-2026 23:23,2969.10,2969.30,2968.60,2968.80,44
04-09-2026 23:24,2968.90,2969.40,2968.70,2969.20,41
04-09-2026 23:25,2969.40,2969.50,2969.00,2969.40,30
04-09-2026 23:26,2969.40,2969.70,2968.90,2969.20,36
04-09-2026 23:27,2969.20,2969.70,2969.20,2969.40,23
04-09-2026 23:28,2969.50,2969.80,2969.10,2969.40,40
04-09-2026 23:29,2969.40,2969.60,2969.20,2969.20,27
04-09-2026 23:30,2969.50,2970.80,2969.50,2970.60,34
04-09-2026 23:31,2970.50,2970.70,2969.60,2969.80,46
04-09-2026 23:32,2969.70,2970.50,2969.40,2970.30,45
04-09-2026 23:33,2970.20,2970.50,2970.00,2970.50,44
04-09-2026 23:34,2970.50,2970.60,2970.00,2970.20,29
04-09-2026 23:35,2970.30,2970.60,2969.70,2970.50,30
04-09-2026 23:36,2970.60,2971.20,2970.50,2970.80,31
04-09-2026 23:37,2970.70,2970.80,2970.10,2970.10,28
04-09-2026 23:38,2970.20,2971.00,2970.20,2970.90,29
04-09-2026 23:39,2971.00,2971.40,2970.50,2971.30,26
04-09-2026 23:40,2971.30,2971.60,2971.00,2971.60,28
04-09-2026 23:41,2971.70,2972.30,2971.70,2972.20,22
04-09-2026 23:42,2972.10,2972.60,2972.10,2972.50,31
04-09-2026 23:43,2972.40,2972.70,2972.30,2972.30,27
04-09-2026 23:44,2972.30,2972.60,2972.10,2972.30,24
04-09-2026 23:45,2972.30,2972.60,2972.10,2972.20,42
04-09-2026 23:46,2972.30,2972.80,2972.10,2972.80,33
04-09-2026 23:47,2972.80,2972.90,2972.50,2972.60,15
04-09-2026 23:48,2972.50,2973.10,2972.50,2972.90,17
04-09-2026 23:49,2972.90,2972.90,2972.30,2972.40,25
04-09-2026 23:50,2972.50,2972.70,2972.30,2972.60,20
04-09-2026 23:51,2972.70,2972.90,2972.40,2972.90,25
04-09-2026 23:52,2972.90,2973.30,2972.60,2972.60,18
04-09-2026 23:53,2972.70,2972.70,2972.30,2972.60,27
04-09-2026 23:54,2972.50,2973.20,2972.50,2973.10,22
04-09-2026 23:55,2973.00,2973.40,2973.00,2973.30,31
04-09-2026 23:56,2973.40,2973.50,2972.80,2973.10,17
04-09-2026 23:57,2973.00,2973.80,2972.70,2973.80,29
04-09-2026 23:58,2973.70,2973.80,2973.10,2973.10,19
04-09-2026 23:59,2972.90,2973.40,2972.90,2973.40,26
05-09-2026 00:00,2973.50,2973.80,2973.40,2973.50,25
05-09-2026 00:01,2973.60,2973.60,2973.20,2973.30,31
05-09-2026 00:02,2973.30,2973.60,2973.30,2973.60,16
05-09-2026 00:03,2973.60,2974.60,2973.60,2974.60,23
05-09-2026 00:04,2974.50,2974.80,2974.50,2974.60,19
05-09-2026 00:05,2974.60,2974.80,2974.40,2974.50,20
05-09-2026 00:06,2974.50,2974.50,2973.60,2974.00,29
05-09-2026 00:07,2974.00,2974.00,2973.30,2973.30,30
05-09-2026 00:08,2973.20,2973.20,2972.90,2973.20,22
05-09-2026 00:09,2973.30,2973.30,2972.40,2972.50,24
05-09-2026 00:10,2972.50,2973.90,2972.50,2973.10,39
05-09-2026 00:11,2973.30,2973.60,2972.40,2973.50,39
05-09-2026 00:12,2973.50,2973.70,2973.10,2973.20,32
05-09-2026 00:13,2973.30,2973.60,2972.90,2973.60,31
05-09-2026 00:14,2973.70,2974.10,2973.50,2973.70,27
05-09-2026 00:15,2973.80,2973.80,2973.30,2973.40,24
05-09-2026 00:16,2973.30,2973.60,2973.30,2973.50,23
05-09-2026 00:17,2973.60,2973.90,2973.60,2973.90,28
05-09-2026 00:18,2973.90,2974.00,2973.70,2973.80,16
05-09-2026 00:19,2973.80,2974.30,2973.80,2974.20,20
05-09-2026 00:20,2974.20,2974.40,2973.90,2974.10,16
05-09-2026 00:21,2974.20,2974.20,2973.90,2974.10,25
05-09-2026 00:22,2974.20,2974.20,2974.00,2974.00,16
05-09-2026 00:23,2974.10,2974.10,2973.60,2973.80,14
05-09-2026 00:24,2973.70,2974.20,2973.70,2973.80,18
05-09-2026 00:25,2973.80,2973.80,2973.30,2973.60,21
05-09-2026 00:26,2973.70,2973.70,2973.40,2973.70,26
05-09-2026 00:27,2973.70,2973.80,2973.50,2973.80,22
05-09-2026 00:28,2973.80,2973.90,2973.60,2973.70,30
05-09-2026 00:29,2973.80,2974.00,2973.20,2973.20,28
05-09-2026 00:30,2973.40,2974.20,2973.30,2973.40,40
05-09-2026 00:31,2973.30,2973.60,2973.20,2973.50,28
05-09-2026 00:32,2973.40,2973.40,2972.70,2973.00,38
05-09-2026 00:33,2973.10,2973.20,2972.20,2972.40,41
05-09-2026 00:34,2972.50,2972.60,2972.00,2972.10,33
05-09-2026 00:35,2972.20,2972.70,2972.20,2972.40,33
05-09-2026 00:36,2972.40,2972.40,2971.60,2971.60,29
05-09-2026 00:37,2971.60,2972.10,2971.60,2971.90,28
05-09-2026 00:38,2971.70,2972.20,2971.70,2971.90,23
05-09-2026 00:39,2972.00,2972.00,2971.50,2971.90,18
05-09-2026 00:40,2971.80,2971.80,2971.30,2971.70,26
05-09-2026 00:41,2971.60,2972.00,2971.40,2971.80,33
05-09-2026 00:42,2971.90,2972.40,2971.80,2972.10,30
05-09-2026 00:43,2972.10,2972.10,2971.40,2971.40,18
05-09-2026 00:44,2971.50,2971.80,2971.50,2971.70,15
05-09-2026 00:45,2971.80,2971.90,2971.60,2971.80,24
05-09-2026 00:46,2971.90,2972.10,2971.70,2972.00,22
05-09-2026 00:47,2972.10,2972.40,2971.90,2972.20,29
05-09-2026 00:48,2972.30,2972.50,2972.10,2972.30,19
05-09-2026 00:49,2972.20,2972.60,2972.20,2972.40,30
05-09-2026 00:50,2972.50,2973.40,2972.50,2973.40,31
05-09-2026 00:51,2973.50,2974.10,2973.50,2973.90,18
05-09-2026 00:52,2974.00,2974.10,2973.70,2974.00,19
05-09-2026 00:53,2974.10,2974.50,2974.00,2974.10,20
05-09-2026 00:54,2974.00,2974.90,2973.90,2974.80,26
05-09-2026 00:55,2974.90,2975.30,2974.90,2975.20,24
05-09-2026 00:56,2975.20,2975.50,2975.20,2975.50,18
05-09-2026 00:57,2975.50,2975.90,2975.40,2975.70,23
05-09-2026 00:58,2975.80,2976.00,2975.50,2976.00,21
05-09-2026 00:59,2976.10,2976.10,2975.40,2975.60,21
05-09-2026 01:00,2975.70,2976.20,2975.20,2976.20,39
05-09-2026 01:01,2976.10,2976.20,2975.90,2976.00,32
05-09-2026 01:02,2975.90,2976.00,2975.60,2975.70,29
05-09-2026 01:03,2975.80,2977.20,2975.80,2977.20,28
05-09-2026 01:04,2977.30,2977.80,2977.30,2977.70,30
05-09-2026 01:05,2977.60,2977.60,2976.80,2976.90,41
05-09-2026 01:06,2976.80,2977.00,2976.40,2976.60,30
05-09-2026 01:07,2976.70,2976.90,2976.50,2976.50,27
05-09-2026 01:08,2976.60,2976.70,2976.10,2976.50,30
05-09-2026 01:09,2976.40,2976.60,2976.20,2976.60,23
05-09-2026 01:10,2976.70,2976.70,2976.00,2976.10,24
05-09-2026 01:11,2976.10,2976.80,2976.00,2976.30,38
05-09-2026 01:12,2976.30,2976.80,2976.20,2976.40,26
05-09-2026 01:13,2976.30,2976.60,2976.00,2976.60,24
05-09-2026 01:14,2976.60,2977.30,2976.60,2977.20,17
05-09-2026 01:15,2977.10,2977.50,2976.40,2976.50,36
05-09-2026 01:16,2976.40,2977.00,2976.30,2977.00,43
05-09-2026 01:17,2976.90,2977.20,2976.80,2977.20,28
05-09-2026 01:18,2977.10,2977.10,2976.30,2976.50,28
05-09-2026 01:19,2976.40,2976.80,2976.40,2976.40,32
05-09-2026 01:20,2976.60,2977.90,2976.30,2977.90,74
05-09-2026 01:21,2978.00,2979.10,2978.00,2979.00,35
05-09-2026 01:22,2979.10,2979.50,2978.60,2978.70,52
05-09-2026 01:23,2978.70,2978.70,2977.90,2978.50,43
05-09-2026 01:24,2978.50,2979.30,2978.20,2978.90,48
05-09-2026 01:25,2979.10,2979.50,2978.00,2978.50,75
05-09-2026 01:26,2978.70,2979.00,2978.20,2979.00,46
05-09-2026 01:27,2978.90,2978.90,2978.40,2978.60,43
05-09-2026 01:28,2978.70,2979.10,2977.40,2977.50,61
05-09-2026 01:29,2977.40,2977.40,2976.30,2977.00,108
05-09-2026 01:30,2977.10,2977.10,2976.10,2976.70,66
05-09-2026 01:31,2976.60,2977.20,2976.30,2977.20,39
05-09-2026 01:32,2977.30,2977.40,2976.40,2976.40,33
05-09-2026 01:33,2976.50,2976.60,2976.20,2976.40,21
05-09-2026 01:34,2976.40,2976.50,2975.90,2975.90,29
05-09-2026 01:35,2976.00,2976.00,2975.50,2975.50,18
05-09-2026 01:36,2975.40,2975.60,2975.30,2975.40,16
05-09-2026 01:37,2975.30,2975.80,2975.20,2975.70,12
05-09-2026 01:38,2975.80,2975.80,2975.20,2975.20,7
05-09-2026 01:39,2975.20,2975.40,2975.10,2975.40,11
05-09-2026 01:40,2975.40,2975.70,2975.40,2975.70,12
05-09-2026 01:41,2975.60,2976.00,2975.60,2975.70,16
05-09-2026 01:42,2975.70,2976.10,2975.60,2976.10,14
05-09-2026 01:43,2976.00,2976.10,2975.40,2975.70,19
05-09-2026 01:44,2975.80,2975.90,2975.50,2975.60,15
05-09-2026 01:45,2975.70,2976.10,2975.70,2976.00,24
05-09-2026 01:46,2975.90,2975.90,2975.50,2975.50,7
05-09-2026 01:47,2975.50,2975.50,2975.30,2975.40,6
05-09-2026 01:48,2975.50,2975.70,2975.30,2975.40,6
05-09-2026 01:49,2975.50,2975.50,2975.30,2975.30,3
05-09-2026 01:50,2975.40,2975.60,2975.30,2975.30,6
05-09-2026 01:51,2975.30,2975.50,2975.30,2975.40,6
05-09-2026 01:52,2975.50,2975.50,2975.40,2975.40,4
05-09-2026 01:53,2975.40,2975.50,2975.40,2975.50,8
05-09-2026 01:54,2975.40,2975.50,2975.30,2975.40,7
05-09-2026 01:55,2975.40,2975.40,2975.30,2975.30,4
05-09-2026 01:56,2975.20,2975.20,2974.90,2974.90,10
05-09-2026 01:57,2975.00,2975.10,2974.90,2974.90,8
05-09-2026 01:58,2974.70,2974.90,2974.70,2974.80,8
05-09-2026 01:59,2974.80,2974.90,2974.50,2974.70,12
05-09-2026 02:00,2974.70,2974.90,2974.20,2974.40,19
05-09-2026 02:01,2974.30,2974.70,2974.00,2974.50,43
05-09-2026 02:02,2974.40,2974.40,2973.80,2973.90,24
05-09-2026 02:03,2974.00,2974.50,2973.90,2974.50,19
05-09-2026 02:04,2974.40,2974.50,2974.20,2974.40,10
05-09-2026 02:05,2974.20,2974.60,2974.00,2974.40,21
05-09-2026 02:06,2974.40,2974.60,2974.30,2974.60,16
05-09-2026 02:07,2974.70,2974.80,2974.50,2974.80,10
05-09-2026 02:08,2974.90,2975.10,2974.80,2975.10,11
05-09-2026 02:09,2975.00,2975.10,2974.50,2974.50,9
05-09-2026 02:10,2974.50,2974.70,2974.40,2974.50,17
05-09-2026 02:11,2974.60,2974.60,2974.40,2974.50,10
05-09-2026 02:12,2974.40,2974.90,2974.40,2974.80,9
05-09-2026 02:13,2974.80,2974.90,2974.80,2974.80,3
05-09-2026 02:14,2974.80,2975.10,2974.80,2975.10,4
05-09-2026 02:15,2975.10,2975.10,2974.60,2975.00,15
05-09-2026 02:16,2974.90,2975.00,2974.40,2974.50,10
05-09-2026 02:17,2974.30,2974.30,2973.70,2974.20,19
05-09-2026 02:18,2974.20,2974.50,2974.00,2974.20,23
05-09-2026 02:19,2974.30,2974.30,2974.00,2974.00,9
05-09-2026 02:20,2973.80,2974.30,2973.80,2974.00,14
05-09-2026 02:21,2974.00,2974.40,2974.00,2974.30,6
05-09-2026 02:22,2974.30,2974.40,2974.30,2974.40,10
05-09-2026 02:23,2974.50,2974.80,2974.50,2974.80,11
05-09-2026 02:24,2974.70,2974.80,2974.70,2974.80,6
05-09-2026 02:25,2974.70,2974.70,2973.20,2973.70,22
05-09-2026 02:26,2973.50,2974.40,2973.50,2973.90,22
05-09-2026 02:27,2974.00,2974.10,2973.90,2974.10,10
05-09-2026 02:28,2974.10,2974.50,2974.00,2974.40,9
07-09-2026 03:30,2975.20,2977.30,2975.20,2976.80,23
07-09-2026 03:31,2976.60,2976.60,2975.40,2976.30,25
07-09-2026 03:32,2976.30,2976.30,2975.50,2975.90,30
07-09-2026 03:33,2975.90,2976.70,2975.90,2976.60,12
07-09-2026 03:34,2976.70,2976.70,2976.20,2976.20,17
07-09-2026 03:35,2976.20,2976.60,2975.70,2975.90,26
07-09-2026 03:36,2975.90,2976.10,2975.80,2975.80,13
07-09-2026 03:37,2975.70,2975.90,2975.40,2975.90,12
07-09-2026 03:38,2975.90,2976.10,2975.70,2975.90,17
07-09-2026 03:39,2975.80,2976.00,2975.80,2976.00,8
07-09-2026 03:40,2976.00,2976.20,2975.90,2975.90,12
07-09-2026 03:41,2976.10,2976.40,2976.10,2976.20,7
07-09-2026 03:42,2976.10,2976.10,2975.80,2975.90,7
07-09-2026 03:43,2976.00,2976.00,2975.90,2976.00,7
07-09-2026 03:44,2975.90,2976.40,2975.90,2976.00,7
07-09-2026 03:45,2976.00,2976.20,2976.00,2976.00,9
07-09-2026 03:46,2976.10,2976.10,2975.90,2976.10,9
07-09-2026 03:47,2976.00,2976.20,2975.90,2976.20,5
07-09-2026 03:48,2976.20,2976.20,2976.00,2976.10,5
07-09-2026 03:49,2976.20,2976.30,2976.10,2976.30,10
07-09-2026 03:50,2976.30,2976.40,2976.30,2976.30,5
07-09-2026 03:51,2976.30,2976.60,2976.30,2976.50,9
07-09-2026 03:52,2976.50,2976.50,2976.30,2976.40,4
07-09-2026 03:53,2976.30,2976.50,2976.30,2976.50,5
07-09-2026 03:54,2976.40,2976.40,2976.30,2976.40,5
07-09-2026 03:55,2976.50,2976.60,2976.50,2976.50,3
07-09-2026 03:56,2976.50,2976.60,2976.40,2976.50,9
07-09-2026 03:57,2976.40,2976.50,2976.30,2976.50,8
07-09-2026 03:58,2976.50,2976.50,2976.40,2976.50,5
07-09-2026 03:59,2976.60,2976.60,2976.30,2976.30,4
07-09-2026 04:00,2976.30,2976.30,2976.30,2976.30,1
07-09-2026 04:01,2976.20,2976.50,2976.00,2976.50,7
07-09-2026 04:02,2976.40,2976.50,2976.10,2976.10,11
07-09-2026 04:03,2976.10,2976.50,2976.10,2976.30,7
07-09-2026 04:04,2976.30,2976.30,2975.90,2976.00,5
07-09-2026 04:05,2976.20,2976.40,2976.20,2976.20,5
07-09-2026 04:06,2976.20,2976.30,2976.10,2976.20,4
07-09-2026 04:07,2976.40,2976.60,2976.40,2976.40,4
07-09-2026 04:08,2976.50,2976.50,2976.50,2976.50,1
07-09-2026 04:09,2976.70,2976.70,2976.60,2976.60,2
07-09-2026 04:10,2976.60,2976.70,2976.60,2976.70,2
07-09-2026 04:11,2976.70,2976.70,2976.70,2976.70,1
07-09-2026 04:12,2976.70,2976.70,2976.70,2976.70,1
07-09-2026 04:13,2976.70,2976.70,2976.60,2976.60,2
07-09-2026 04:14,2976.60,2976.60,2976.50,2976.50,6
07-09-2026 04:15,2976.60,2976.60,2976.50,2976.60,3
07-09-2026 04:16,2976.60,2976.80,2976.60,2976.80,5
07-09-2026 04:17,2976.70,2976.70,2976.70,2976.70,1
07-09-2026 04:18,2976.70,2976.70,2976.70,2976.70,1
07-09-2026 04:19,2976.80,2976.90,2976.80,2976.90,2
07-09-2026 04:20,2976.80,2977.00,2976.80,2976.90,8
07-09-2026 04:21,2977.00,2977.00,2977.00,2977.00,1
07-09-2026 04:22,2977.10,2977.20,2977.10,2977.10,3
07-09-2026 04:24,2977.00,2977.00,2977.00,2977.00,1
07-09-2026 04:28,2976.90,2976.90,2976.80,2976.80,8
07-09-2026 04:29,2976.80,2976.80,2976.70,2976.70,6
07-09-2026 04:30,2976.70,2976.80,2976.50,2976.80,10
07-09-2026 04:31,2976.80,2976.90,2976.80,2976.80,3
07-09-2026 04:32,2976.80,2976.80,2976.70,2976.70,2
07-09-2026 04:34,2976.70,2976.80,2976.70,2976.80,2
07-09-2026 04:35,2976.90,2976.90,2976.70,2976.80,5
07-09-2026 04:36,2976.70,2976.70,2976.40,2976.40,6
07-09-2026 04:37,2976.40,2976.50,2976.40,2976.50,10
07-09-2026 04:38,2976.60,2976.60,2976.60,2976.60,1
07-09-2026 04:39,2976.60,2976.60,2976.40,2976.40,3
07-09-2026 04:40,2976.50,2976.50,2976.40,2976.50,3
07-09-2026 04:42,2976.40,2976.40,2976.40,2976.40,1
07-09-2026 04:43,2976.50,2976.50,2976.50,2976.50,1
07-09-2026 04:44,2976.50,2976.50,2976.30,2976.30,2
07-09-2026 04:45,2976.30,2976.30,2976.10,2976.10,5
07-09-2026 04:46,2976.30,2976.40,2976.20,2976.30,21
07-09-2026 04:47,2976.20,2976.40,2976.20,2976.30,4
07-09-2026 04:48,2976.40,2976.40,2976.20,2976.30,11
07-09-2026 04:49,2976.40,2976.50,2976.30,2976.30,5
07-09-2026 04:50,2976.40,2976.40,2976.30,2976.30,2
07-09-2026 04:51,2976.30,2976.30,2976.00,2976.00,8
07-09-2026 04:52,2976.00,2976.20,2976.00,2976.20,5
07-09-2026 04:53,2976.10,2976.30,2976.00,2976.00,12
07-09-2026 04:54,2975.90,2976.00,2975.80,2975.90,19
07-09-2026 04:55,2975.90,2975.90,2975.40,2975.50,13
07-09-2026 04:56,2975.40,2975.60,2975.30,2975.40,7
07-09-2026 04:57,2975.50,2975.50,2975.40,2975.50,7
07-09-2026 04:58,2975.40,2975.50,2975.40,2975.40,9
07-09-2026 04:59,2975.50,2975.50,2975.40,2975.50,3
07-09-2026 05:00,2975.60,2975.60,2975.10,2975.20,6
07-09-2026 05:01,2975.30,2975.30,2974.70,2974.80,7
07-09-2026 05:02,2974.80,2975.20,2974.80,2975.10,7
07-09-2026 05:03,2975.00,2975.10,2975.00,2975.00,7
07-09-2026 05:04,2975.00,2975.00,2975.00,2975.00,1
07-09-2026 05:05,2975.20,2975.30,2975.10,2975.30,15
07-09-2026 05:06,2975.50,2975.50,2975.40,2975.40,2
07-09-2026 05:07,2975.30,2975.90,2975.30,2975.90,13
07-09-2026 05:08,2975.80,2975.80,2975.60,2975.60,7
07-09-2026 05:10,2975.60,2975.60,2975.40,2975.50,4
07-09-2026 05:11,2975.60,2975.80,2975.60,2975.80,3
07-09-2026 05:12,2975.90,2976.00,2975.80,2976.00,6
07-09-2026 05:13,2976.00,2976.30,2976.00,2976.20,9
07-09-2026 05:14,2976.10,2976.10,2976.00,2976.10,7
07-09-2026 05:15,2976.10,2976.30,2975.60,2976.00,23
07-09-2026 05:16,2976.00,2976.50,2976.00,2976.30,23
07-09-2026 05:17,2976.20,2976.40,2976.20,2976.20,7
07-09-2026 05:18,2976.20,2976.30,2976.00,2976.20,10
07-09-2026 05:19,2976.30,2976.30,2976.10,2976.10,9
07-09-2026 05:20,2976.20,2976.20,2976.00,2976.00,9
07-09-2026 05:21,2975.90,2976.10,2975.80,2976.10,7
07-09-2026 05:22,2976.00,2976.00,2975.90,2975.90,2
07-09-2026 05:23,2975.70,2975.90,2975.70,2975.70,6
07-09-2026 05:24,2975.70,2975.90,2975.60,2975.70,8
07-09-2026 05:25,2975.60,2975.90,2975.60,2975.70,11
07-09-2026 05:26,2975.60,2975.60,2975.10,2975.10,11
07-09-2026 05:27,2975.10,2975.10,2974.90,2975.00,14
07-09-2026 05:28,2974.90,2975.30,2974.90,2975.20,18
07-09-2026 05:29,2975.20,2975.60,2975.20,2975.50,14
07-09-2026 05:30,2975.60,2976.20,2975.40,2975.60,40
07-09-2026 05:31,2975.50,2975.80,2975.40,2975.70,21
07-09-2026 05:32,2975.60,2976.00,2975.60,2976.00,13
07-09-2026 05:33,2976.10,2976.10,2975.60,2975.60,14
07-09-2026 05:34,2975.60,2975.60,2975.30,2975.40,16
07-09-2026 05:35,2975.30,2976.40,2975.30,2976.20,26
07-09-2026 05:36,2976.30,2976.80,2976.20,2976.60,27
07-09-2026 05:37,2976.70,2977.20,2976.20,2976.40,34
07-09-2026 05:38,2976.40,2976.40,2975.90,2976.00,22
07-09-2026 05:39,2976.10,2976.40,2976.00,2976.30,18
07-09-2026 05:40,2976.20,2976.90,2976.20,2976.90,15
07-09-2026 05:41,2977.00,2977.20,2976.60,2976.80,14
07-09-2026 05:42,2976.70,2977.20,2976.70,2977.10,11
07-09-2026 05:43,2977.20,2977.40,2977.10,2977.30,16
07-09-2026 05:44,2977.30,2977.30,2976.70,2976.80,15
07-09-2026 05:45,2976.70,2977.10,2976.60,2976.80,18
07-09-2026 05:46,2976.70,2976.90,2976.60,2976.90,22
07-09-2026 05:47,2977.00,2977.20,2977.00,2977.00,15
07-09-2026 05:48,2976.90,2977.00,2976.50,2976.70,17
07-09-2026 05:49,2976.60,2976.80,2976.60,2976.60,7
07-09-2026 05:50,2976.80,2976.80,2976.40,2976.50,12
07-09-2026 05:51,2976.50,2976.60,2976.40,2976.50,10
07-09-2026 05:52,2976.50,2976.90,2976.50,2976.90,12
07-09-2026 05:53,2977.00,2977.20,2976.60,2976.70,15
07-09-2026 05:54,2976.80,2977.10,2976.80,2976.80,18
07-09-2026 05:55,2976.80,2977.10,2976.70,2977.10,13
07-09-2026 05:56,2977.00,2977.30,2976.90,2977.30,16
07-09-2026 05:57,2977.30,2977.50,2977.10,2977.10,19
07-09-2026 05:58,2977.10,2977.20,2976.90,2977.00,12
07-09-2026 05:59,2976.90,2976.90,2976.80,2976.80,2
07-09-2026 06:00,2976.80,2977.10,2976.40,2976.60,21
07-09-2026 06:01,2976.70,2977.10,2976.60,2977.00,16
07-09-2026 06:02,2976.90,2976.90,2976.70,2976.70,7
07-09-2026 06:03,2976.70,2976.90,2976.70,2976.90,9
07-09-2026 06:04,2976.90,2977.00,2976.80,2976.80,12
07-09-2026 06:05,2976.70,2977.00,2976.70,2976.90,13
07-09-2026 06:06,2977.00,2977.20,2977.00,2977.20,11
07-09-2026 06:07,2977.10,2977.10,2976.70,2976.70,10
07-09-2026 06:08,2976.70,2976.70,2976.50,2976.60,6
07-09-2026 06:09,2976.50,2977.00,2976.50,2977.00,18
07-09-2026 06:10,2976.90,2977.00,2976.80,2976.90,11
07-09-2026 06:11,2977.00,2977.20,2977.00,2977.10,10
07-09-2026 06:12,2977.00,2977.30,2976.90,2977.20,9
07-09-2026 06:13,2977.20,2977.80,2977.10,2977.70,14
07-09-2026 06:14,2977.80,2977.90,2977.60,2977.60,12
07-09-2026 06:15,2977.60,2977.90,2977.60,2977.80,13
07-09-2026 06:16,2977.70,2977.70,2977.50,2977.60,7
07-09-2026 06:17,2977.50,2977.50,2977.20,2977.40,8
07-09-2026 06:18,2977.50,2977.50,2977.00,2977.30,11
07-09-2026 06:19,2977.40,2977.50,2977.30,2977.40,11
07-09-2026 06:20,2977.30,2977.40,2976.50,2976.50,16
07-09-2026 06:21,2976.60,2976.70,2976.60,2976.70,4
07-09-2026 06:22,2976.70,2976.90,2976.70,2976.80,6
07-09-2026 06:23,2976.70,2976.80,2976.50,2976.50,9
07-09-2026 06:24,2976.50,2976.60,2976.50,2976.60,2
07-09-2026 06:25,2976.50,2976.50,2976.30,2976.30,3
07-09-2026 06:26,2976.20,2976.30,2976.00,2976.00,8
07-09-2026 06:27,2976.10,2976.10,2975.60,2975.80,12
07-09-2026 06:28,2975.90,2976.00,2975.70,2975.70,13
07-09-2026 06:29,2975.70,2975.80,2975.50,2975.60,12
07-09-2026 06:30,2975.50,2975.50,2974.90,2975.40,28
07-09-2026 06:31,2975.50,2976.30,2975.20,2976.20,23
07-09-2026 06:32,2976.10,2976.20,2975.90,2976.10,15
07-09-2026 06:33,2976.20,2976.50,2976.00,2976.30,21
07-09-2026 06:34,2976.30,2976.90,2976.20,2976.90,15
07-09-2026 06:35,2976.90,2977.30,2976.60,2976.60,21
07-09-2026 06:36,2976.50,2976.50,2975.40,2975.40,20
07-09-2026 06:37,2975.30,2975.50,2975.10,2975.50,11
07-09-2026 06:38,2975.40,2975.40,2975.20,2975.30,8
07-09-2026 06:39,2975.20,2975.50,2975.00,2975.10,9
07-09-2026 06:40,2975.10,2975.20,2975.00,2975.10,16
07-09-2026 06:41,2975.10,2975.50,2975.00,2975.50,11
07-09-2026 06:42,2975.50,2975.60,2975.30,2975.50,10
07-09-2026 06:43,2975.40,2975.60,2975.20,2975.50,8
07-09-2026 06:44,2975.40,2975.90,2975.40,2975.80,20
07-09-2026 06:45,2975.60,2975.80,2975.40,2975.50,18
07-09-2026 06:46,2975.50,2975.70,2975.50,2975.60,9
07-09-2026 06:47,2975.60,2976.10,2975.60,2975.80,18
07-09-2026 06:48,2975.80,2975.80,2975.60,2975.60,11
07-09-2026 06:49,2975.60,2975.80,2975.60,2975.70,8
07-09-2026 06:50,2975.80,2975.80,2975.50,2975.60,15
07-09-2026 06:51,2975.50,2975.90,2975.40,2975.90,14
07-09-2026 06:52,2976.00,2976.10,2975.90,2976.00,7
07-09-2026 06:53,2975.90,2976.10,2975.90,2976.00,8
07-09-2026 06:54,2976.10,2976.30,2976.00,2976.30,14
07-09-2026 06:55,2976.20,2976.40,2976.10,2976.10,13
07-09-2026 06:56,2976.10,2976.30,2976.00,2976.30,21
07-09-2026 06:57,2976.20,2976.40,2976.20,2976.30,6
07-09-2026 06:58,2976.40,2976.70,2976.20,2976.60,13
07-09-2026 06:59,2976.50,2976.80,2976.50,2976.80,14
07-09-2026 07:00,2976.70,2976.90,2976.40,2976.70,15
07-09-2026 07:01,2976.70,2977.00,2976.60,2976.80,14
07-09-2026 07:02,2976.70,2976.90,2976.60,2976.80,15
07-09-2026 07:03,2976.90,2977.30,2976.80,2976.80,14
07-09-2026 07:04,2976.90,2977.20,2976.90,2977.20,6
07-09-2026 07:05,2977.30,2977.30,2976.80,2977.00,8
07-09-2026 07:06,2976.90,2977.00,2976.70,2976.90,21
07-09-2026 07:07,2977.00,2977.00,2976.80,2976.90,8
07-09-2026 07:08,2976.70,2977.10,2976.70,2976.90,25
07-09-2026 07:09,2976.90,2977.30,2976.90,2977.30,13
07-09-2026 07:10,2977.20,2977.30,2976.90,2976.90,12
07-09-2026 07:11,2977.00,2977.10,2976.90,2977.00,20
07-09-2026 07:12,2977.00,2977.20,2976.90,2977.10,12
07-09-2026 07:13,2977.10,2977.10,2976.90,2976.90,11
07-09-2026 07:14,2976.80,2977.00,2976.80,2976.90,13
07-09-2026 07:15,2976.90,2977.10,2976.80,2977.00,11
07-09-2026 07:16,2977.10,2977.10,2976.80,2976.90,15
07-09-2026 07:17,2976.80,2977.00,2976.60,2976.70,19
07-09-2026 07:18,2976.70,2976.90,2976.50,2976.90,9
07-09-2026 07:19,2976.70,2976.90,2976.60,2976.80,18
07-09-2026 07:20,2976.70,2976.90,2976.50,2976.60,18
07-09-2026 07:21,2976.60,2977.00,2976.60,2977.00,15
07-09-2026 07:22,2976.90,2977.10,2976.80,2977.00,16
07-09-2026 07:23,2977.00,2977.10,2976.90,2977.10,10
07-09-2026 07:24,2977.10,2977.10,2976.90,2977.00,20
07-09-2026 07:25,2976.90,2977.10,2976.90,2977.10,17
07-09-2026 07:26,2977.00,2977.10,2976.60,2976.60,13
07-09-2026 07:27,2976.60,2977.00,2976.60,2977.00,17
07-09-2026 07:28,2977.00,2977.00,2976.60,2976.70,18
07-09-2026 07:29,2976.70,2976.90,2976.70,2976.90,9
07-09-2026 07:30,2977.00,2977.10,2976.70,2976.90,15
07-09-2026 07:31,2976.80,2977.00,2976.80,2976.80,8
07-09-2026 07:32,2976.90,2977.00,2976.90,2976.90,9
07-09-2026 07:33,2977.00,2977.00,2976.80,2976.90,8
07-09-2026 07:34,2976.90,2976.90,2976.70,2976.80,16
07-09-2026 07:35,2976.90,2977.00,2976.80,2976.90,17
07-09-2026 07:36,2977.00,2977.00,2976.70,2976.80,17
07-09-2026 07:37,2976.90,2976.90,2976.70,2976.70,11
07-09-2026 07:38,2976.70,2977.10,2976.70,2977.10,7
07-09-2026 07:39,2977.00,2977.10,2976.80,2977.00,9
07-09-2026 07:40,2977.00,2977.10,2976.80,2976.80,18
07-09-2026 07:41,2976.90,2976.90,2976.70,2976.80,8
07-09-2026 07:42,2976.80,2976.90,2976.60,2976.70,7
07-09-2026 07:43,2976.60,2976.80,2976.50,2976.50,9
07-09-2026 07:44,2976.60,2976.90,2976.50,2976.70,24
07-09-2026 07:45,2976.70,2976.80,2976.50,2976.70,6
07-09-2026 07:46,2976.70,2976.80,2976.70,2976.80,8
07-09-2026 07:47,2976.70,2976.90,2976.70,2976.70,19
07-09-2026 07:48,2976.60,2976.70,2976.60,2976.60,9
07-09-2026 07:49,2976.70,2976.70,2976.40,2976.50,15
07-09-2026 07:50,2976.60,2976.60,2976.40,2976.50,12
07-09-2026 07:51,2976.40,2976.40,2976.10,2976.10,6
07-09-2026 07:52,2976.00,2976.00,2975.80,2975.80,5
07-09-2026 07:53,2975.70,2976.00,2975.60,2975.90,9
07-09-2026 07:54,2975.90,2976.10,2975.90,2976.10,3
07-09-2026 07:55,2976.10,2976.30,2976.00,2976.30,11
07-09-2026 07:56,2976.20,2976.40,2976.20,2976.20,10
07-09-2026 07:57,2976.30,2976.60,2976.20,2976.50,16
07-09-2026 07:58,2976.50,2976.80,2976.40,2976.80,15
07-09-2026 07:59,2976.70,2976.80,2976.70,2976.70,3
07-09-2026 08:00,2976.70,2977.10,2976.70,2977.00,17
07-09-2026 08:01,2977.00,2977.10,2976.90,2976.90,6
07-09-2026 08:02,2976.90,2977.10,2976.90,2976.90,9
07-09-2026 08:03,2976.90,2977.10,2976.80,2977.10,23
07-09-2026 08:04,2977.20,2977.30,2977.10,2977.30,10
07-09-2026 08:05,2977.30,2977.50,2977.20,2977.40,12
07-09-2026 08:06,2977.40,2977.60,2977.30,2977.60,9
07-09-2026 08:07,2977.50,2977.60,2977.40,2977.60,15
07-09-2026 08:08,2977.50,2977.60,2977.50,2977.50,5
07-09-2026 08:09,2977.40,2977.70,2977.40,2977.50,5
07-09-2026 08:10,2977.50,2977.60,2977.40,2977.50,7
07-09-2026 08:11,2977.40,2977.50,2977.40,2977.50,4
07-09-2026 08:12,2977.40,2977.40,2977.20,2977.20,11
07-09-2026 08:13,2977.30,2977.30,2977.00,2977.10,13
07-09-2026 08:14,2977.00,2977.10,2977.00,2977.10,4
07-09-2026 08:15,2977.00,2977.00,2976.70,2976.70,8
07-09-2026 08:16,2976.70,2977.00,2976.70,2977.00,18
07-09-2026 08:17,2977.10,2977.10,2976.90,2977.10,11
07-09-2026 08:18,2977.00,2977.00,2976.90,2976.90,10
07-09-2026 08:19,2977.00,2977.10,2976.90,2977.00,11
07-09-2026 08:20,2977.00,2977.00,2976.80,2976.90,12
07-09-2026 08:21,2976.90,2977.00,2976.70,2976.90,11
07-09-2026 08:22,2976.80,2976.90,2976.70,2976.70,7
07-09-2026 08:23,2976.50,2976.50,2975.90,2975.90,9
07-09-2026 08:24,2976.00,2976.10,2975.90,2976.10,12
07-09-2026 08:25,2976.00,2976.20,2975.90,2976.00,17
07-09-2026 08:26,2976.00,2976.00,2975.70,2975.70,20
07-09-2026 08:27,2975.70,2975.80,2975.50,2975.80,13
07-09-2026 08:28,2975.70,2975.80,2975.60,2975.70,17
07-09-2026 08:29,2975.80,2975.80,2975.60,2975.60,15
07-09-2026 08:30,2975.60,2975.60,2974.90,2975.20,18
07-09-2026 08:31,2975.10,2975.20,2974.70,2974.80,16
07-09-2026 08:32,2974.80,2974.90,2974.70,2974.80,13
07-09-2026 08:33,2974.90,2975.00,2974.80,2975.00,12
07-09-2026 08:34,2975.00,2975.30,2974.90,2975.20,10
07-09-2026 08:35,2975.20,2975.20,2974.80,2974.80,12
07-09-2026 08:36,2974.90,2975.10,2974.90,2974.90,5
07-09-2026 08:37,2974.80,2974.90,2974.80,2974.90,8
07-09-2026 08:38,2974.80,2974.90,2974.70,2974.70,6
07-09-2026 08:39,2974.70,2974.90,2974.20,2974.40,11
07-09-2026 08:40,2974.30,2974.40,2974.00,2974.10,11
07-09-2026 08:41,2974.10,2974.20,2974.10,2974.10,5
07-09-2026 08:42,2974.20,2974.20,2974.10,2974.20,3
07-09-2026 08:43,2974.10,2974.20,2974.10,2974.20,4
07-09-2026 08:44,2974.10,2974.20,2974.00,2974.00,16
07-09-2026 08:45,2974.10,2974.30,2974.10,2974.20,6
07-09-2026 08:46,2974.10,2974.30,2974.10,2974.20,4
07-09-2026 08:47,2974.30,2974.30,2974.00,2974.00,4
07-09-2026 08:48,2974.10,2974.30,2974.00,2974.30,7
07-09-2026 08:49,2974.40,2974.50,2974.40,2974.50,4
07-09-2026 08:50,2974.50,2974.80,2974.30,2974.60,9
07-09-2026 08:51,2974.50,2974.80,2974.40,2974.80,7
07-09-2026 08:52,2974.70,2974.80,2974.70,2974.80,2
07-09-2026 08:53,2974.80,2974.90,2974.70,2974.90,12
07-09-2026 08:54,2975.00,2975.00,2974.50,2974.60,19
07-09-2026 08:55,2974.60,2974.80,2974.60,2974.80,7
07-09-2026 08:56,2974.70,2974.90,2974.60,2974.90,9
07-09-2026 08:57,2974.80,2974.90,2974.80,2974.90,4
07-09-2026 08:58,2975.00,2975.00,2974.80,2974.80,7
07-09-2026 08:59,2974.90,2975.00,2974.90,2974.90,3
07-09-2026 09:00,2974.80,2975.50,2974.80,2975.50,9
07-09-2026 09:01,2975.40,2975.50,2975.20,2975.20,17
07-09-2026 09:02,2975.20,2975.70,2975.20,2975.70,13
07-09-2026 09:03,2975.60,2975.80,2975.60,2975.70,23
07-09-2026 09:04,2975.60,2975.80,2975.60,2975.80,5
07-09-2026 09:05,2975.90,2976.20,2975.70,2976.10,17
07-09-2026 09:06,2976.00,2976.00,2975.70,2975.90,17
07-09-2026 09:07,2975.90,2975.90,2975.10,2975.10,12
07-09-2026 09:08,2975.10,2975.20,2974.90,2975.00,12
07-09-2026 09:09,2975.10,2975.10,2974.90,2974.90,6
07-09-2026 09:10,2974.90,2975.10,2974.90,2975.10,5
07-09-2026 09:11,2975.00,2975.00,2974.80,2974.80,5
07-09-2026 09:12,2974.80,2974.90,2974.40,2974.40,13
07-09-2026 09:13,2974.30,2974.30,2974.10,2974.20,9
07-09-2026 09:14,2974.30,2974.30,2973.90,2974.00,8
07-09-2026 09:15,2973.90,2973.90,2973.50,2973.50,13
07-09-2026 09:16,2973.60,2973.90,2973.50,2973.80,9
07-09-2026 09:17,2973.80,2974.20,2973.80,2974.20,6
07-09-2026 09:18,2974.20,2974.20,2974.00,2974.10,5
07-09-2026 09:19,2974.10,2974.30,2974.10,2974.30,9
07-09-2026 09:20,2974.20,2974.20,2974.20,2974.20,1
07-09-2026 09:21,2974.30,2974.60,2974.30,2974.40,10
07-09-2026 09:22,2974.30,2974.50,2974.20,2974.30,15
07-09-2026 09:23,2974.40,2974.40,2974.20,2974.30,4
07-09-2026 09:24,2974.20,2974.20,2974.20,2974.20,1
07-09-2026 09:25,2974.20,2974.40,2974.20,2974.20,6
07-09-2026 09:26,2974.10,2974.20,2973.80,2973.90,7
07-09-2026 09:27,2973.80,2973.90,2973.70,2973.80,9
07-09-2026 09:28,2973.80,2974.10,2973.80,2973.90,12
07-09-2026 09:29,2974.00,2974.10,2974.00,2974.10,2
07-09-2026 09:30,2974.20,2974.20,2973.60,2973.70,13
07-09-2026 09:31,2973.80,2973.80,2973.50,2973.60,7
07-09-2026 09:32,2973.60,2973.60,2973.50,2973.50,4
07-09-2026 09:33,2973.40,2973.50,2973.20,2973.20,10
07-09-2026 09:34,2973.30,2973.30,2973.00,2973.00,6
07-09-2026 09:35,2973.00,2973.10,2973.00,2973.10,4
07-09-2026 09:36,2973.20,2973.30,2973.20,2973.20,3
07-09-2026 09:37,2973.20,2973.50,2973.20,2973.40,5
07-09-2026 09:38,2973.40,2973.50,2973.30,2973.40,5
07-09-2026 09:39,2973.40,2973.60,2973.40,2973.60,6
07-09-2026 09:40,2973.50,2973.70,2973.30,2973.40,7
07-09-2026 09:41,2973.30,2973.50,2973.30,2973.40,6
07-09-2026 09:42,2973.40,2973.70,2973.40,2973.70,7
07-09-2026 09:43,2973.60,2973.70,2973.50,2973.50,14
07-09-2026 09:44,2973.40,2973.40,2973.30,2973.30,2
07-09-2026 09:45,2973.40,2973.40,2973.10,2973.10,6
07-09-2026 09:46,2973.10,2973.10,2973.00,2973.00,6
07-09-2026 09:47,2972.90,2973.00,2972.80,2972.90,10
07-09-2026 09:48,2973.00,2973.00,2972.80,2972.80,7
07-09-2026 09:49,2972.80,2972.90,2972.70,2972.80,5
07-09-2026 09:50,2972.70,2972.70,2972.70,2972.70,1
07-09-2026 09:51,2972.80,2972.80,2972.80,2972.80,1
07-09-2026 09:52,2972.80,2972.80,2972.60,2972.60,5
07-09-2026 09:53,2972.50,2972.60,2972.40,2972.50,7
07-09-2026 09:54,2972.50,2972.50,2972.50,2972.50,1
07-09-2026 09:55,2972.50,2972.60,2972.50,2972.60,2
07-09-2026 09:56,2972.60,2972.90,2972.60,2972.80,13
07-09-2026 09:57,2972.80,2972.90,2972.70,2972.80,7
07-09-2026 09:58,2972.80,2972.80,2972.70,2972.70,2
07-09-2026 09:59,2972.70,2972.80,2972.60,2972.70,5
07-09-2026 10:00,2972.70,2972.80,2972.60,2972.60,13
07-09-2026 10:01,2972.60,2972.70,2972.60,2972.60,5
07-09-2026 10:02,2972.60,2972.60,2972.20,2972.30,19
07-09-2026 10:03,2972.30,2972.40,2972.20,2972.30,9
07-09-2026 10:04,2972.20,2972.20,2971.90,2972.10,14
07-09-2026 10:05,2972.00,2972.00,2971.50,2971.60,14
07-09-2026 10:06,2971.70,2971.80,2971.40,2971.80,21
07-09-2026 10:07,2971.70,2971.90,2971.70,2971.80,16
07-09-2026 10:08,2971.70,2972.20,2971.70,2972.10,15
07-09-2026 10:09,2972.10,2972.10,2971.80,2972.00,10
07-09-2026 10:10,2972.00,2972.20,2972.00,2972.10,4
07-09-2026 10:11,2972.10,2972.20,2972.00,2972.10,14
07-09-2026 10:12,2972.10,2972.20,2972.00,2972.20,10
07-09-2026 10:13,2972.10,2972.20,2971.90,2972.00,8
07-09-2026 10:14,2972.00,2972.00,2971.80,2971.90,8
07-09-2026 10:15,2972.00,2972.10,2972.00,2972.00,5
07-09-2026 10:16,2972.00,2972.00,2971.90,2972.00,3
07-09-2026 10:17,2972.10,2972.10,2972.00,2972.00,2
07-09-2026 10:18,2972.00,2972.10,2972.00,2972.10,6
07-09-2026 10:19,2972.10,2972.10,2972.10,2972.10,1
07-09-2026 10:20,2972.10,2972.20,2972.10,2972.20,2
07-09-2026 10:21,2972.20,2972.40,2972.20,2972.40,3
07-09-2026 10:22,2972.40,2972.40,2972.10,2972.20,7
07-09-2026 10:23,2972.30,2972.40,2971.80,2971.90,22
07-09-2026 10:24,2971.80,2971.90,2971.80,2971.80,7
07-09-2026 10:25,2971.80,2972.10,2971.70,2971.90,13
07-09-2026 10:26,2971.70,2971.90,2971.70,2971.80,9
07-09-2026 10:27,2971.80,2971.80,2971.70,2971.80,9
07-09-2026 10:28,2971.70,2972.10,2971.70,2972.10,5
07-09-2026 10:29,2972.20,2972.20,2972.00,2972.00,3
07-09-2026 10:30,2971.90,2972.00,2971.70,2972.00,19
07-09-2026 10:31,2972.00,2972.40,2972.00,2972.40,4
07-09-2026 10:32,2972.30,2972.30,2971.80,2971.80,16
07-09-2026 10:33,2971.90,2972.30,2971.80,2972.10,20
07-09-2026 10:34,2972.10,2972.60,2972.10,2972.60,7
07-09-2026 10:35,2972.50,2972.60,2972.40,2972.50,14
07-09-2026 10:36,2972.40,2972.60,2972.30,2972.60,10
07-09-2026 10:37,2972.50,2972.50,2972.30,2972.30,23
07-09-2026 10:38,2972.30,2972.40,2971.90,2971.90,13
07-09-2026 10:39,2971.80,2972.20,2971.80,2972.10,9
07-09-2026 10:40,2972.10,2972.30,2972.00,2972.10,9
07-09-2026 10:41,2972.20,2972.20,2971.90,2972.00,12
07-09-2026 10:42,2971.90,2972.00,2971.70,2972.00,7
07-09-2026 10:43,2972.00,2972.10,2971.90,2972.10,18
07-09-2026 10:44,2972.10,2972.20,2972.00,2972.10,18
07-09-2026 10:45,2972.00,2972.20,2972.00,2972.20,15
07-09-2026 10:46,2972.10,2972.20,2971.80,2971.80,15
07-09-2026 10:47,2971.90,2972.20,2971.90,2972.20,4
07-09-2026 10:48,2972.20,2972.50,2972.20,2972.50,17
07-09-2026 10:49,2972.50,2972.50,2972.40,2972.50,21
07-09-2026 10:50,2972.50,2972.80,2972.50,2972.50,18
07-09-2026 10:51,2972.40,2972.40,2972.10,2972.20,13
07-09-2026 10:52,2972.30,2972.30,2972.10,2972.30,7
07-09-2026 10:53,2972.30,2972.40,2972.30,2972.40,4
07-09-2026 10:54,2972.50,2972.70,2972.50,2972.70,5
07-09-2026 10:55,2972.60,2972.90,2972.60,2972.70,14
07-09-2026 10:56,2972.60,2972.70,2972.60,2972.60,15
07-09-2026 10:57,2972.60,2972.60,2972.60,2972.60,1
07-09-2026 10:58,2972.70,2972.90,2972.70,2972.80,8
07-09-2026 10:59,2972.80,2973.20,2972.80,2973.10,8
07-09-2026 11:00,2973.00,2973.40,2972.90,2973.40,10
07-09-2026 11:01,2973.40,2973.50,2973.30,2973.40,7
07-09-2026 11:02,2973.40,2973.60,2973.30,2973.60,6
07-09-2026 11:03,2973.50,2973.50,2973.10,2973.10,16
07-09-2026 11:04,2973.20,2973.20,2973.10,2973.10,8
07-09-2026 11:05,2973.10,2973.30,2973.10,2973.30,7
07-09-2026 11:06,2973.30,2973.40,2973.20,2973.30,5
07-09-2026 11:07,2973.20,2973.30,2973.00,2973.00,5
07-09-2026 11:08,2973.00,2973.20,2973.00,2973.10,8
07-09-2026 11:09,2973.00,2973.10,2972.90,2973.10,4
07-09-2026 11:10,2973.00,2973.10,2972.90,2973.10,8
07-09-2026 11:11,2973.00,2973.30,2972.90,2973.30,6
07-09-2026 11:12,2973.30,2973.40,2973.10,2973.20,6
07-09-2026 11:13,2973.20,2973.70,2973.20,2973.70,10
07-09-2026 11:14,2973.80,2974.20,2973.80,2974.20,11
07-09-2026 11:15,2974.10,2974.40,2974.00,2974.00,13
07-09-2026 11:16,2973.90,2974.00,2973.80,2974.00,4
07-09-2026 11:17,2974.10,2974.20,2973.80,2973.90,12
07-09-2026 11:18,2974.00,2974.10,2973.90,2974.00,11
07-09-2026 11:19,2974.00,2974.20,2974.00,2974.00,7
07-09-2026 11:20,2973.90,2974.00,2972.90,2972.90,19
07-09-2026 11:21,2973.00,2973.20,2972.90,2973.10,14
07-09-2026 11:22,2973.20,2973.60,2973.20,2973.50,12
07-09-2026 11:23,2973.40,2973.50,2973.30,2973.40,9
07-09-2026 11:24,2973.30,2973.40,2973.20,2973.30,5
07-09-2026 11:25,2973.10,2973.20,2972.80,2972.80,10
07-09-2026 11:26,2972.70,2973.00,2972.10,2972.20,24
07-09-2026 11:27,2972.10,2972.30,2972.00,2972.10,14
07-09-2026 11:28,2972.10,2972.20,2972.00,2972.20,12
07-09-2026 11:29,2972.20,2972.20,2971.90,2971.90,12
07-09-2026 11:30,2971.80,2972.30,2971.80,2972.20,18
07-09-2026 11:31,2972.00,2972.40,2971.90,2972.20,22
07-09-2026 11:32,2972.20,2972.50,2972.20,2972.40,21
07-09-2026 11:33,2972.30,2972.40,2972.20,2972.20,20
07-09-2026 11:34,2972.30,2972.50,2972.00,2972.20,20
07-09-2026 11:35,2972.30,2972.40,2972.00,2972.30,20
07-09-2026 11:36,2972.20,2972.20,2971.50,2971.50,19
07-09-2026 11:37,2971.30,2971.50,2971.00,2971.00,20
07-09-2026 11:38,2971.00,2971.20,2970.40,2970.50,21
07-09-2026 11:39,2970.40,2971.10,2970.40,2971.00,22
07-09-2026 11:40,2971.00,2971.30,2970.80,2971.10,20
07-09-2026 11:41,2971.00,2971.90,2971.00,2971.90,23
07-09-2026 11:42,2971.90,2972.00,2971.40,2971.90,19
07-09-2026 11:43,2972.00,2972.00,2971.70,2971.80,10
07-09-2026 11:44,2971.90,2972.50,2971.80,2972.30,25
07-09-2026 11:45,2972.40,2972.50,2971.90,2971.90,14
07-09-2026 11:46,2971.80,2972.10,2971.80,2972.10,10
07-09-2026 11:47,2972.20,2972.30,2972.00,2972.00,21
07-09-2026 11:48,2972.10,2972.70,2972.00,2972.60,21
07-09-2026 11:49,2972.70,2973.10,2972.30,2973.10,21
07-09-2026 11:50,2972.90,2972.90,2972.50,2972.60,13
07-09-2026 11:51,2972.60,2972.80,2972.30,2972.60,15
07-09-2026 11:52,2972.70,2972.80,2972.40,2972.50,12
07-09-2026 11:53,2972.50,2972.70,2972.40,2972.70,11
07-09-2026 11:54,2972.60,2972.90,2972.60,2972.90,18
07-09-2026 11:55,2972.80,2972.80,2972.30,2972.40,16
07-09-2026 11:56,2972.50,2972.70,2972.30,2972.30,13
07-09-2026 11:57,2972.40,2972.40,2971.60,2971.60,16
07-09-2026 11:58,2971.50,2971.90,2971.50,2971.90,11
07-09-2026 11:59,2971.80,2972.00,2971.50,2972.00,17
07-09-2026 12:00,2972.00,2972.20,2971.70,2971.80,21
07-09-2026 12:01,2971.90,2972.10,2971.50,2971.80,14
07-09-2026 12:02,2971.80,2972.00,2971.80,2971.80,13
07-09-2026 12:03,2971.90,2972.50,2971.90,2972.50,15
07-09-2026 12:04,2972.60,2973.00,2972.60,2973.00,15
07-09-2026 12:05,2973.00,2973.30,2973.00,2973.10,18
07-09-2026 12:06,2973.20,2973.70,2973.00,2973.10,21
07-09-2026 12:07,2972.90,2973.20,2972.90,2973.10,9
07-09-2026 12:08,2973.10,2973.60,2973.10,2973.60,10
07-09-2026 12:09,2973.60,2974.30,2973.50,2974.30,16
07-09-2026 12:10,2974.40,2974.90,2974.40,2974.80,10
07-09-2026 12:11,2974.90,2975.30,2974.80,2975.10,18
07-09-2026 12:12,2975.10,2975.10,2974.80,2974.80,12
07-09-2026 12:13,2974.70,2974.90,2974.00,2974.30,16
07-09-2026 12:14,2974.30,2974.30,2973.90,2974.00,17
07-09-2026 12:15,2974.10,2974.10,2973.70,2973.70,10
07-09-2026 12:16,2973.50,2973.60,2973.20,2973.30,12
07-09-2026 12:17,2973.30,2974.10,2973.30,2974.00,13
07-09-2026 12:18,2973.90,2974.00,2973.60,2973.90,15
07-09-2026 12:19,2974.00,2974.10,2973.30,2973.40,19
07-09-2026 12:20,2973.20,2973.50,2973.20,2973.30,9
07-09-2026 12:21,2973.40,2973.50,2973.20,2973.40,12
07-09-2026 12:22,2973.30,2973.70,2973.10,2973.70,8
07-09-2026 12:23,2973.60,2973.90,2973.50,2973.90,8
07-09-2026 12:24,2973.90,2974.10,2973.70,2973.90,14
07-09-2026 12:25,2973.90,2974.00,2973.80,2973.80,12
07-09-2026 12:26,2973.90,2974.20,2973.90,2974.20,10
07-09-2026 12:27,2974.10,2974.30,2974.00,2974.20,12
07-09-2026 12:28,2974.30,2974.40,2974.20,2974.30,8
07-09-2026 12:29,2974.30,2974.70,2974.20,2974.60,18
07-09-2026 12:30,2974.70,2974.70,2973.80,2974.00,48
07-09-2026 12:31,2974.10,2975.00,2974.00,2974.90,39
07-09-2026 12:32,2974.80,2975.30,2974.70,2975.10,24
07-09-2026 12:33,2975.10,2975.60,2975.10,2975.60,17
07-09-2026 12:34,2975.50,2976.10,2975.50,2975.80,16
07-09-2026 12:35,2975.90,2976.30,2975.40,2976.30,29
07-09-2026 12:36,2976.40,2976.80,2976.20,2976.60,26
07-09-2026 12:37,2976.60,2976.80,2976.40,2976.70,13
07-09-2026 12:38,2976.80,2977.20,2976.60,2977.20,17
07-09-2026 12:39,2977.20,2977.30,2976.50,2976.50,23
07-09-2026 12:40,2976.60,2976.80,2976.10,2976.20,23
07-09-2026 12:41,2976.20,2976.30,2975.80,2976.10,33
07-09-2026 12:42,2976.20,2976.30,2975.90,2976.00,22
07-09-2026 12:43,2976.00,2976.70,2976.00,2976.40,19
07-09-2026 12:44,2976.40,2976.50,2975.50,2975.70,23
07-09-2026 12:45,2975.50,2975.90,2975.30,2975.60,27
07-09-2026 12:46,2975.50,2975.70,2975.40,2975.60,23
07-09-2026 12:47,2975.70,2976.30,2975.40,2975.90,24
07-09-2026 12:48,2975.90,2976.30,2975.80,2976.00,18
07-09-2026 12:49,2975.90,2975.90,2975.60,2975.70,14
07-09-2026 12:50,2975.60,2975.60,2974.70,2975.30,28
07-09-2026 12:51,2975.20,2975.40,2974.90,2974.90,10
07-09-2026 12:52,2975.00,2975.30,2974.70,2974.70,16
07-09-2026 12:53,2974.80,2975.70,2974.80,2975.50,18
07-09-2026 12:54,2975.50,2976.50,2975.30,2976.40,17
07-09-2026 12:55,2976.40,2976.40,2975.40,2975.80,23
07-09-2026 12:56,2975.70,2975.70,2975.40,2975.60,12
07-09-2026 12:57,2975.60,2975.60,2974.80,2974.80,14
07-09-2026 12:58,2974.80,2974.80,2974.00,2974.00,17
07-09-2026 12:59,2973.90,2974.10,2973.40,2973.40,20
07-09-2026 13:00,2973.50,2973.90,2973.50,2973.80,28
07-09-2026 13:01,2973.90,2974.10,2973.80,2974.10,14
07-09-2026 13:02,2974.10,2974.10,2973.80,2973.90,17
07-09-2026 13:03,2973.80,2973.90,2973.30,2973.70,22
07-09-2026 13:04,2973.70,2974.20,2973.60,2974.00,18
07-09-2026 13:05,2973.80,2974.10,2973.80,2974.10,17
07-09-2026 13:06,2974.10,2974.70,2974.10,2974.60,21
07-09-2026 13:07,2974.70,2974.80,2973.70,2974.10,27
07-09-2026 13:08,2974.10,2974.30,2973.90,2974.00,23
07-09-2026 13:09,2974.10,2974.10,2973.40,2973.50,14
07-09-2026 13:10,2973.60,2973.70,2973.20,2973.20,19
07-09-2026 13:11,2973.20,2973.20,2972.30,2972.50,24
07-09-2026 13:12,2972.30,2972.30,2972.00,2972.10,25
07-09-2026 13:13,2972.00,2972.10,2971.40,2972.10,26
07-09-2026 13:14,2972.20,2972.30,2972.00,2972.20,19
07-09-2026 13:15,2972.20,2973.00,2971.90,2972.70,31
07-09-2026 13:16,2972.60,2972.80,2972.10,2972.30,20
07-09-2026 13:17,2972.40,2972.90,2972.40,2972.50,16
07-09-2026 13:18,2972.40,2972.60,2972.00,2972.40,25
07-09-2026 13:19,2972.50,2973.70,2972.50,2973.70,25
07-09-2026 13:20,2973.50,2973.70,2973.30,2973.40,26
07-09-2026 13:21,2973.60,2974.70,2973.50,2974.70,30
07-09-2026 13:22,2974.60,2975.00,2974.40,2975.00,21
07-09-2026 13:23,2974.80,2974.90,2973.00,2973.10,32
07-09-2026 13:24,2973.20,2973.90,2972.70,2973.70,46
07-09-2026 13:25,2973.60,2975.50,2973.60,2975.40,57
07-09-2026 13:26,2975.30,2975.50,2974.30,2975.00,67
07-09-2026 13:27,2974.90,2975.50,2974.80,2975.10,32
07-09-2026 13:28,2975.10,2975.30,2974.80,2974.90,30
07-09-2026 13:29,2974.80,2975.80,2974.80,2975.80,25
07-09-2026 13:30,2975.90,2976.00,2974.70,2974.90,56
07-09-2026 13:31,2975.00,2975.70,2974.90,2975.20,41
07-09-2026 13:32,2975.00,2975.00,2974.50,2974.90,18
07-09-2026 13:33,2974.80,2976.20,2974.80,2976.10,28
07-09-2026 13:34,2976.10,2976.10,2975.00,2975.30,33
07-09-2026 13:35,2975.20,2976.00,2975.10,2976.00,29
07-09-2026 13:36,2975.90,2976.30,2975.30,2975.30,35
07-09-2026 13:37,2975.40,2976.00,2975.10,2975.80,26
07-09-2026 13:38,2975.70,2975.80,2975.50,2975.50,25
07-09-2026 13:39,2975.40,2975.80,2975.20,2975.50,25
07-09-2026 13:40,2975.40,2975.40,2974.30,2974.40,26
07-09-2026 13:41,2974.50,2974.70,2973.90,2974.00,30
07-09-2026 13:42,2974.10,2974.30,2973.20,2973.80,63
07-09-2026 13:43,2973.90,2974.10,2973.60,2973.90,29
07-09-2026 13:44,2974.00,2974.30,2973.90,2974.20,15
07-09-2026 13:45,2974.00,2974.70,2974.00,2974.20,28
07-09-2026 13:46,2974.30,2974.70,2974.30,2974.70,11
07-09-2026 13:47,2974.50,2974.50,2974.00,2974.00,17
07-09-2026 13:48,2973.90,2974.50,2973.70,2974.50,22
07-09-2026 13:49,2974.60,2975.30,2974.50,2975.10,21
07-09-2026 13:50,2975.20,2975.70,2975.10,2975.20,38
07-09-2026 13:51,2975.20,2975.20,2974.80,2975.10,14
07-09-2026 13:52,2975.00,2975.10,2974.80,2975.00,10
07-09-2026 13:53,2975.00,2975.10,2974.60,2974.70,24
07-09-2026 13:54,2974.50,2974.70,2974.30,2974.50,25
07-09-2026 13:55,2974.60,2974.70,2974.30,2974.40,24
07-09-2026 13:56,2974.50,2974.70,2974.50,2974.70,21
07-09-2026 13:57,2974.60,2975.50,2974.30,2975.40,25
07-09-2026 13:58,2975.30,2975.70,2975.00,2975.30,12
07-09-2026 13:59,2975.20,2975.50,2975.20,2975.30,28
07-09-2026 14:00,2975.30,2975.70,2975.00,2975.10,23
07-09-2026 14:01,2975.20,2975.70,2975.10,2975.40,22
07-09-2026 14:02,2975.50,2975.70,2975.20,2975.70,22
07-09-2026 14:03,2975.60,2975.70,2974.80,2975.10,22
07-09-2026 14:04,2975.10,2975.70,2975.10,2975.50,23
07-09-2026 14:05,2975.60,2976.10,2975.50,2975.80,20
07-09-2026 14:06,2975.80,2975.80,2975.40,2975.50,13
07-09-2026 14:07,2975.40,2975.40,2975.10,2975.10,6
07-09-2026 14:08,2975.20,2975.60,2975.20,2975.40,14
07-09-2026 14:09,2975.50,2975.50,2975.20,2975.20,12
07-09-2026 14:10,2975.30,2975.30,2974.70,2974.80,15
07-09-2026 14:11,2974.60,2974.80,2974.30,2974.50,7
07-09-2026 14:12,2974.50,2974.70,2974.50,2974.60,8
07-09-2026 14:13,2974.70,2974.80,2974.50,2974.60,12
07-09-2026 14:14,2974.70,2974.80,2974.50,2974.70,10
07-09-2026 14:15,2974.80,2974.80,2974.10,2974.20,14
07-09-2026 14:16,2974.20,2974.50,2974.20,2974.50,11
07-09-2026 14:17,2974.40,2974.40,2973.80,2974.30,15
07-09-2026 14:18,2974.30,2974.80,2974.30,2974.80,8
07-09-2026 14:19,2974.80,2974.80,2974.50,2974.70,12
07-09-2026 14:20,2974.70,2975.00,2974.60,2974.70,16
07-09-2026 14:21,2974.80,2974.80,2974.70,2974.70,6
07-09-2026 14:22,2974.80,2975.30,2974.80,2975.10,11
07-09-2026 14:23,2975.00,2975.30,2975.00,2975.30,6
07-09-2026 14:24,2975.30,2975.50,2975.10,2975.10,12
07-09-2026 14:25,2975.20,2975.60,2975.20,2975.60,8
07-09-2026 14:26,2975.50,2975.50,2975.20,2975.30,11
07-09-2026 14:27,2975.20,2975.20,2975.00,2975.00,5
07-09-2026 14:28,2974.80,2974.90,2974.80,2974.90,6
07-09-2026 14:29,2975.00,2975.20,2974.90,2975.20,15
07-09-2026 14:30,2975.30,2975.30,2975.00,2975.00,14
07-09-2026 14:31,2975.00,2975.20,2975.00,2975.20,9
07-09-2026 14:32,2975.10,2975.10,2974.60,2974.70,8
07-09-2026 14:33,2974.80,2975.00,2974.80,2974.80,7
07-09-2026 14:34,2974.80,2974.90,2974.60,2974.80,9
07-09-2026 14:35,2974.80,2974.80,2974.40,2974.60,14
07-09-2026 14:36,2974.60,2974.80,2974.60,2974.80,9
07-09-2026 14:37,2974.90,2974.90,2974.70,2974.70,5
07-09-2026 14:38,2974.70,2974.80,2974.30,2974.70,14
07-09-2026 14:39,2974.60,2974.70,2974.40,2974.50,6
07-09-2026 14:40,2974.40,2974.60,2974.30,2974.50,16
07-09-2026 14:41,2974.60,2974.60,2974.30,2974.50,10
07-09-2026 14:42,2974.50,2974.50,2973.90,2974.30,13
07-09-2026 14:43,2974.30,2974.30,2974.00,2974.10,9
07-09-2026 14:44,2974.00,2974.30,2974.00,2974.30,8
07-09-2026 14:45,2974.20,2974.40,2974.10,2974.20,12
07-09-2026 14:46,2974.30,2974.30,2974.00,2974.00,14
07-09-2026 14:47,2974.10,2974.10,2973.70,2973.70,15
07-09-2026 14:48,2973.80,2973.80,2973.40,2973.50,10
07-09-2026 14:49,2973.60,2973.80,2973.60,2973.80,7
07-09-2026 14:50,2973.90,2973.90,2973.60,2973.70,14
07-09-2026 14:51,2973.70,2973.70,2973.30,2973.30,10
07-09-2026 14:52,2973.20,2973.50,2973.10,2973.20,9
07-09-2026 14:53,2973.30,2973.40,2972.90,2973.10,15
07-09-2026 14:54,2973.00,2973.20,2973.00,2973.20,9
07-09-2026 14:55,2973.20,2973.50,2973.10,2973.50,10
07-09-2026 14:56,2973.50,2973.60,2973.40,2973.40,6
07-09-2026 14:57,2973.40,2973.60,2973.30,2973.60,11
07-09-2026 14:58,2973.50,2973.70,2973.50,2973.60,8
07-09-2026 14:59,2973.70,2973.80,2973.60,2973.60,4
07-09-2026 15:00,2973.60,2973.60,2973.40,2973.40,9
07-09-2026 15:01,2973.30,2973.70,2973.30,2973.60,10
07-09-2026 15:02,2973.50,2973.60,2973.20,2973.40,18
07-09-2026 15:03,2973.40,2973.50,2973.30,2973.40,9
07-09-2026 15:04,2973.40,2973.60,2973.10,2973.20,11
07-09-2026 15:05,2973.10,2973.10,2972.60,2972.80,9
07-09-2026 15:06,2972.90,2973.60,2972.90,2973.30,18
07-09-2026 15:07,2973.20,2973.30,2973.20,2973.30,6
07-09-2026 15:08,2973.50,2973.80,2973.40,2973.80,16
07-09-2026 15:09,2973.90,2974.10,2973.90,2973.90,5
07-09-2026 15:10,2973.90,2974.60,2973.90,2974.60,12
07-09-2026 15:11,2974.50,2974.80,2974.30,2974.50,12
07-09-2026 15:12,2974.40,2974.70,2974.40,2974.60,7
07-09-2026 15:13,2974.60,2974.60,2974.30,2974.40,11
07-09-2026 15:14,2974.40,2974.60,2974.40,2974.60,3
07-09-2026 15:15,2974.50,2974.60,2974.40,2974.50,5
07-09-2026 15:16,2974.50,2974.60,2974.30,2974.40,11
07-09-2026 15:17,2974.50,2974.60,2974.30,2974.50,14
07-09-2026 15:18,2974.50,2974.70,2974.30,2974.70,5
07-09-2026 15:19,2974.80,2974.80,2974.40,2974.40,12
07-09-2026 15:20,2974.50,2974.80,2974.40,2974.80,12
07-09-2026 15:21,2974.70,2974.80,2974.50,2974.70,6
07-09-2026 15:22,2974.60,2974.60,2974.20,2974.30,7
07-09-2026 15:23,2974.40,2974.50,2974.30,2974.40,10
07-09-2026 15:24,2974.30,2974.50,2974.10,2974.40,15
07-09-2026 15:25,2974.30,2974.40,2974.10,2974.20,7
07-09-2026 15:26,2974.30,2974.30,2974.00,2974.00,14
07-09-2026 15:27,2974.00,2974.20,2973.60,2973.60,9
07-09-2026 15:28,2973.60,2973.90,2973.50,2973.50,11
07-09-2026 15:29,2973.50,2973.60,2973.20,2973.30,16
07-09-2026 15:30,2973.50,2974.10,2973.50,2973.60,16
07-09-2026 15:31,2973.70,2974.30,2973.70,2974.10,12
07-09-2026 15:32,2974.00,2974.10,2973.80,2973.80,8
07-09-2026 15:33,2973.90,2974.00,2973.70,2973.70,11
07-09-2026 15:34,2973.70,2973.70,2973.50,2973.50,6
07-09-2026 15:35,2973.40,2973.70,2973.30,2973.70,21
07-09-2026 15:36,2973.50,2973.50,2972.90,2972.90,8
07-09-2026 15:37,2972.90,2973.10,2972.80,2973.00,16
07-09-2026 15:38,2972.90,2973.10,2972.60,2972.60,14
07-09-2026 15:39,2972.70,2973.20,2972.60,2973.20,7
07-09-2026 15:40,2973.10,2973.30,2973.00,2973.30,13
07-09-2026 15:41,2973.30,2973.40,2973.00,2973.20,16
07-09-2026 15:42,2973.30,2973.50,2973.20,2973.40,10
07-09-2026 15:43,2973.40,2973.40,2973.10,2973.10,5
07-09-2026 15:44,2973.20,2973.40,2972.90,2973.40,9
07-09-2026 15:45,2973.50,2973.50,2973.20,2973.40,12
07-09-2026 15:46,2973.40,2973.50,2973.40,2973.50,4
07-09-2026 15:47,2973.60,2973.60,2973.40,2973.40,13
07-09-2026 15:48,2973.50,2973.50,2973.40,2973.40,2
07-09-2026 15:49,2973.50,2973.50,2973.40,2973.50,5
07-09-2026 15:50,2973.40,2973.50,2973.30,2973.40,7
07-09-2026 15:51,2973.50,2973.60,2973.40,2973.60,6
07-09-2026 15:52,2973.60,2973.60,2973.40,2973.60,12
07-09-2026 15:53,2973.60,2973.80,2973.20,2973.20,18
07-09-2026 15:54,2973.10,2973.40,2973.00,2973.40,8
07-09-2026 15:55,2973.40,2973.40,2972.90,2973.00,18
07-09-2026 15:56,2973.00,2973.10,2973.00,2973.10,4
07-09-2026 15:57,2973.20,2973.20,2973.10,2973.10,4
07-09-2026 15:58,2973.00,2973.00,2972.90,2972.90,2
07-09-2026 15:59,2973.00,2973.00,2972.80,2972.80,5
07-09-2026 16:00,2972.90,2973.20,2972.90,2973.10,7
07-09-2026 16:01,2973.20,2973.30,2973.10,2973.20,4
07-09-2026 16:02,2973.20,2973.20,2973.10,2973.10,4
07-09-2026 16:03,2973.20,2973.20,2972.60,2972.80,11
07-09-2026 16:04,2972.70,2972.90,2972.70,2972.80,6
07-09-2026 16:05,2972.80,2972.80,2972.60,2972.60,7
07-09-2026 16:06,2972.70,2972.70,2972.60,2972.70,7
07-09-2026 16:07,2972.70,2972.70,2972.10,2972.20,11
07-09-2026 16:08,2972.20,2972.20,2971.70,2972.00,13
07-09-2026 16:09,2971.90,2972.00,2971.90,2972.00,4
07-09-2026 16:10,2972.10,2972.30,2972.10,2972.30,3
07-09-2026 16:11,2972.30,2972.50,2972.20,2972.20,10
07-09-2026 16:12,2972.30,2972.30,2972.10,2972.20,9
07-09-2026 16:13,2972.30,2972.40,2972.20,2972.30,7
07-09-2026 16:14,2972.30,2972.40,2972.30,2972.30,5
07-09-2026 16:15,2972.10,2972.30,2972.00,2972.00,13
07-09-2026 16:16,2971.90,2971.90,2971.40,2971.50,12
07-09-2026 16:17,2971.60,2971.70,2971.20,2971.20,7
07-09-2026 16:18,2971.30,2971.30,2970.80,2970.90,6
07-09-2026 16:19,2970.90,2970.90,2970.60,2970.70,13
07-09-2026 16:20,2970.80,2970.80,2970.20,2970.30,10
07-09-2026 16:21,2970.20,2970.30,2970.10,2970.20,11
07-09-2026 16:22,2970.30,2970.30,2970.10,2970.10,8
07-09-2026 16:23,2970.10,2970.50,2970.00,2970.50,14
07-09-2026 16:24,2970.60,2970.60,2969.00,2969.00,49
07-09-2026 16:25,2969.00,2970.00,2968.50,2968.80,86
07-09-2026 16:26,2968.80,2969.30,2968.10,2968.30,73
07-09-2026 16:27,2968.20,2968.50,2968.10,2968.50,32
07-09-2026 16:28,2968.40,2968.90,2968.20,2968.60,35
07-09-2026 16:29,2968.70,2969.00,2968.60,2968.70,20
07-09-2026 16:30,2968.60,2968.70,2968.00,2968.10,40
07-09-2026 16:31,2968.00,2968.30,2967.00,2967.30,53
07-09-2026 16:32,2967.40,2967.60,2966.90,2967.60,35
07-09-2026 16:33,2967.70,2967.90,2967.30,2967.60,29
07-09-2026 16:34,2967.70,2968.20,2967.50,2967.90,32
07-09-2026 16:35,2968.00,2968.60,2967.80,2968.30,30
07-09-2026 16:36,2968.40,2968.50,2967.70,2967.90,18
07-09-2026 16:37,2967.90,2967.90,2967.10,2967.20,22
07-09-2026 16:38,2967.20,2967.40,2966.90,2967.00,23
07-09-2026 16:39,2967.10,2967.10,2966.60,2966.90,31
07-09-2026 16:40,2967.00,2967.10,2966.80,2967.10,22
07-09-2026 16:41,2967.00,2967.60,2967.00,2967.60,16
07-09-2026 16:42,2967.50,2968.20,2967.50,2968.20,22
07-09-2026 16:43,2968.30,2968.60,2968.00,2968.10,17
07-09-2026 16:44,2968.20,2968.30,2967.90,2968.20,25
07-09-2026 16:45,2968.10,2968.30,2967.50,2967.50,21
07-09-2026 16:46,2967.60,2967.80,2967.40,2967.70,22
07-09-2026 16:47,2967.60,2967.80,2967.50,2967.80,15
07-09-2026 16:48,2967.70,2967.80,2967.50,2967.70,11
07-09-2026 16:49,2967.80,2967.80,2967.50,2967.70,13
07-09-2026 16:50,2967.80,2967.90,2966.80,2967.10,25
07-09-2026 16:51,2967.10,2967.10,2966.40,2966.50,17
07-09-2026 16:52,2966.60,2966.60,2965.90,2966.00,25
07-09-2026 16:53,2966.00,2966.00,2965.70,2965.80,18
07-09-2026 16:54,2965.90,2966.20,2965.80,2965.80,22
07-09-2026 16:55,2965.90,2966.10,2965.60,2965.90,21
07-09-2026 16:56,2965.90,2966.10,2965.80,2965.90,14
07-09-2026 16:57,2966.00,2966.30,2966.00,2966.20,11
07-09-2026 16:58,2966.30,2966.50,2966.30,2966.40,6
07-09-2026 16:59,2966.40,2966.80,2966.40,2966.80,9
07-09-2026 17:00,2966.80,2967.40,2966.50,2967.10,24
07-09-2026 17:01,2967.20,2967.50,2967.10,2967.40,26
07-09-2026 17:02,2967.30,2967.30,2967.10,2967.10,8
07-09-2026 17:03,2967.20,2967.30,2966.50,2966.80,27
07-09-2026 17:04,2966.90,2966.90,2966.10,2966.30,18
07-09-2026 17:05,2966.30,2966.50,2966.10,2966.50,20
07-09-2026 17:06,2966.40,2966.40,2966.20,2966.20,17
07-09-2026 17:07,2966.30,2966.60,2966.30,2966.60,12
07-09-2026 17:08,2966.40,2966.90,2966.40,2966.80,9
07-09-2026 17:09,2966.90,2967.50,2966.70,2967.40,14
07-09-2026 17:10,2967.30,2968.10,2967.30,2968.10,21
07-09-2026 17:11,2968.00,2968.10,2967.80,2968.10,11
07-09-2026 17:12,2968.20,2968.20,2967.80,2967.90,9
07-09-2026 17:13,2967.70,2967.70,2967.60,2967.70,15
07-09-2026 17:14,2967.70,2967.80,2967.60,2967.60,5
07-09-2026 17:15,2967.60,2968.10,2967.50,2967.90,17
07-09-2026 17:16,2967.80,2968.40,2967.80,2968.40,23
07-09-2026 17:17,2968.50,2968.50,2968.10,2968.20,15
07-09-2026 17:18,2968.30,2968.30,2968.10,2968.20,10
07-09-2026 17:19,2968.20,2968.50,2968.10,2968.40,7
07-09-2026 17:20,2968.30,2968.40,2968.20,2968.30,13
07-09-2026 17:21,2968.20,2968.40,2968.00,2968.40,12
07-09-2026 17:22,2968.50,2968.60,2968.30,2968.30,7
07-09-2026 17:23,2968.40,2968.80,2968.40,2968.80,17
07-09-2026 17:24,2968.70,2968.80,2968.30,2968.40,17
07-09-2026 17:25,2968.50,2968.70,2968.30,2968.30,13
07-09-2026 17:26,2968.30,2968.60,2968.30,2968.50,7
07-09-2026 17:27,2968.50,2968.50,2968.20,2968.30,9
07-09-2026 17:28,2968.20,2968.30,2968.20,2968.20,5
07-09-2026 17:29,2968.20,2968.30,2967.80,2967.90,12
07-09-2026 17:30,2968.00,2968.50,2968.00,2968.40,10
07-09-2026 17:31,2968.40,2968.50,2968.30,2968.40,9
07-09-2026 17:32,2968.50,2968.50,2968.10,2968.10,12
07-09-2026 17:33,2968.00,2968.10,2967.80,2968.10,11
07-09-2026 17:34,2968.00,2968.20,2967.90,2968.00,8
07-09-2026 17:35,2968.00,2968.40,2968.00,2968.40,9
07-09-2026 17:36,2968.40,2969.80,2968.40,2969.60,18
07-09-2026 17:37,2969.70,2969.80,2969.20,2969.40,23
07-09-2026 17:38,2969.50,2969.50,2969.10,2969.20,10
07-09-2026 17:39,2969.10,2969.40,2969.00,2969.20,22
07-09-2026 17:40,2969.30,2969.30,2968.70,2968.80,16
07-09-2026 17:41,2968.80,2968.90,2968.20,2968.30,18
07-09-2026 17:42,2968.40,2968.60,2968.30,2968.60,11
07-09-2026 17:43,2968.70,2968.70,2968.30,2968.60,13
07-09-2026 17:44,2968.50,2968.50,2968.10,2968.20,13
07-09-2026 17:45,2968.20,2968.40,2968.10,2968.20,15
07-09-2026 17:46,2968.20,2968.60,2968.10,2968.20,12
07-09-2026 17:47,2968.10,2968.40,2967.90,2968.00,15
07-09-2026 17:48,2968.10,2968.30,2968.00,2968.20,7
07-09-2026 17:49,2968.10,2968.20,2968.00,2968.20,9
07-09-2026 17:50,2968.10,2968.20,2967.90,2968.00,11
07-09-2026 17:51,2968.10,2968.10,2967.60,2967.70,8
07-09-2026 17:52,2967.80,2968.00,2967.70,2967.80,20
07-09-2026 17:53,2967.60,2968.80,2967.60,2968.80,14
07-09-2026 17:54,2968.90,2969.40,2968.90,2969.20,17
07-09-2026 17:55,2969.20,2969.20,2968.70,2968.90,22
07-09-2026 17:56,2969.00,2969.10,2968.60,2968.70,23
07-09-2026 17:57,2968.70,2968.70,2968.30,2968.40,9
07-09-2026 17:58,2968.30,2968.90,2968.20,2968.40,15
07-09-2026 17:59,2968.50,2968.60,2968.40,2968.50,9
07-09-2026 18:00,2968.40,2970.00,2968.40,2969.50,31
07-09-2026 18:01,2969.50,2969.70,2969.30,2969.50,22
07-09-2026 18:02,2969.60,2969.90,2969.50,2969.70,7
07-09-2026 18:03,2969.70,2969.90,2969.60,2969.70,17
07-09-2026 18:04,2969.70,2969.70,2969.00,2969.10,20
07-09-2026 18:05,2969.10,2969.20,2968.90,2968.90,10
07-09-2026 18:06,2968.80,2969.10,2968.60,2968.90,22
07-09-2026 18:07,2968.90,2969.70,2968.90,2969.30,22
07-09-2026 18:08,2969.40,2969.50,2969.10,2969.20,15
07-09-2026 18:09,2969.30,2969.30,2968.70,2968.70,11
07-09-2026 18:10,2968.70,2969.30,2968.70,2969.10,11
07-09-2026 18:11,2969.10,2969.20,2968.80,2968.90,9
07-09-2026 18:12,2968.80,2968.80,2968.50,2968.50,20
07-09-2026 18:13,2968.60,2968.60,2968.30,2968.30,8
07-09-2026 18:14,2968.40,2969.10,2968.40,2969.10,14
07-09-2026 18:15,2969.20,2969.80,2969.20,2969.80,14
07-09-2026 18:16,2969.70,2969.80,2969.60,2969.80,5
07-09-2026 18:17,2969.80,2969.90,2969.80,2969.90,2
07-09-2026 18:18,2970.00,2970.00,2969.80,2969.90,8
07-09-2026 18:19,2970.00,2970.30,2970.00,2970.20,6
07-09-2026 18:20,2970.20,2971.30,2970.20,2971.20,13
07-09-2026 18:21,2971.30,2971.40,2971.20,2971.30,13
07-09-2026 18:22,2971.40,2971.50,2971.40,2971.50,4
07-09-2026 18:23,2971.70,2971.90,2971.50,2971.90,14
07-09-2026 18:24,2972.00,2972.90,2972.00,2972.80,17
07-09-2026 18:25,2972.70,2972.70,2971.90,2972.10,18
07-09-2026 18:26,2972.20,2972.30,2971.80,2971.90,18
07-09-2026 18:27,2971.80,2971.80,2971.10,2971.10,7
07-09-2026 18:28,2971.10,2971.40,2970.90,2971.30,15
07-09-2026 18:29,2971.20,2971.90,2971.20,2971.60,24
07-09-2026 18:30,2971.50,2971.70,2970.70,2971.30,37
07-09-2026 18:31,2971.30,2971.40,2971.00,2971.20,20
07-09-2026 18:32,2971.30,2971.60,2971.00,2971.10,20
07-09-2026 18:33,2971.10,2971.10,2970.70,2970.70,13
07-09-2026 18:34,2970.80,2970.80,2970.50,2970.80,13
07-09-2026 18:35,2970.70,2970.70,2970.30,2970.70,16
07-09-2026 18:36,2970.50,2970.60,2970.20,2970.40,15
07-09-2026 18:37,2970.40,2970.40,2969.80,2969.90,13
07-09-2026 18:38,2970.00,2970.40,2969.90,2970.30,10
07-09-2026 18:39,2970.30,2970.60,2970.30,2970.60,4
07-09-2026 18:40,2970.70,2971.10,2970.50,2971.00,10
07-09-2026 18:41,2971.10,2971.40,2971.00,2971.20,12
07-09-2026 18:42,2971.30,2971.90,2971.30,2971.70,13
07-09-2026 18:43,2971.80,2972.30,2971.80,2972.10,8
07-09-2026 18:44,2972.00,2972.00,2971.50,2971.60,9
07-09-2026 18:45,2971.70,2971.70,2970.50,2970.90,14
07-09-2026 18:46,2971.00,2971.00,2970.40,2970.60,15
07-09-2026 18:47,2970.50,2971.20,2970.40,2970.50,25
07-09-2026 18:48,2970.60,2970.70,2970.40,2970.40,11
07-09-2026 18:49,2970.30,2970.40,2969.90,2970.20,13
07-09-2026 18:50,2970.30,2971.30,2970.30,2971.30,18
07-09-2026 18:51,2971.40,2971.80,2971.30,2971.80,13
07-09-2026 18:52,2971.80,2972.00,2971.80,2972.00,7
07-09-2026 18:53,2971.80,2971.80,2971.20,2971.50,12
07-09-2026 18:54,2971.40,2971.60,2971.40,2971.60,8
07-09-2026 18:55,2971.70,2972.00,2971.20,2971.20,15
07-09-2026 18:56,2971.00,2971.40,2971.00,2971.30,9
07-09-2026 18:57,2971.30,2971.40,2971.00,2971.30,12
07-09-2026 18:58,2971.40,2971.50,2971.20,2971.20,8
07-09-2026 18:59,2971.10,2971.20,2970.70,2971.20,17
07-09-2026 19:00,2971.10,2971.20,2969.50,2970.20,44
07-09-2026 19:01,2970.00,2970.80,2969.80,2970.80,15
07-09-2026 19:02,2970.80,2970.80,2969.30,2969.40,24
07-09-2026 19:03,2969.50,2969.70,2969.10,2969.30,15
07-09-2026 19:04,2969.20,2969.30,2968.80,2968.80,22
07-09-2026 19:05,2968.90,2969.80,2968.50,2969.20,57
07-09-2026 19:06,2969.00,2969.00,2968.30,2968.70,13
07-09-2026 19:07,2968.60,2968.70,2967.90,2968.60,24
07-09-2026 19:08,2968.70,2969.30,2968.50,2969.10,19
07-09-2026 19:09,2969.10,2969.10,2968.50,2968.70,12
07-09-2026 19:10,2968.60,2968.90,2968.30,2968.90,20
07-09-2026 19:11,2969.00,2969.20,2968.90,2969.20,16
07-09-2026 19:12,2969.30,2969.60,2969.10,2969.60,19
07-09-2026 19:13,2969.70,2969.80,2969.40,2969.60,16
07-09-2026 19:14,2969.70,2969.70,2968.90,2968.90,15
07-09-2026 19:15,2969.00,2969.50,2968.70,2968.90,39
07-09-2026 19:16,2969.00,2969.70,2969.00,2969.60,13
07-09-2026 19:17,2969.40,2969.60,2969.30,2969.50,13
07-09-2026 19:18,2969.40,2969.40,2969.00,2969.00,9
07-09-2026 19:19,2968.90,2968.90,2968.70,2968.90,10
07-09-2026 19:20,2968.80,2969.10,2968.50,2968.60,20
07-09-2026 19:21,2968.50,2968.70,2968.30,2968.70,13
07-09-2026 19:22,2968.60,2969.30,2968.50,2969.20,15
07-09-2026 19:23,2969.20,2969.20,2968.80,2969.10,10
07-09-2026 19:24,2969.10,2969.40,2969.10,2969.30,16
07-09-2026 19:25,2969.40,2969.40,2968.70,2969.20,20
07-09-2026 19:26,2969.30,2969.60,2969.30,2969.40,6
07-09-2026 19:27,2969.50,2969.70,2969.30,2969.50,12
07-09-2026 19:28,2969.50,2969.80,2969.50,2969.80,10
07-09-2026 19:29,2969.80,2970.20,2969.80,2970.10,12
07-09-2026 19:30,2970.10,2970.90,2969.30,2970.70,39
07-09-2026 19:31,2970.90,2971.20,2969.60,2969.80,53
07-09-2026 19:32,2969.90,2970.40,2969.90,2970.20,20
07-09-2026 19:33,2970.20,2970.30,2970.00,2970.30,13
07-09-2026 19:34,2970.40,2970.70,2970.40,2970.50,21
07-09-2026 19:35,2970.50,2970.70,2970.30,2970.70,12
07-09-2026 19:36,2970.80,2971.30,2970.80,2971.20,11
07-09-2026 19:37,2971.30,2971.40,2971.00,2971.20,21
07-09-2026 19:38,2971.20,2971.50,2971.10,2971.40,8
07-09-2026 19:39,2971.50,2971.70,2971.00,2971.00,11
07-09-2026 19:40,2970.80,2971.10,2970.10,2970.60,21
07-09-2026 19:41,2970.40,2970.60,2970.40,2970.50,6
07-09-2026 19:42,2970.40,2970.60,2970.20,2970.20,13
07-09-2026 19:43,2970.20,2971.00,2970.10,2970.50,19
07-09-2026 19:44,2970.60,2971.10,2970.50,2970.90,18
07-09-2026 19:45,2970.80,2971.40,2970.70,2971.30,11
07-09-2026 19:46,2971.30,2971.70,2971.30,2971.70,15
07-09-2026 19:47,2971.60,2971.60,2971.10,2971.10,13
07-09-2026 19:48,2971.20,2971.20,2970.40,2970.40,19
07-09-2026 19:49,2970.50,2970.70,2970.40,2970.70,11
07-09-2026 19:50,2970.60,2971.10,2970.40,2971.10,14
07-09-2026 19:51,2971.00,2971.00,2970.70,2970.90,16
07-09-2026 19:52,2971.00,2971.20,2970.80,2970.80,13
07-09-2026 19:53,2970.90,2971.10,2970.90,2970.90,9
07-09-2026 19:54,2970.90,2971.10,2970.50,2970.50,12
07-09-2026 19:55,2970.50,2970.80,2970.50,2970.80,11
07-09-2026 19:56,2970.70,2971.10,2970.50,2971.10,12
07-09-2026 19:57,2970.90,2971.00,2970.80,2971.00,8
07-09-2026 19:58,2971.00,2971.10,2970.70,2971.00,10
07-09-2026 19:59,2970.90,2971.10,2970.80,2971.10,11
07-09-2026 20:00,2971.00,2971.10,2970.40,2970.90,19
07-09-2026 20:01,2970.80,2971.10,2970.60,2971.10,18
07-09-2026 20:02,2971.20,2971.30,2970.80,2971.20,18
07-09-2026 20:03,2971.20,2971.30,2971.10,2971.30,12
07-09-2026 20:04,2971.40,2972.00,2971.40,2971.80,20
07-09-2026 20:05,2971.60,2971.80,2971.50,2971.70,11
07-09-2026 20:06,2971.70,2972.50,2971.40,2972.50,23
07-09-2026 20:07,2972.40,2972.60,2972.30,2972.40,14
07-09-2026 20:08,2972.40,2973.00,2972.30,2973.00,19
07-09-2026 20:09,2973.00,2973.20,2972.90,2973.10,13
07-09-2026 20:10,2973.00,2973.00,2972.40,2972.40,19
07-09-2026 20:11,2972.50,2972.60,2972.30,2972.60,14
07-09-2026 20:12,2972.70,2973.20,2972.70,2973.20,9
07-09-2026 20:13,2973.10,2973.40,2973.10,2973.40,4
07-09-2026 20:14,2973.40,2973.50,2973.30,2973.30,10
07-09-2026 20:15,2973.20,2973.40,2972.60,2972.90,13
07-09-2026 20:16,2972.90,2972.90,2972.80,2972.80,6
07-09-2026 20:17,2972.80,2972.80,2972.50,2972.80,10
07-09-2026 20:18,2972.70,2972.90,2972.50,2972.50,7
07-09-2026 20:19,2972.50,2972.50,2972.10,2972.10,10
07-09-2026 20:20,2972.00,2972.00,2971.30,2971.30,9
07-09-2026 20:21,2971.30,2971.40,2970.80,2971.40,21
07-09-2026 20:22,2971.50,2971.60,2971.30,2971.40,9
07-09-2026 20:23,2971.30,2971.50,2971.10,2971.50,8
07-09-2026 20:24,2971.60,2971.80,2971.50,2971.80,7
07-09-2026 20:25,2971.70,2971.70,2971.30,2971.30,12
07-09-2026 20:26,2971.40,2971.40,2970.20,2970.40,24
07-09-2026 20:27,2970.40,2970.50,2970.20,2970.20,18
07-09-2026 20:28,2970.30,2970.40,2969.30,2969.40,17
07-09-2026 20:29,2969.30,2969.50,2968.70,2968.70,18
07-09-2026 20:30,2968.70,2969.80,2968.50,2969.20,36
07-09-2026 20:31,2969.20,2970.20,2969.10,2970.20,29
07-09-2026 20:32,2970.20,2970.30,2969.80,2970.20,10
07-09-2026 20:33,2970.30,2971.30,2970.30,2970.60,20
07-09-2026 20:34,2970.70,2970.80,2970.20,2970.20,18
07-09-2026 20:35,2970.20,2970.30,2969.70,2970.00,29
07-09-2026 20:36,2970.10,2970.20,2969.60,2970.20,19
07-09-2026 20:37,2970.30,2970.60,2970.20,2970.60,12
07-09-2026 20:38,2970.50,2970.50,2969.90,2970.50,15
07-09-2026 20:39,2970.50,2970.90,2970.50,2970.90,9
07-09-2026 20:40,2970.90,2971.20,2970.70,2971.10,18
07-09-2026 20:41,2971.10,2971.10,2970.60,2970.70,15
07-09-2026 20:42,2970.60,2971.10,2970.60,2971.10,12
07-09-2026 20:43,2971.00,2971.40,2971.00,2971.30,11
07-09-2026 20:44,2971.30,2971.30,2971.00,2971.20,14
07-09-2026 20:45,2971.00,2971.10,2970.50,2971.10,20
07-09-2026 20:46,2971.00,2971.20,2970.80,2971.20,11
07-09-2026 20:47,2971.30,2971.30,2970.90,2971.00,8
07-09-2026 20:48,2971.10,2971.40,2970.70,2970.70,16
07-09-2026 20:49,2970.80,2971.10,2970.80,2970.90,13
07-09-2026 20:50,2970.90,2971.20,2970.60,2970.60,15
07-09-2026 20:51,2970.80,2971.10,2970.70,2971.10,10
07-09-2026 20:52,2971.00,2971.00,2970.60,2970.60,7
07-09-2026 20:53,2970.40,2970.40,2969.20,2969.40,18
07-09-2026 20:54,2969.50,2970.00,2969.50,2969.90,21
07-09-2026 20:55,2969.80,2970.00,2969.80,2969.90,10
07-09-2026 20:56,2970.00,2970.00,2969.30,2969.30,16
07-09-2026 20:57,2969.40,2969.40,2968.80,2969.20,15
07-09-2026 20:58,2969.30,2969.80,2969.10,2969.80,10
07-09-2026 20:59,2969.60,2969.80,2969.20,2969.20,22
07-09-2026 21:00,2969.20,2970.10,2969.00,2969.80,23
07-09-2026 21:01,2969.60,2969.70,2969.20,2969.30,18
07-09-2026 21:02,2969.30,2969.30,2968.70,2968.90,10
07-09-2026 21:03,2969.00,2969.00,2968.70,2968.70,14
07-09-2026 21:04,2968.80,2969.30,2968.60,2968.80,24
07-09-2026 21:05,2968.90,2969.30,2968.50,2969.10,16
07-09-2026 21:06,2969.20,2969.70,2969.00,2969.70,13
07-09-2026 21:07,2969.50,2969.60,2969.10,2969.40,12
07-09-2026 21:08,2969.30,2969.30,2969.10,2969.10,6
07-09-2026 21:09,2969.00,2969.10,2968.90,2969.00,9
07-09-2026 21:10,2969.00,2969.10,2968.60,2968.80,9
07-09-2026 21:11,2968.90,2969.20,2968.90,2969.20,18
07-09-2026 21:12,2969.10,2969.40,2969.00,2969.10,9
07-09-2026 21:13,2969.00,2969.40,2969.00,2969.40,15
07-09-2026 21:14,2969.40,2969.60,2969.30,2969.40,9
07-09-2026 21:15,2969.50,2969.50,2968.60,2968.80,11
07-09-2026 21:16,2968.80,2968.90,2968.80,2968.90,6
07-09-2026 21:17,2968.90,2969.00,2968.90,2969.00,8
07-09-2026 21:18,2969.10,2969.20,2968.90,2968.90,11
07-09-2026 21:19,2968.80,2969.00,2968.80,2969.00,3
07-09-2026 21:20,2968.90,2968.90,2968.40,2968.40,7
07-09-2026 21:21,2968.40,2968.40,2968.20,2968.40,7
07-09-2026 21:22,2968.40,2968.50,2968.20,2968.20,7
07-09-2026 21:23,2968.30,2968.30,2968.00,2968.00,4
07-09-2026 21:24,2967.90,2968.30,2967.90,2968.10,11
07-09-2026 21:25,2968.00,2968.70,2968.00,2968.60,16
07-09-2026 21:26,2968.50,2968.80,2968.10,2968.10,12
07-09-2026 21:27,2967.90,2968.00,2967.80,2968.00,12
07-09-2026 21:28,2967.90,2968.00,2967.80,2967.90,7
07-09-2026 21:29,2968.00,2968.40,2968.00,2968.40,9
07-09-2026 21:30,2968.60,2968.80,2968.10,2968.20,18
07-09-2026 21:31,2968.00,2968.20,2968.00,2968.20,9
07-09-2026 21:32,2968.10,2968.30,2968.10,2968.10,7
07-09-2026 21:33,2968.20,2968.30,2967.80,2967.80,10
07-09-2026 21:34,2967.90,2968.10,2967.80,2968.10,8
07-09-2026 21:35,2967.90,2968.00,2967.60,2967.60,16
07-09-2026 21:36,2967.60,2967.60,2967.30,2967.30,10
07-09-2026 21:37,2967.30,2967.30,2966.90,2966.90,7
07-09-2026 21:38,2966.70,2967.80,2966.70,2967.80,7
07-09-2026 21:39,2967.70,2968.20,2967.70,2968.20,5
07-09-2026 21:40,2968.20,2968.50,2968.20,2968.30,11
07-09-2026 21:41,2968.40,2968.40,2968.20,2968.40,9
07-09-2026 21:42,2968.40,2968.60,2968.10,2968.60,11
07-09-2026 21:43,2968.60,2968.70,2968.60,2968.70,8
07-09-2026 21:44,2968.80,2968.90,2968.60,2968.70,10
07-09-2026 21:45,2968.70,2969.10,2968.70,2969.10,11
07-09-2026 21:46,2969.00,2969.10,2968.90,2968.90,4
07-09-2026 21:47,2968.90,2969.00,2968.60,2968.60,5
07-09-2026 21:48,2968.50,2968.70,2968.50,2968.70,7
07-09-2026 21:49,2968.80,2968.80,2968.50,2968.60,6
07-09-2026 21:50,2968.60,2968.70,2968.60,2968.70,2
07-09-2026 21:51,2968.60,2968.90,2968.60,2968.80,4
07-09-2026 21:52,2968.70,2968.80,2968.30,2968.40,7
07-09-2026 21:53,2968.40,2968.50,2968.40,2968.50,4
07-09-2026 21:54,2968.40,2968.40,2967.70,2967.80,11
07-09-2026 21:55,2967.90,2968.10,2967.70,2967.90,11
07-09-2026 21:56,2967.80,2968.00,2967.70,2968.00,8
07-09-2026 21:57,2968.00,2968.10,2967.70,2967.70,7
07-09-2026 21:58,2967.60,2967.80,2967.10,2967.70,17
07-09-2026 21:59,2967.80,2968.00,2967.80,2968.00,3
07-09-2026 22:00,2968.10,2968.30,2968.10,2968.30,4
07-09-2026 22:01,2968.30,2968.40,2968.30,2968.40,2
07-09-2026 22:02,2968.50,2968.70,2968.50,2968.60,6
07-09-2026 22:03,2968.70,2968.70,2968.50,2968.70,4
07-09-2026 22:04,2968.70,2968.70,2968.70,2968.70,1
07-09-2026 22:05,2968.70,2969.20,2968.70,2969.00,10
07-09-2026 22:06,2968.90,2968.90,2968.70,2968.80,4
07-09-2026 22:07,2968.80,2968.90,2968.80,2968.90,2
07-09-2026 22:08,2968.80,2969.20,2968.80,2969.20,11
07-09-2026 22:09,2969.30,2969.30,2969.00,2969.00,4
07-09-2026 22:10,2969.10,2969.10,2968.90,2969.00,6
07-09-2026 22:11,2969.00,2969.00,2968.90,2969.00,3
07-09-2026 22:12,2969.10,2969.10,2969.00,2969.10,3
07-09-2026 22:13,2969.00,2969.30,2969.00,2969.30,9
07-09-2026 22:14,2969.20,2969.20,2969.00,2969.10,5
07-09-2026 22:15,2969.00,2969.40,2969.00,2969.30,11
07-09-2026 22:16,2969.30,2969.30,2969.10,2969.10,13
07-09-2026 22:17,2969.00,2969.10,2968.90,2969.10,6
07-09-2026 22:18,2969.00,2969.30,2969.00,2969.20,9
07-09-2026 22:19,2969.20,2969.20,2969.00,2969.10,8
07-09-2026 22:20,2969.20,2969.20,2969.20,2969.20,1
07-09-2026 22:21,2969.20,2969.40,2969.20,2969.30,3
07-09-2026 22:22,2969.40,2969.40,2969.30,2969.40,3
07-09-2026 22:23,2969.30,2969.30,2969.00,2969.10,7
07-09-2026 22:24,2969.10,2969.10,2968.90,2968.90,5
07-09-2026 22:25,2968.90,2969.30,2968.90,2969.10,19
07-09-2026 22:26,2969.20,2969.30,2969.00,2969.00,10
07-09-2026 22:27,2969.10,2969.20,2969.00,2969.20,4
07-09-2026 22:28,2969.00,2969.00,2968.80,2968.90,10
07-09-2026 22:29,2968.80,2969.00,2968.20,2968.40,17
